{
	"texture": "skybox:overworld/001-100_sky/sky015_sun_glare.png",
	"vertex": [
		{ "x": "-100", "y": " 100", "z": "-100", "uv_x": "0.3333333333", "uv_y": "0.5" },
		{ "x": "-100", "y": " 100", "z": " 100", "uv_x": "0", "uv_y": "0.5" },
		{ "x": "-100", "y": "-100", "z": " 100", "uv_x": "0", "uv_y": "1" },
		{ "x": "-100", "y": "-100", "z": "-100", "uv_x": "0.3333333333", "uv_y": "1" },
		
		{ "x": "-100", "y": " 100", "z": " 100", "uv_x": "1", "uv_y": "0" },
		{ "x": " 100", "y": " 100", "z": " 100", "uv_x": "0.6666666666", "uv_y": "0" },
		{ "x": " 100", "y": "-100", "z": " 100", "uv_x": "0.6666666666", "uv_y": "0.5" },
		{ "x": "-100", "y": "-100", "z": " 100", "uv_x": "1", "uv_y": "0.5" },
		
		{ "x": " 100", "y": " 100", "z": " 100", "uv_x": "1", "uv_y": "0.5" },
		{ "x": " 100", "y": " 100", "z": "-100", "uv_x": "0.6666666666", "uv_y": "0.5" },
		{ "x": " 100", "y": "-100", "z": "-100", "uv_x": "0.6666666666", "uv_y": "1" },
		{ "x": " 100", "y": "-100", "z": " 100", "uv_x": "1", "uv_y": "1" },
		
		{ "x": " 100", "y": " 100", "z": "-100", "uv_x": "0.6666666666", "uv_y": "0.5" },
		{ "x": "-100", "y": " 100", "z": "-100", "uv_x": "0.3333333333", "uv_y": "0.5" },
		{ "x": "-100", "y": "-100", "z": "-100", "uv_x": "0.3333333333", "uv_y": "1" },
		{ "x": " 100", "y": "-100", "z": "-100", "uv_x": "0.6666666666", "uv_y": "1" },
		
		{ "x": " 100", "y": " 100", "z": " 100", "uv_x": "0.6666666666", "uv_y": "0" },
		{ "x": "-100", "y": " 100", "z": " 100", "uv_x": "0.3333333333", "uv_y": "0" },
		{ "x": "-100", "y": " 100", "z": "-100", "uv_x": "0.3333333333", "uv_y": "0.5" },
		{ "x": " 100", "y": " 100", "z": "-100", "uv_x": "0.6666666666", "uv_y": "0.5" },
		
		{ "x": " 100", "y": "-100", "z": "-100", "uv_x": "0.3333333333", "uv_y": "0" },
		{ "x": "-100", "y": "-100", "z": "-100", "uv_x": "0", "uv_y": "0" },
		{ "x": "-100", "y": "-100", "z": " 100", "uv_x": "0", "uv_y": "0.5" },
		{ "x": " 100", "y": "-100", "z": " 100", "uv_x": "0.3333333333", "uv_y": "0.5" }
	],
	"rotation": {
		"degrees_x": "single_rotation",
		"degrees_y": "0",
		"degrees_z": "0",
		"base_degrees_x": "-90",
		"base_degrees_y": "0",
		"base_degrees_z": "-90"
	},
	"properties": {
		"is_solid": false,
		"blend": true,
		"alpha": "(1-submerged) * (1-rainAlpha) * low_altitude * (ifElse((dayTime > 0) & (dayTime < 1001), 0.001 * (dayTime), (ifElse((dayTime > 1000) & (dayTime < 11001), 1, (ifElse((dayTime > 11000) & (dayTime < 12000), -0.001 * (dayTime - 12000), 0))))))"
	}
}