{
	"texture": "skybox:overworld/001-100_sky/sky002_day_sky.png",
	"vertex": [
		{ "x": "-100", "y": " 100", "z": "-100", "uv_x": "0.3333333333", "uv_y": "0.5" },
		{ "x": "-100", "y": " 100", "z": " 100", "uv_x": "0", "uv_y": "0.5" },
		{ "x": "-100", "y": "-100", "z": " 100", "uv_x": "0", "uv_y": "1" },
		{ "x": "-100", "y": "-100", "z": "-100", "uv_x": "0.3333333333", "uv_y": "1" },
		
		{ "x": "-100", "y": " 100", "z": " 100", "uv_x": "1", "uv_y": "0" },
		{ "x": " 100", "y": " 100", "z": " 100", "uv_x": "0.6666666666", "uv_y": "0" },
		{ "x": " 100", "y": "-100", "z": " 100", "uv_x": "0.6666666666", "uv_y": "0.5" },
		{ "x": "-100", "y": "-100", "z": " 100", "uv_x": "1", "uv_y": "0.5" },
		
		{ "x": " 100", "y": " 100", "z": " 100", "uv_x": "1", "uv_y": "0.5" },
		{ "x": " 100", "y": " 100", "z": "-100", "uv_x": "0.6666666666", "uv_y": "0.5" },
		{ "x": " 100", "y": "-100", "z": "-100", "uv_x": "0.6666666666", "uv_y": "1" },
		{ "x": " 100", "y": "-100", "z": " 100", "uv_x": "1", "uv_y": "1" },
		
		{ "x": " 100", "y": " 100", "z": "-100", "uv_x": "0.6666666666", "uv_y": "0.5" },
		{ "x": "-100", "y": " 100", "z": "-100", "uv_x": "0.3333333333", "uv_y": "0.5" },
		{ "x": "-100", "y": "-100", "z": "-100", "uv_x": "0.3333333333", "uv_y": "1" },
		{ "x": " 100", "y": "-100", "z": "-100", "uv_x": "0.6666666666", "uv_y": "1" },
		
		{ "x": " 100", "y": " 100", "z": " 100", "uv_x": "0.6666666666", "uv_y": "0" },
		{ "x": "-100", "y": " 100", "z": " 100", "uv_x": "0.3333333333", "uv_y": "0" },
		{ "x": "-100", "y": " 100", "z": "-100", "uv_x": "0.3333333333", "uv_y": "0.5" },
		{ "x": " 100", "y": " 100", "z": "-100", "uv_x": "0.6666666666", "uv_y": "0.5" },
		
		{ "x": " 100", "y": "-100", "z": "-100", "uv_x": "0.3333333333", "uv_y": "0" },
		{ "x": "-100", "y": "-100", "z": "-100", "uv_x": "0", "uv_y": "0" },
		{ "x": "-100", "y": "-100", "z": " 100", "uv_x": "0", "uv_y": "0.5" },
		{ "x": " 100", "y": "-100", "z": " 100", "uv_x": "0.3333333333", "uv_y": "0.5" }
	],
	"rotation": {
		"degrees_x": "0",
		"degrees_y": "cloud_rotation",
		"degrees_z": "0",
		"base_degrees_x": "0",
		"base_degrees_y": "0",
		"base_degrees_z": "0"
	},
	"properties": {
		"blend": true,
		"is_solid": true,
		"alpha": "(1-submerged) * low_altitude * day_fade"
	}
}