{
	"schemaVersion": 1,
	"type": "square-textured",
	"texture": "skybox:overworld/101-300_clouds/sky258_sunset_glow_high.png",
	"blend": {"type" : "screen"},
	"properties": {
		"visibleUnderwater": false,
		"layer": 258,
		"fade": {
			"duration": 24000,
			"keyFrames": {
				"10500": 0.0,
				"11500": 1.0,
				"12500": 1.0,
				"13500": 0.0
				}
			},
		"rotation": {
			"speed": 0.0,
			"mapping": {"0": [0.0, 0.0, 0.0]},
			"axis": {"0": [0.0, 0.0, 0.0]}
			},
		"transitionInDuration": 200,
		"transitionOutDuration": 200
		},
	"conditions": {
		"worlds": {"entries": ["minecraft:overworld"]},
		"weather": {"entries": ["clear", "rain", "thunder", "rain_biome", "rain_thunder", "snow", "snow_thunder"]},
		"yRanges": {"entries": [{"min": 255.0, "max": 319.0}]}
		}
}
