{
	"credit": "Made with Blockbench",
	"parent": "block/block",
	"textures": {
		"0": "block/respawn_anchor_side2",
		"2": "block/respawn_anchor_bottom",
		"3": "block/respawn_anchor_top",
		"4": "block/nether_portal",
		"particle": "block/respawn_anchor_side2"
	},
	"elements": [
		{
			"from": [0, 15.9, 0],
			"to": [16, 15.9, 16],
			"rotation": {"angle": 0, "axis": "y", "origin": [0, 16, 0]},
			"faces": {
				"north": {"uv": [0, 0, 16, 16], "texture": "#missing", "cullface": "north"},
				"east": {"uv": [0, 0, 16, 16], "texture": "#missing", "cullface": "east"},
				"south": {"uv": [0, 0, 16, 16], "texture": "#missing", "cullface": "south"},
				"west": {"uv": [0, 0, 16, 16], "texture": "#missing", "cullface": "west"},
				"up": {"uv": [0, 0, 16, 16], "texture": "#4", "cullface": "up", "tintindex": 0},
				"down": {"uv": [0, 0, 16, 16], "texture": "#missing", "cullface": "down"}
			}
		},
		{
			"name": "overlay",
			"from": [0, 0, 0],
			"to": [16, 16, 16],
			"faces": {
				"north": {"uv": [0, 0, 16, 16], "texture": "#0", "cullface": "north", "tintindex": 0},
				"east": {"uv": [0, 0, 16, 16], "texture": "#0", "cullface": "east", "tintindex": 0},
				"south": {"uv": [0, 0, 16, 16], "texture": "#0", "cullface": "south", "tintindex": 0},
				"west": {"uv": [0, 0, 16, 16], "texture": "#0", "cullface": "west", "tintindex": 0},
				"up": {"uv": [0, 0, 16, 16], "texture": "#3", "tintindex": 0},
				"down": {"uv": [0, 0, 16, 16], "texture": "#2"}
			}
		}
	]
}