{
	"schemaVersion": 2,
	"type": "single-sprite-square-textured",
	"texture": "skybox:overworld/001-100_sky/sky015_sun_glare.png",
	"blend": {"type" : "add"},
	"properties": {
		"priority": 15,
		"fade": {
			"startFadeIn": 0,
			"endFadeIn": 1000,
			"startFadeOut": 11000,
			"endFadeOut": 12000
			},
		"rotation": {
			"rotationSpeedY": 1.0,
			"static": [0.0, 0.0, -90.0],
			"axis": [90.0, 0.0, 0.0]
			},
		"transitionInDuration": 200,
		"transitionOutDuration": 200
		},
	"conditions": {
		"worlds": ["minecraft:overworld"],
		"weather": ["clear"],
		"yRanges": [{"min": 0.0, "max": 255.0}]
		},
	"decorations": {
		"showSun": false,
		"showMoon": false,
		"showStars": false
		}
}
