{
	"schemaVersion": 2,
	"type": "monocolor",
	"color": {"red": 0.8823529411764706, "green": 0.8823529411764706, "blue": 0.8823529411764706},
	"blend": {"type" : "multiply"},
	"properties": {
		"priority": 3,
		"fade": {"alwaysOn": true},
		"rotation": {
			"rotationSpeedY": 0.0,
			"static": [0.0, 0.0, 0.0],
			"axis": [0.0, 0.0, 0.0]
			},
		"transitionInDuration": 200,
		"transitionOutDuration": 200
		},
	"conditions": {
		"worlds": ["minecraft:overworld"],
		"weather": ["rain", "snow"],
		"yRanges": [{"min": -128.0, "max": 255.0}]
		},
	"decorations": {
		"showSun": false,
		"showMoon": false,
		"showStars": false
		}
}
