{
	"schemaVersion": 2,
	"type": "single-sprite-square-textured",
	"texture": "skybox:overworld/001-100_sky/sky002_day_sky.png",
	"blend": {"type" : "alpha"},
	"properties": {
		"priority": 2,
		"fade": {
			"startFadeIn": 500,
			"endFadeIn": 1500,
			"startFadeOut": 10500,
			"endFadeOut": 11500
			},
		"rotation": {
			"rotationSpeedY": -0.866,
			"static": [0.0, 0.0, 0.0],
			"axis": [0.0, 0.0, 0.0]
			},
		"transitionInDuration": 200,
		"transitionOutDuration": 200
		},
	"conditions": {
		"worlds": ["minecraft:overworld"],
		"weather": ["clear", "rain", "thunder", "snow"],
		"yRanges": [{"min": -128.0, "max": 255.0}]
		},
	"decorations": {
		"showSun": false,
		"showMoon": false,
		"showStars": false
		}
}
