{
	"schemaVersion": 2,
	"type": "single-sprite-square-textured",
	"texture": "skybox:overworld/001-100_sky/sky005_stars_o.png",
	"blend": {"type" : "alpha"},
	"properties": {
		"priority": 5,
		"fade": {"alwaysOn": true},
		"rotation": {
			"rotationSpeedY": 1.0,
			"static": [0.0, 0.0, 0.0],
			"axis": [-63.48, 0.0, 0.0],
			"timeShift": [0, 18000, 0]
			},
		"transitionInDuration": 200,
		"transitionOutDuration": 200
		},
	"conditions": {
		"worlds": ["minecraft:overworld"],
		"weather": ["clear", "rain", "thunder", "snow"],
		"yRanges": [{"min": 255.0, "max": 10000.0}]
		},
	"decorations": {
		"showSun": false,
		"showMoon": false,
		"showStars": false
		}
}
