{
	"schemaVersion": 2,
	"type": "single-sprite-square-textured",
	"texture": "skybox:overworld/001-100_sky/sky009_moon_glare.png",
	"blend": {"type" : "add"},
	"properties": {
		"priority": 9,
		"fade": {
			"startFadeIn": 12500,
			"endFadeIn": 13500,
			"startFadeOut": 22500,
			"endFadeOut": 23500
			},
		"rotation": {
			"rotationSpeedY": 1.0,
			"static": [0.0, 0.0, -90.0],
			"axis": [90.0, 0.0, 0.0]
			},
		"transitionInDuration": 200,
		"transitionOutDuration": 200
		},
	"conditions": {
		"worlds": ["minecraft:overworld"],
		"weather": ["clear"],
		"yRanges": [{"min": 0.0, "max": 255.0}],
		"loop": {
			"days": 8.0,
			"ranges": [{"min": 0, "max": 4}, {"min": 5, "max": 8}]
			}
		},
	"decorations": {
		"showSun": false,
		"showMoon": false,
		"showStars": false
		}
}
