{
	"schemaVersion": 2,
	"type": "monocolor",
	"color": {"red": 0.5372549019607843, "green": 0.5372549019607843, "blue": 0.5372549019607843},
	"blend": {"type" : "multiply"},
	"properties": {
		"priority": 4,
		"fade": {"alwaysOn": true},
		"rotation": {
			"rotationSpeedY": 0.0,
			"static": [0.0, 0.0, 0.0],
			"axis": [0.0, 0.0, 0.0]
			},
		"transitionInDuration": 200,
		"transitionOutDuration": 200
		},
	"conditions": {
		"worlds": ["minecraft:overworld"],
		"weather": ["thunder"],
		"yRanges": [{"min": -128.0, "max": 255.0}]
		},
	"decorations": {
		"showSun": false,
		"showMoon": false,
		"showStars": false
		}
}
