{
	"schemaVersion": 2,
	"type": "monocolor",
	"color": {"red": 0.0, "green": 0.0, "blue": 0.0, "alpha": 0.0},
	"blend": {"type" : "add"},
	"properties": {
		"priority": 7,
		"fade": {"alwaysOn": true},
		"transitionInDuration": 200,
		"transitionOutDuration": 200
		},
	"conditions": {
		"worlds": ["minecraft:overworld"],
		"weather": ["clear"],
		"yRanges": [{"min": 255.0, "max": 10000.0}]
		},
	"decorations": {
		"sun": "skybox:overworld/001-100_sky/sky007_moon_mask.png",
		"blend": {"type" : "alpha"},
		"showSun": true,
		"showMoon": false,
		"showStars": false,
		"rotation": {
			"rotationSpeedY": 1.0,
			"static": [0.0, 0.0, 90.0],
			"axis": [90.0, 0.0, 0.0]
			}
		}
}
