{
	"schemaVersion": 2,
	"type": "single-sprite-square-textured",
	"texture": "skybox:overworld/101-300_clouds/sky260_mountains_high_rain.png",
	"blend": {"type" : "multiply"},
	"properties": {
		"priority": 260,
		"fade": {"alwaysOn": true},
		"rotation": {
			"rotationSpeedY": 0.0,
			"static": [0.0, 0.0, 0.0],
			"axis": [0.0, 0.0, 0.0]
			},
		"transitionInDuration": 200,
		"transitionOutDuration": 200,
		"changeFog": false,
		"fogColors": {"alpha": 1.0, "red": 0.0607843137254902, "green": 0.0631372549019608, "blue": 0.0690196078431373}
		},
	"conditions": {
		"worlds": ["minecraft:overworld"],
		"weather": ["rain", "snow"],
		"yRanges": [{"min": 255.0, "max": 319.0}]
		},
	"decorations": {
		"showSun": false,
		"showMoon": false,
		"showStars": false
		}
}
