{
	"schemaVersion": 2,
	"type": "single-sprite-square-textured",
	"texture": "skybox:overworld/101-300_clouds/sky258_sunset_glow_high.png",
	"blend": {"type" : "screen"},
	"properties": {
		"priority": 258,
		"fade": {
			"startFadeIn": 10500,
			"endFadeIn": 11500,
			"startFadeOut": 12500,
			"endFadeOut": 13500
			},
		"rotation": {
			"rotationSpeedY": 0.0,
			"static": [0.0, 0.0, 0.0],
			"axis": [0.0, 0.0, 0.0]
			},
		"transitionInDuration": 200,
		"transitionOutDuration": 200
		},
	"conditions": {
		"worlds": ["minecraft:overworld"],
		"weather": ["clear", "rain", "thunder", "snow"],
		"yRanges": [{"min": 255.0, "max": 319.0}]
		},
	"decorations": {
		"showSun": false,
		"showMoon": false,
		"showStars": false
		}
}
