{
	"credit": "Made with Blockbench",
	"ambientocclusion": false,
	"textures": {
		"particle": "block/activator_rail",
		"rail": "block/activator_rail"
	},
	"elements": [
		{
			"name": "cross1",
			"from": [4, 0, 5],
			"to": [12, 0.75, 7],
			"faces": {
				"north": {"uv": [4, 5, 12, 6], "rotation": 180, "texture": "#rail"},
				"south": {"uv": [4, 6, 12, 7], "texture": "#rail"},
				"up": {"uv": [4, 5, 12, 7], "texture": "#rail"},
				"down": {"uv": [12, 5, 4, 7], "rotation": 180, "texture": "#rail", "cullface": "down"}
			}
		},
		{
			"name": "cross2",
			"from": [4, 0, 1],
			"to": [12, 0.75, 3],
			"faces": {
				"north": {"uv": [4, 1, 12, 2], "rotation": 180, "texture": "#rail"},
				"south": {"uv": [4, 2, 12, 3], "texture": "#rail"},
				"up": {"uv": [4, 1, 12, 3], "texture": "#rail"},
				"down": {"uv": [12, 1, 4, 3], "rotation": 180, "texture": "#rail", "cullface": "down"}
			}
		},
		{
			"name": "cross3",
			"from": [4, 0, 13],
			"to": [12, 0.75, 15],
			"faces": {
				"north": {"uv": [4, 13, 12, 14], "rotation": 180, "texture": "#rail"},
				"south": {"uv": [4, 14, 12, 15], "texture": "#rail"},
				"up": {"uv": [4, 13, 12, 15], "texture": "#rail"},
				"down": {"uv": [12, 13, 4, 15], "rotation": 180, "texture": "#rail", "cullface": "down"}
			}
		},
		{
			"name": "cross4",
			"from": [4, 0, 9],
			"to": [12, 0.75, 11],
			"faces": {
				"north": {"uv": [4, 9, 12, 10], "rotation": 180, "texture": "#rail"},
				"south": {"uv": [4, 10, 12, 11], "texture": "#rail"},
				"up": {"uv": [4, 9, 12, 11], "texture": "#rail"},
				"down": {"uv": [12, 9, 4, 11], "rotation": 180, "texture": "#rail", "cullface": "down"}
			}
		},
		{
			"name": "Rail1",
			"from": [2, 0, 0],
			"to": [4, 1, 16],
			"faces": {
				"north": {"uv": [4, 0, 2, 1], "texture": "#rail", "cullface": "north"},
				"east": {"uv": [3, 0, 4, 16], "rotation": 90, "texture": "#rail"},
				"south": {"uv": [2, 14, 4, 15], "texture": "#rail", "cullface": "south"},
				"west": {"uv": [2, 0, 3, 16], "rotation": 90, "texture": "#rail"},
				"up": {"uv": [2, 0, 4, 16], "texture": "#rail"},
				"down": {"uv": [2, 0, 4, 16], "texture": "#rail", "cullface": "down"}
			}
		},
		{
			"name": "Rail2",
			"from": [12, 0, 0],
			"to": [14, 1, 16],
			"faces": {
				"north": {"uv": [14, 0, 12, 1], "texture": "#rail", "cullface": "north"},
				"east": {"uv": [13, 0, 14, 16], "rotation": 270, "texture": "#rail"},
				"south": {"uv": [12, 14, 14, 15], "texture": "#rail", "cullface": "south"},
				"west": {"uv": [12, 0, 13, 16], "rotation": 270, "texture": "#rail"},
				"up": {"uv": [12, 0, 14, 16], "texture": "#rail"},
				"down": {"uv": [12, 0, 14, 16], "texture": "#rail", "cullface": "down"}
			}
		},
		{
			"name": "RS Rail",
			"from": [7, 0.001, 3],
			"to": [9, 0.501, 13],
			"faces": {
				"east": {"uv": [8, 3, 9, 13], "rotation": 90, "texture": "#rail"},
				"west": {"uv": [7, 3, 8, 13], "rotation": 270, "texture": "#rail"},
				"up": {"uv": [7, 3, 9, 13], "texture": "#rail"},
				"down": {"uv": [9, 3, 7, 13], "rotation": 180, "texture": "#rail", "cullface": "down"}
			}
		},
		{
			"name": "1",
			"from": [1, 0, 1],
			"to": [2, 0.75, 3],
			"rotation": {"angle": 0, "axis": "y", "origin": [8, 0.375, 8]},
			"faces": {
				"north": {"uv": [1, 1, 2, 2], "texture": "#rail"},
				"south": {"uv": [1, 2, 2, 3], "texture": "#rail"},
				"west": {"uv": [1, 1, 2, 3], "rotation": 270, "texture": "#rail"},
				"up": {"uv": [1, 1, 2, 3], "texture": "#rail"},
				"down": {"uv": [1, 1, 2, 3], "rotation": 180, "texture": "#rail", "cullface": "down"}
			}
		},
		{
			"name": "2",
			"from": [14, 0, 1],
			"to": [15, 0.75, 3],
			"rotation": {"angle": 0, "axis": "y", "origin": [8, 0.375, 8]},
			"faces": {
				"north": {"uv": [14, 1, 15, 2], "texture": "#rail"},
				"east": {"uv": [14, 1, 15, 3], "rotation": 90, "texture": "#rail"},
				"south": {"uv": [14, 2, 15, 3], "texture": "#rail"},
				"up": {"uv": [14, 1, 15, 3], "texture": "#rail"},
				"down": {"uv": [14, 1, 15, 3], "rotation": 180, "texture": "#rail", "cullface": "down"}
			}
		},
		{
			"name": "3",
			"from": [1, 0, 5],
			"to": [2, 0.75, 7],
			"rotation": {"angle": 0, "axis": "y", "origin": [8, 0.375, 8]},
			"faces": {
				"north": {"uv": [1, 5, 2, 6], "texture": "#rail"},
				"south": {"uv": [1, 6, 2, 7], "texture": "#rail"},
				"west": {"uv": [1, 5, 2, 7], "rotation": 270, "texture": "#rail"},
				"up": {"uv": [1, 5, 2, 7], "texture": "#rail"},
				"down": {"uv": [1, 5, 2, 7], "rotation": 180, "texture": "#rail", "cullface": "down"}
			}
		},
		{
			"name": "4",
			"from": [14, 0, 5],
			"to": [15, 0.75, 7],
			"rotation": {"angle": 0, "axis": "y", "origin": [8, 0.375, 8]},
			"faces": {
				"north": {"uv": [14, 5, 15, 6], "texture": "#rail"},
				"east": {"uv": [14, 5, 15, 7], "rotation": 90, "texture": "#rail"},
				"south": {"uv": [14, 6, 15, 7], "texture": "#rail"},
				"up": {"uv": [14, 1, 15, 3], "texture": "#rail"},
				"down": {"uv": [14, 5, 15, 7], "rotation": 180, "texture": "#rail", "cullface": "down"}
			}
		},
		{
			"name": "5",
			"from": [1, 0, 9],
			"to": [2, 0.75, 11],
			"rotation": {"angle": 0, "axis": "y", "origin": [8, 0.375, 8]},
			"faces": {
				"north": {"uv": [1, 9, 2, 10], "texture": "#rail"},
				"south": {"uv": [1, 10, 2, 11], "texture": "#rail"},
				"west": {"uv": [1, 9, 2, 11], "rotation": 270, "texture": "#rail"},
				"up": {"uv": [1, 9, 2, 11], "texture": "#rail"},
				"down": {"uv": [1, 9, 2, 11], "rotation": 180, "texture": "#rail", "cullface": "down"}
			}
		},
		{
			"name": "6",
			"from": [14, 0, 9],
			"to": [15, 0.75, 11],
			"rotation": {"angle": 0, "axis": "y", "origin": [8, 0.375, 8]},
			"faces": {
				"north": {"uv": [14, 9, 15, 10], "texture": "#rail"},
				"east": {"uv": [14, 9, 15, 11], "rotation": 90, "texture": "#rail"},
				"south": {"uv": [14, 10, 15, 11], "texture": "#rail"},
				"up": {"uv": [14, 9, 15, 11], "texture": "#rail"},
				"down": {"uv": [14, 9, 15, 11], "rotation": 180, "texture": "#rail", "cullface": "down"}
			}
		},
		{
			"name": "7",
			"from": [1, 0, 13],
			"to": [2, 0.75, 15],
			"rotation": {"angle": 0, "axis": "y", "origin": [8, 0.375, 8]},
			"faces": {
				"north": {"uv": [1, 13, 2, 14], "texture": "#rail"},
				"south": {"uv": [1, 14, 2, 15], "texture": "#rail"},
				"west": {"uv": [1, 13, 2, 15], "rotation": 270, "texture": "#rail"},
				"up": {"uv": [1, 13, 2, 15], "texture": "#rail"},
				"down": {"uv": [1, 13, 2, 15], "rotation": 180, "texture": "#rail", "cullface": "down"}
			}
		},
		{
			"name": "8",
			"from": [14, 0, 13],
			"to": [15, 0.75, 15],
			"rotation": {"angle": 0, "axis": "y", "origin": [8, 0.375, 8]},
			"faces": {
				"north": {"uv": [14, 13, 15, 14], "texture": "#rail"},
				"east": {"uv": [14, 13, 15, 15], "rotation": 90, "texture": "#rail"},
				"south": {"uv": [14, 14, 15, 15], "texture": "#rail"},
				"up": {"uv": [14, 13, 15, 15], "texture": "#rail"},
				"down": {"uv": [14, 13, 15, 15], "rotation": 180, "texture": "#rail", "cullface": "down"}
			}
		}
	],
	"groups": [
		{
			"name": "CrossBeams",
			"origin": [0, 0, 0],
			"color": 0,
			"children": [0, 1, 2, 3]
		},
		{
			"name": "MainRails",
			"origin": [0, 0, 0],
			"color": 0,
			"children": [4, 5, 6]
		},
		{
			"name": "Sticks",
			"origin": [8, 0.375, 8],
			"color": 0,
			"children": [7, 8, 9, 10, 11, 12, 13, 14]
		}
	]
}