{
	"credit": "Made with Blockbench",
	"ambientocclusion": false,
	"textures": {
		"particle": "block/activator_rail",
		"rail": "block/activator_rail"
	},
	"elements": [
		{
			"name": "1",
			"from": [4, 0, 1],
			"to": [12, 0.75, 3],
			"rotation": {"angle": 45, "axis": "x", "origin": [0, 1, 16], "rescale": true},
			"faces": {
				"north": {"uv": [4, 1, 12, 2], "rotation": 180, "texture": "#rail"},
				"south": {"uv": [4, 2, 12, 3], "texture": "#rail"},
				"up": {"uv": [4, 1, 12, 3], "texture": "#rail"},
				"down": {"uv": [12, 1, 4, 3], "rotation": 180, "texture": "#rail"}
			}
		},
		{
			"name": "2",
			"from": [4, 0, 5],
			"to": [12, 0.75, 7],
			"rotation": {"angle": 45, "axis": "x", "origin": [0, 1, 16], "rescale": true},
			"faces": {
				"north": {"uv": [4, 5, 12, 6], "rotation": 180, "texture": "#rail"},
				"south": {"uv": [4, 6, 12, 7], "texture": "#rail"},
				"up": {"uv": [4, 5, 12, 7], "texture": "#rail"},
				"down": {"uv": [12, 5, 4, 7], "rotation": 180, "texture": "#rail"}
			}
		},
		{
			"name": "3",
			"from": [4, 0, 9],
			"to": [12, 0.75, 11],
			"rotation": {"angle": 45, "axis": "x", "origin": [0, 1, 16], "rescale": true},
			"faces": {
				"north": {"uv": [4, 9, 12, 10], "rotation": 180, "texture": "#rail"},
				"south": {"uv": [4, 10, 12, 11], "texture": "#rail"},
				"up": {"uv": [4, 9, 12, 11], "texture": "#rail"},
				"down": {"uv": [12, 9, 4, 11], "rotation": 180, "texture": "#rail"}
			}
		},
		{
			"name": "4",
			"from": [4, 0, 13],
			"to": [12, 0.75, 15],
			"rotation": {"angle": 45, "axis": "x", "origin": [0, 1, 16], "rescale": true},
			"faces": {
				"north": {"uv": [4, 13, 12, 14], "rotation": 180, "texture": "#rail"},
				"south": {"uv": [4, 14, 12, 15], "texture": "#rail"},
				"up": {"uv": [4, 13, 12, 15], "texture": "#rail"},
				"down": {"uv": [12, 13, 4, 15], "rotation": 180, "texture": "#rail"}
			}
		},
		{
			"name": "1",
			"from": [2, 0, 0],
			"to": [4, 1, 16],
			"rotation": {"angle": 45, "axis": "x", "origin": [0, 1, 16], "rescale": true},
			"faces": {
				"north": {"uv": [4, 0, 2, 1], "texture": "#rail"},
				"east": {"uv": [3, 0, 4, 16], "rotation": 90, "texture": "#rail"},
				"south": {"uv": [2, 14, 4, 15], "texture": "#rail"},
				"west": {"uv": [2, 0, 3, 16], "rotation": 90, "texture": "#rail"},
				"up": {"uv": [2, 0, 4, 16], "texture": "#rail"},
				"down": {"uv": [2, 0, 4, 16], "texture": "#rail"}
			}
		},
		{
			"name": "2",
			"from": [12, 0, 0],
			"to": [14, 1, 16],
			"rotation": {"angle": 45, "axis": "x", "origin": [0, 1, 16], "rescale": true},
			"faces": {
				"north": {"uv": [14, 0, 12, 1], "texture": "#rail"},
				"east": {"uv": [13, 0, 14, 16], "rotation": 270, "texture": "#rail"},
				"south": {"uv": [12, 14, 14, 15], "texture": "#rail"},
				"west": {"uv": [12, 0, 13, 16], "rotation": 270, "texture": "#rail"},
				"up": {"uv": [12, 0, 14, 16], "texture": "#rail"},
				"down": {"uv": [12, 0, 14, 16], "texture": "#rail"}
			}
		},
		{
			"name": "RS Rail",
			"from": [7, 0.1, 3],
			"to": [9, 0.6, 13],
			"rotation": {"angle": 45, "axis": "x", "origin": [0, 1, 16], "rescale": true},
			"faces": {
				"east": {"uv": [8, 3, 8.5, 13], "rotation": 90, "texture": "#rail"},
				"west": {"uv": [7, 3, 7.5, 13], "rotation": 270, "texture": "#rail"},
				"up": {"uv": [7, 3, 9, 13], "texture": "#rail"},
				"down": {"uv": [9, 3, 7, 13], "rotation": 180, "texture": "#rail"}
			}
		},
		{
			"name": "1",
			"from": [1, 0, 1],
			"to": [2, 0.75, 3],
			"rotation": {"angle": 45, "axis": "x", "origin": [0, 1, 16], "rescale": true},
			"faces": {
				"north": {"uv": [1, 1, 2, 1.75], "texture": "#rail"},
				"south": {"uv": [1, 2, 2, 2.75], "texture": "#rail"},
				"west": {"uv": [1, 1, 1.75, 3], "rotation": 270, "texture": "#rail"},
				"up": {"uv": [1, 1, 2, 3], "texture": "#rail"},
				"down": {"uv": [1, 1, 2, 3], "rotation": 180, "texture": "#rail"}
			}
		},
		{
			"name": "2",
			"from": [14, 0, 1],
			"to": [15, 0.75, 3],
			"rotation": {"angle": 45, "axis": "x", "origin": [0, 1, 16], "rescale": true},
			"faces": {
				"north": {"uv": [14, 1, 15, 1.75], "texture": "#rail"},
				"east": {"uv": [14, 1, 14.75, 3], "rotation": 90, "texture": "#rail"},
				"south": {"uv": [14, 2, 15, 2.75], "texture": "#rail"},
				"up": {"uv": [14, 1, 15, 3], "texture": "#rail"},
				"down": {"uv": [14, 1, 15, 3], "rotation": 180, "texture": "#rail"}
			}
		},
		{
			"name": "3",
			"from": [1, 0, 5],
			"to": [2, 0.75, 7],
			"rotation": {"angle": 45, "axis": "x", "origin": [0, 1, 16], "rescale": true},
			"faces": {
				"north": {"uv": [1, 5, 2, 5.75], "texture": "#rail"},
				"south": {"uv": [1, 6, 2, 6.75], "texture": "#rail"},
				"west": {"uv": [1, 5, 1.75, 7], "rotation": 270, "texture": "#rail"},
				"up": {"uv": [1, 5, 2, 7], "texture": "#rail"},
				"down": {"uv": [1, 5, 2, 7], "rotation": 180, "texture": "#rail"}
			}
		},
		{
			"name": "4",
			"from": [14, 0, 5],
			"to": [15, 0.75, 7],
			"rotation": {"angle": 45, "axis": "x", "origin": [0, 1, 16], "rescale": true},
			"faces": {
				"north": {"uv": [14, 5, 15, 5.75], "texture": "#rail"},
				"east": {"uv": [14, 5, 14.75, 7], "rotation": 90, "texture": "#rail"},
				"south": {"uv": [14, 6, 15, 6.75], "texture": "#rail"},
				"up": {"uv": [14, 1, 15, 3], "texture": "#rail"},
				"down": {"uv": [14, 5, 15, 7], "rotation": 180, "texture": "#rail"}
			}
		},
		{
			"name": "5",
			"from": [1, 0, 9],
			"to": [2, 0.75, 11],
			"rotation": {"angle": 45, "axis": "x", "origin": [0, 1, 16], "rescale": true},
			"faces": {
				"north": {"uv": [1, 9, 2, 9.75], "texture": "#rail"},
				"south": {"uv": [1, 10, 2, 10.75], "texture": "#rail"},
				"west": {"uv": [1, 9, 1.75, 11], "rotation": 270, "texture": "#rail"},
				"up": {"uv": [1, 9, 2, 11], "texture": "#rail"},
				"down": {"uv": [1, 9, 2, 11], "rotation": 180, "texture": "#rail"}
			}
		},
		{
			"name": "6",
			"from": [14, 0, 9],
			"to": [15, 0.75, 11],
			"rotation": {"angle": 45, "axis": "x", "origin": [0, 1, 16], "rescale": true},
			"faces": {
				"north": {"uv": [14, 9, 15, 9.75], "texture": "#rail"},
				"east": {"uv": [14, 9, 14.75, 11], "rotation": 90, "texture": "#rail"},
				"south": {"uv": [14, 10, 15, 10.75], "texture": "#rail"},
				"up": {"uv": [14, 9, 15, 11], "texture": "#rail"},
				"down": {"uv": [14, 9, 15, 11], "rotation": 180, "texture": "#rail"}
			}
		},
		{
			"name": "7",
			"from": [1, 0, 13],
			"to": [2, 0.75, 15],
			"rotation": {"angle": 45, "axis": "x", "origin": [0, 1, 16], "rescale": true},
			"faces": {
				"north": {"uv": [1, 13, 2, 13.75], "texture": "#rail"},
				"south": {"uv": [1, 14, 2, 14.75], "texture": "#rail"},
				"west": {"uv": [1, 13, 1.75, 15], "rotation": 270, "texture": "#rail"},
				"up": {"uv": [1, 13, 2, 15], "texture": "#rail"},
				"down": {"uv": [1, 13, 2, 15], "rotation": 180, "texture": "#rail"}
			}
		},
		{
			"name": "8",
			"from": [14, 0, 13],
			"to": [15, 0.75, 15],
			"rotation": {"angle": 45, "axis": "x", "origin": [0, 1, 16], "rescale": true},
			"faces": {
				"north": {"uv": [14, 13, 15, 13.75], "texture": "#rail"},
				"east": {"uv": [14, 13, 14.75, 15], "rotation": 90, "texture": "#rail"},
				"south": {"uv": [14, 14, 15, 14.75], "texture": "#rail"},
				"up": {"uv": [14, 13, 15, 15], "texture": "#rail"},
				"down": {"uv": [14, 13, 15, 15], "rotation": 180, "texture": "#rail"}
			}
		}
	],
	"groups": [
		{
			"name": "CrossBeams",
			"origin": [0, 1, 16],
			"color": 0,
			"children": [0, 1, 2, 3]
		},
		{
			"name": "Rails",
			"origin": [0, 1, 16],
			"color": 0,
			"children": [4, 5, 6]
		},
		{
			"name": "Sticks",
			"origin": [0, 1, 16],
			"color": 0,
			"children": [7, 8, 9, 10, 11, 12, 13, 14]
		}
	]
}