{
	"credit": "Made with Blockbench",
	"textures": {
		"0": "block/allium_f1",
		"2": "block/allium_f3",
		"3": "block/allium_f4",
		"4": "block/allium_f5",
		"particle": "block/allium_f1"
	},
	"elements": [
		{
			"from": [-0.5, 0, 9.5],
			"to": [2.5, 9, 9.5],
			"shade": false,
			"rotation": {"angle": 22.5, "axis": "y", "origin": [4, 4.5, 2.5]},
			"faces": {
				"north": {"uv": [0, 7, 3, 16], "texture": "#0"},
				"east": {"uv": [0, 15, 0, 23], "texture": "#0"},
				"south": {"uv": [0, 7, 3, 16], "texture": "#0"},
				"west": {"uv": [0, 0, 0, 8], "texture": "#0"},
				"up": {"uv": [0, 0, 1, 1], "rotation": 90, "texture": "#0"},
				"down": {"uv": [0, 0, 1, 1], "rotation": 270, "texture": "#0"}
			}
		},
		{
			"from": [1, 0, 8],
			"to": [1, 9, 11],
			"shade": false,
			"rotation": {"angle": 22.5, "axis": "y", "origin": [4, 4.5, 2.5]},
			"faces": {
				"north": {"uv": [0, 15, 0, 23], "texture": "#0"},
				"east": {"uv": [0, 7, 3, 16], "texture": "#0"},
				"south": {"uv": [0, 0, 0, 8], "texture": "#0"},
				"west": {"uv": [0, 7, 3, 16], "texture": "#0"},
				"up": {"uv": [0, 0, 1, 1], "texture": "#0"},
				"down": {"uv": [0, 0, 1, 1], "texture": "#0"}
			}
		},
		{
			"from": [7.5, 0, 13.5],
			"to": [10.5, 9, 13.5],
			"shade": false,
			"rotation": {"angle": 22.5, "axis": "y", "origin": [4, 4.5, 2.5]},
			"faces": {
				"north": {"uv": [0, 7, 3, 16], "texture": "#0"},
				"east": {"uv": [0, 15, 0, 23], "texture": "#0"},
				"south": {"uv": [0, 7, 3, 16], "texture": "#0"},
				"west": {"uv": [0, 0, 0, 8], "texture": "#0"},
				"up": {"uv": [0, 0, 1, 1], "rotation": 90, "texture": "#0"},
				"down": {"uv": [0, 0, 1, 1], "rotation": 270, "texture": "#0"}
			}
		},
		{
			"from": [9, 0, 12],
			"to": [9, 9, 15],
			"shade": false,
			"rotation": {"angle": 22.5, "axis": "y", "origin": [4, 4.5, 2.5]},
			"faces": {
				"north": {"uv": [0, 15, 0, 23], "texture": "#0"},
				"east": {"uv": [0, 7, 3, 16], "texture": "#0"},
				"south": {"uv": [0, 0, 0, 8], "texture": "#0"},
				"west": {"uv": [0, 7, 3, 16], "texture": "#0"},
				"up": {"uv": [0, 0, 1, 1], "texture": "#0"},
				"down": {"uv": [0, 0, 1, 1], "texture": "#0"}
			}
		},
		{
			"from": [3, 0, 2],
			"to": [3, 7, 5],
			"shade": false,
			"rotation": {"angle": 22.5, "axis": "y", "origin": [4, 4.5, 2.5]},
			"faces": {
				"north": {"uv": [0, 15, 0, 22], "texture": "#0"},
				"east": {"uv": [0, 7, 3, 16], "texture": "#0"},
				"south": {"uv": [0, 0, 0, 7], "texture": "#0"},
				"west": {"uv": [0, 7, 3, 16], "texture": "#0"},
				"up": {"uv": [0, 0, 1, 1], "texture": "#0"},
				"down": {"uv": [0, 0, 1, 1], "texture": "#0"}
			}
		},
		{
			"from": [1.5, 0, 3.5],
			"to": [4.5, 7, 3.5],
			"shade": false,
			"rotation": {"angle": 22.5, "axis": "y", "origin": [4, 4.5, 2.5]},
			"faces": {
				"north": {"uv": [0, 7, 3, 14], "texture": "#0"},
				"east": {"uv": [0, 15, 0, 23], "texture": "#0"},
				"south": {"uv": [0, 7, 3, 14], "texture": "#0"},
				"west": {"uv": [0, 0, 0, 8], "texture": "#0"},
				"up": {"uv": [0, 0, 1, 1], "rotation": 90, "texture": "#0"},
				"down": {"uv": [0, 0, 1, 1], "rotation": 270, "texture": "#0"}
			}
		},
		{
			"from": [5, 0, -1],
			"to": [5, 14, 4],
			"shade": false,
			"rotation": {"angle": -22.5, "axis": "y", "origin": [3, 7, 9.5]},
			"faces": {
				"north": {"uv": [0, 0, 0, 14], "texture": "#2"},
				"east": {"uv": [6, 2, 11, 16], "texture": "#2"},
				"south": {"uv": [0, 0, 0, 14], "texture": "#2"},
				"west": {"uv": [6, 2, 11, 16], "texture": "#2"},
				"up": {"uv": [0, 0, 0, 5], "texture": "#2"},
				"down": {"uv": [0, 0, 0, 5], "texture": "#2"}
			}
		},
		{
			"from": [2.5, 0, 1.5],
			"to": [7.5, 14, 1.5],
			"shade": false,
			"rotation": {"angle": -22.5, "axis": "y", "origin": [3, 7, 9.5]},
			"faces": {
				"north": {"uv": [6, 2, 11, 16], "texture": "#2"},
				"east": {"uv": [0, 0, 0, 14], "texture": "#2"},
				"south": {"uv": [6, 2, 11, 16], "texture": "#2"},
				"west": {"uv": [0, 0, 0, 14], "texture": "#2"},
				"up": {"uv": [0, 0, 0, 5], "rotation": 270, "texture": "#2"},
				"down": {"uv": [0, 0, 0, 5], "rotation": 90, "texture": "#2"}
			}
		},
		{
			"from": [6.5, 0, 13.5],
			"to": [11.5, 12, 13.5],
			"shade": false,
			"rotation": {"angle": -22.5, "axis": "y", "origin": [10, 6, 11.5]},
			"faces": {
				"north": {"uv": [10, 4, 15, 16], "texture": "#3"},
				"east": {"uv": [0, 0, 0, 12], "texture": "#3"},
				"south": {"uv": [10, 4, 15, 16], "texture": "#3"},
				"west": {"uv": [0, 0, 0, 12], "texture": "#3"},
				"up": {"uv": [0, 0, 0, 5], "rotation": 270, "texture": "#3"},
				"down": {"uv": [0, 0, 0, 5], "rotation": 90, "texture": "#3"}
			}
		},
		{
			"from": [9, 0, 11],
			"to": [9, 12, 16],
			"shade": false,
			"rotation": {"angle": -22.5, "axis": "y", "origin": [10, 6, 11.5]},
			"faces": {
				"north": {"uv": [0, 0, 0, 12], "texture": "#3"},
				"east": {"uv": [10, 4, 15, 16], "texture": "#3"},
				"south": {"uv": [0, 0, 0, 12], "texture": "#3"},
				"west": {"uv": [10, 4, 15, 16], "texture": "#3"},
				"up": {"uv": [0, 0, 0, 5], "texture": "#3"},
				"down": {"uv": [0, 0, 0, 5], "texture": "#3"}
			}
		},
		{
			"from": [6, 0, 8],
			"to": [9, 7, 8],
			"shade": false,
			"rotation": {"angle": 45, "axis": "y", "origin": [7.5, 3.5, 8]},
			"faces": {
				"north": {"uv": [13, 9, 16, 16], "texture": "#4"},
				"east": {"uv": [0, 0, 0, 7], "texture": "#4"},
				"south": {"uv": [13, 9, 16, 16], "texture": "#4"},
				"west": {"uv": [0, 0, 0, 7], "texture": "#4"},
				"up": {"uv": [0, 0, 3, 0], "texture": "#4"},
				"down": {"uv": [0, 0, 3, 0], "texture": "#4"}
			}
		},
		{
			"from": [6, 0, 8],
			"to": [9, 7, 8],
			"shade": false,
			"rotation": {"angle": -45, "axis": "y", "origin": [7.5, 3.5, 8]},
			"faces": {
				"north": {"uv": [13, 9, 16, 16], "texture": "#4"},
				"east": {"uv": [0, 0, 0, 7], "texture": "#4"},
				"south": {"uv": [13, 9, 16, 16], "texture": "#4"},
				"west": {"uv": [0, 0, 0, 7], "texture": "#4"},
				"up": {"uv": [0, 0, 3, 0], "texture": "#4"},
				"down": {"uv": [0, 0, 3, 0], "texture": "#4"}
			}
		},
		{
			"from": [7.5, 0, 5.5],
			"to": [12.5, 12, 5.5],
			"shade": false,
			"rotation": {"angle": -22.5, "axis": "y", "origin": [10, 6, 11.5]},
			"faces": {
				"north": {"uv": [10, 4, 15, 16], "texture": "#3"},
				"east": {"uv": [0, 0, 0, 12], "texture": "#3"},
				"south": {"uv": [10, 4, 15, 16], "texture": "#3"},
				"west": {"uv": [0, 0, 0, 12], "texture": "#3"},
				"up": {"uv": [0, 0, 0, 5], "rotation": 270, "texture": "#3"},
				"down": {"uv": [0, 0, 0, 5], "rotation": 90, "texture": "#3"}
			}
		},
		{
			"from": [10, 0, 3],
			"to": [10, 12, 8],
			"shade": false,
			"rotation": {"angle": -22.5, "axis": "y", "origin": [10, 6, 11.5]},
			"faces": {
				"north": {"uv": [0, 0, 0, 12], "texture": "#3"},
				"east": {"uv": [10, 4, 15, 16], "texture": "#3"},
				"south": {"uv": [0, 0, 0, 12], "texture": "#3"},
				"west": {"uv": [10, 4, 15, 16], "texture": "#3"},
				"up": {"uv": [0, 0, 0, 5], "texture": "#3"},
				"down": {"uv": [0, 0, 0, 5], "texture": "#3"}
			}
		}
	],
	"groups": [
		{
			"name": "group",
			"origin": [4, 4.5, 2.5],
			"color": 0,
			"children": [0, 1, 2, 3, 4, 5]
		},
		{
			"name": "group",
			"origin": [3, 7, 9.5],
			"color": 0,
			"children": [6, 7]
		},
		{
			"name": "group",
			"origin": [0, 0, 0],
			"color": 0,
			"children": [8, 9]
		},
		{
			"name": "group",
			"origin": [6.5, 3.5, 8],
			"color": 0,
			"children": [10, 11]
		},
		{
			"name": "group",
			"origin": [0, 0, 0],
			"color": 0,
			"children": [12, 13]
		}
	]
}