{
	"credit": "Made with Blockbench",
	"parent": "block/block",
	"ambientocclusion": false,
	"textures": {
		"particle": "block/azalea_plant",
		"plant": "block/azalea_plant",
		"top": "block/azalea_top",
		"side": "block/azalea_side"
	},
	"elements": [
		{
			"from": [1, 16, 1],
			"to": [15, 16, 15],
			"faces": {
				"up": {"uv": [1, 1, 15, 15], "texture": "#top"},
				"down": {"uv": [1, 15, 15, 1], "texture": "#top"}
			}
		},
		{
			"from": [1, 5, 1],
			"to": [15, 16, 1.01],
			"faces": {
				"north": {"uv": [0, 0, 14, 11], "texture": "#side"},
				"south": {"uv": [14, 0, 0, 11], "texture": "#side"}
			}
		},
		{
			"from": [1, 5, 14.99],
			"to": [15, 16, 15],
			"faces": {
				"north": {"uv": [14, 0, 0, 11], "texture": "#side"},
				"south": {"uv": [0, 0, 14, 11], "texture": "#side"}
			}
		},
		{
			"from": [1, 5, 1],
			"to": [1.01, 16, 15],
			"faces": {
				"east": {"uv": [14, 0, 0, 11], "texture": "#side"},
				"west": {"uv": [0, 0, 14, 11], "texture": "#side"}
			}
		},
		{
			"from": [14.99, 5, 1],
			"to": [15, 16, 15],
			"faces": {
				"east": {"uv": [0, 0, 14, 11], "texture": "#side"},
				"west": {"uv": [14, 0, 0, 11], "texture": "#side"}
			}
		},
		{
			"from": [7, 0, 7],
			"to": [9, 15, 9],
			"faces": {
				"north": {"uv": [7, 1, 9, 16], "texture": "#plant"},
				"east": {"uv": [7, 1, 9, 16], "texture": "#plant"},
				"south": {"uv": [7, 1, 9, 16], "texture": "#plant"},
				"west": {"uv": [7, 1, 9, 16], "texture": "#plant"},
				"up": {"uv": [8, 2, 10, 4], "texture": "#plant"},
				"down": {"uv": [7, 13, 9, 15], "texture": "#plant"}
			}
		}
	],
	"display": {
		"thirdperson_righthand": {
			"rotation": [75, 45, 0],
			"translation": [0, 2.5, 0],
			"scale": [0.375, 0.375, 0.375]
		},
		"thirdperson_lefthand": {
			"rotation": [75, 45, 0],
			"translation": [0, 2.5, 0],
			"scale": [0.375, 0.375, 0.375]
		},
		"firstperson_righthand": {
			"rotation": [0, 45, 0],
			"scale": [0.4, 0.4, 0.4]
		},
		"firstperson_lefthand": {
			"rotation": [0, 225, 0],
			"scale": [0.4, 0.4, 0.4]
		},
		"ground": {
			"translation": [0, 3, 0],
			"scale": [0.25, 0.25, 0.25]
		},
		"gui": {
			"rotation": [30, 225, 0],
			"scale": [0.625, 0.625, 0.625]
		},
		"fixed": {
			"scale": [0.5, 0.5, 0.5]
		}
	}
}