{
	"credit": "Made with Blockbench",
	"parent": "block/block",
	"ambientocclusion": false,
	"textures": {
		"0": "block/azalea_plant",
		"1": "block/azalea_side",
		"2": "block/azalea_top",
		"particle": "block/azalea_plant"
	},
	"elements": [
		{
			"from": [7.5, 0, 6.5],
			"to": [9.5, 9, 8.5],
			"rotation": {"angle": 0, "axis": "y", "origin": [8.5, 9.75, 8]},
			"faces": {
				"north": {"uv": [7, 7, 9, 16], "texture": "#0"},
				"east": {"uv": [7, 7, 9, 16], "texture": "#0"},
				"south": {"uv": [7, 7, 9, 16], "texture": "#0"},
				"west": {"uv": [7, 7, 9, 16], "texture": "#0"},
				"up": {"uv": [7, 8, 9, 10], "rotation": 90, "texture": "#0"},
				"down": {"uv": [7, 11, 9, 13], "rotation": 270, "texture": "#0", "cullface": "down"}
			}
		},
		{
			"from": [5.5, 5, 0.5],
			"to": [15.5, 15, 0.5],
			"rotation": {"angle": 0, "axis": "y", "origin": [8.5, 9.75, 8]},
			"faces": {
				"north": {"uv": [0, 1, 10, 11], "texture": "#1"},
				"east": {"uv": [0, 0, 0, 10], "texture": "#1"},
				"south": {"uv": [0, 1, 10, 11], "texture": "#1"},
				"west": {"uv": [0, 0, 0, 10], "texture": "#1"},
				"up": {"uv": [0, 0, 0, 10], "rotation": 90, "texture": "#1"},
				"down": {"uv": [0, 0, 0, 10], "rotation": 270, "texture": "#1"}
			}
		},
		{
			"from": [5.5, 5, 0.5],
			"to": [5.5, 15, 10.5],
			"rotation": {"angle": 0, "axis": "y", "origin": [8.5, 9.75, 8]},
			"faces": {
				"north": {"uv": [0, 0, 0, 10], "texture": "#1"},
				"east": {"uv": [6, 1, 16, 11], "texture": "#1"},
				"south": {"uv": [0, 0, 0, 10], "texture": "#1"},
				"west": {"uv": [6, 1, 16, 11], "texture": "#1"},
				"up": {"uv": [0, 0, 10, 0], "rotation": 90, "texture": "#1"},
				"down": {"uv": [0, 0, 10, 0], "rotation": 270, "texture": "#1"}
			}
		},
		{
			"from": [5.5, 5, 10.5],
			"to": [15.5, 15, 10.5],
			"rotation": {"angle": 0, "axis": "y", "origin": [8.5, 9.75, 8]},
			"faces": {
				"north": {"uv": [6, 0, 16, 10], "texture": "#1"},
				"east": {"uv": [0, 0, 0, 10], "texture": "#1"},
				"south": {"uv": [6, 0, 16, 10], "texture": "#1"},
				"west": {"uv": [0, 0, 0, 10], "texture": "#1"},
				"up": {"uv": [0, 0, 0, 10], "rotation": 90, "texture": "#1"},
				"down": {"uv": [0, 0, 0, 10], "rotation": 270, "texture": "#1"}
			}
		},
		{
			"from": [15.5, 5, 0.5],
			"to": [15.5, 15, 10.5],
			"rotation": {"angle": 0, "axis": "y", "origin": [8.5, 9.75, 8]},
			"faces": {
				"north": {"uv": [0, 0, 0, 10], "texture": "#1"},
				"east": {"uv": [6, 1, 16, 11], "texture": "#1"},
				"south": {"uv": [0, 0, 0, 10], "texture": "#1"},
				"west": {"uv": [5, 1, 15, 11], "texture": "#1"},
				"up": {"uv": [0, 0, 10, 0], "rotation": 90, "texture": "#1"},
				"down": {"uv": [0, 0, 10, 0], "rotation": 270, "texture": "#1"}
			}
		},
		{
			"from": [5.5, 15, 0.5],
			"to": [15.5, 15, 10.5],
			"rotation": {"angle": 0, "axis": "y", "origin": [8.5, 9.75, 8]},
			"faces": {
				"north": {"uv": [0, 0, 10, 0], "texture": "#2"},
				"east": {"uv": [0, 0, 10, 0], "texture": "#2"},
				"south": {"uv": [0, 0, 10, 0], "texture": "#2"},
				"west": {"uv": [0, 0, 10, 0], "texture": "#2"},
				"up": {"uv": [3, 2, 13, 12], "rotation": 90, "texture": "#2"},
				"down": {"uv": [3, 3, 13, 13], "rotation": 270, "texture": "#2"}
			}
		},
		{
			"from": [1.5, 4, 12.5],
			"to": [11.5, 10, 12.5],
			"rotation": {"angle": 0, "axis": "y", "origin": [8.5, 9.75, 8]},
			"faces": {
				"north": {"uv": [1, 5, 11, 11], "texture": "#1"},
				"east": {"uv": [0, 0, 0, 6], "texture": "#1"},
				"south": {"uv": [5, 4, 15, 10], "texture": "#1"},
				"west": {"uv": [0, 0, 0, 6], "texture": "#1"},
				"up": {"uv": [0, 0, 0, 10], "rotation": 90, "texture": "#1"},
				"down": {"uv": [0, 0, 0, 10], "rotation": 270, "texture": "#1"}
			}
		},
		{
			"from": [1.5, 4, 2.5],
			"to": [11.5, 10, 2.5],
			"rotation": {"angle": 0, "axis": "y", "origin": [8.5, 9.75, 8]},
			"faces": {
				"north": {"uv": [6, 4, 16, 10], "texture": "#1"},
				"east": {"uv": [0, 0, 0, 6], "texture": "#1"},
				"south": {"uv": [4, 4, 14, 10], "texture": "#1"},
				"west": {"uv": [0, 0, 0, 6], "texture": "#1"},
				"up": {"uv": [0, 0, 0, 10], "rotation": 90, "texture": "#1"},
				"down": {"uv": [0, 0, 0, 10], "rotation": 270, "texture": "#1"}
			}
		},
		{
			"from": [11.5, 4, 2.5],
			"to": [11.5, 10, 12.5],
			"rotation": {"angle": 0, "axis": "y", "origin": [8.5, 9.75, 8]},
			"faces": {
				"north": {"uv": [0, 0, 0, 6], "texture": "#1"},
				"east": {"uv": [6, 4, 16, 10], "texture": "#1"},
				"south": {"uv": [0, 0, 0, 6], "texture": "#1"},
				"west": {"uv": [4, 4, 14, 10], "texture": "#1"},
				"up": {"uv": [0, 0, 10, 0], "rotation": 90, "texture": "#1"},
				"down": {"uv": [0, 0, 10, 0], "rotation": 270, "texture": "#1"}
			}
		},
		{
			"from": [1.5, 10, 2.5],
			"to": [11.5, 10, 12.5],
			"rotation": {"angle": 0, "axis": "y", "origin": [8.5, 9.75, 8]},
			"faces": {
				"north": {"uv": [0, 0, 10, 0], "texture": "#2"},
				"east": {"uv": [0, 0, 10, 0], "texture": "#2"},
				"south": {"uv": [0, 0, 10, 0], "texture": "#2"},
				"west": {"uv": [0, 0, 10, 0], "texture": "#2"},
				"up": {"uv": [3, 6, 13, 16], "rotation": 90, "texture": "#2"},
				"down": {"uv": [3, 6, 13, 16], "rotation": 270, "texture": "#2"}
			}
		},
		{
			"from": [1.5, 4, 2.5],
			"to": [1.5, 10, 12.5],
			"rotation": {"angle": 0, "axis": "y", "origin": [8.5, 9.75, 8]},
			"faces": {
				"north": {"uv": [0, 0, 0, 6], "texture": "#1"},
				"east": {"uv": [6, 4, 16, 10], "texture": "#1"},
				"south": {"uv": [0, 0, 0, 6], "texture": "#1"},
				"west": {"uv": [1, 5, 11, 11], "texture": "#1"},
				"up": {"uv": [0, 0, 10, 0], "rotation": 90, "texture": "#1"},
				"down": {"uv": [0, 0, 10, 0], "rotation": 270, "texture": "#1"}
			}
		},
		{
			"from": [14.5, 7, 7.5],
			"to": [14.5, 11, 15.5],
			"rotation": {"angle": 0, "axis": "y", "origin": [8.5, 9.75, 8]},
			"faces": {
				"north": {"uv": [0, 0, 0, 4], "texture": "#1"},
				"east": {"uv": [5, 6, 13, 10], "texture": "#1"},
				"south": {"uv": [0, 0, 0, 4], "texture": "#1"},
				"west": {"uv": [8, 6, 16, 10], "texture": "#1"},
				"up": {"uv": [0, 0, 8, 0], "rotation": 90, "texture": "#1"},
				"down": {"uv": [0, 0, 8, 0], "rotation": 270, "texture": "#1"}
			}
		},
		{
			"from": [6.5, 7, 15.5],
			"to": [14.5, 11, 15.5],
			"rotation": {"angle": 0, "axis": "y", "origin": [8.5, 9.75, 8]},
			"faces": {
				"north": {"uv": [8, 6, 16, 10], "texture": "#1"},
				"east": {"uv": [0, 0, 0, 4], "texture": "#1"},
				"south": {"uv": [8, 6, 16, 10], "texture": "#1"},
				"west": {"uv": [0, 0, 0, 4], "texture": "#1"},
				"up": {"uv": [0, 0, 0, 8], "rotation": 90, "texture": "#1"},
				"down": {"uv": [0, 0, 0, 8], "rotation": 270, "texture": "#1"}
			}
		},
		{
			"from": [6.5, 11, 7.5],
			"to": [14.5, 11, 15.5],
			"rotation": {"angle": 0, "axis": "y", "origin": [8.5, 9.75, 8]},
			"faces": {
				"north": {"uv": [0, 0, 8, 0], "texture": "#2"},
				"east": {"uv": [0, 0, 8, 0], "texture": "#2"},
				"south": {"uv": [0, 0, 8, 0], "texture": "#2"},
				"west": {"uv": [0, 0, 8, 0], "texture": "#2"},
				"up": {"uv": [8, 3, 16, 11], "rotation": 90, "texture": "#2"},
				"down": {"uv": [4, 4, 12, 12], "rotation": 270, "texture": "#2"}
			}
		},
		{
			"from": [6.5, 7, 7.5],
			"to": [6.5, 11, 15.5],
			"rotation": {"angle": 0, "axis": "y", "origin": [8.5, 9.75, 8]},
			"faces": {
				"north": {"uv": [0, 0, 0, 4], "texture": "#1"},
				"east": {"uv": [6, 6, 14, 10], "texture": "#1"},
				"south": {"uv": [0, 0, 0, 4], "texture": "#1"},
				"west": {"uv": [7, 6, 15, 10], "texture": "#1"},
				"up": {"uv": [0, 0, 8, 0], "rotation": 90, "texture": "#1"},
				"down": {"uv": [0, 0, 8, 0], "rotation": 270, "texture": "#1"}
			}
		}
	],
	"display": {
		"thirdperson_righthand": {
			"rotation": [75, 45, 0],
			"translation": [0, 2.5, 0],
			"scale": [0.375, 0.375, 0.375]
		},
		"thirdperson_lefthand": {
			"rotation": [75, 45, 0],
			"translation": [0, 2.5, 0],
			"scale": [0.375, 0.375, 0.375]
		},
		"firstperson_righthand": {
			"rotation": [0, 45, 0],
			"scale": [0.4, 0.4, 0.4]
		},
		"firstperson_lefthand": {
			"rotation": [0, 225, 0],
			"scale": [0.4, 0.4, 0.4]
		},
		"ground": {
			"translation": [0, 3, 0],
			"scale": [0.25, 0.25, 0.25]
		},
		"gui": {
			"rotation": [30, 225, 0],
			"scale": [0.625, 0.625, 0.625]
		},
		"fixed": {
			"scale": [0.5, 0.5, 0.5]
		}
	},
	"groups": [
		0,
		{
			"name": "group",
			"origin": [8, 8, 8],
			"color": 0,
			"children": [1, 2, 3, 4, 5]
		},
		{
			"name": "group",
			"origin": [8, 8, 8],
			"color": 0,
			"children": [6, 7, 8, 9, 10]
		},
		{
			"name": "group",
			"origin": [8, 8, 8],
			"color": 0,
			"children": [11, 12, 13, 14]
		}
	]
}