{
	"credit": "Made with Blockbench",
	"ambientocclusion": false,
	"textures": {
		"0": "block/azalea_plant",
		"1": "block/azalea_side",
		"2": "block/azalea_top",
		"particle": "block/azalea_plant"
	},
	"elements": [
		{
			"from": [7, 0, 6],
			"to": [9, 9, 8],
			"rotation": {"angle": 0, "axis": "y", "origin": [8, 9.75, 7.5]},
			"faces": {
				"north": {"uv": [7, 7, 9, 16], "texture": "#0"},
				"east": {"uv": [7, 7, 9, 16], "texture": "#0"},
				"south": {"uv": [7, 7, 9, 16], "texture": "#0"},
				"west": {"uv": [7, 7, 9, 16], "texture": "#0"},
				"up": {"uv": [7, 8, 9, 10], "rotation": 180, "texture": "#0"},
				"down": {"uv": [7, 11, 9, 13], "rotation": 180, "texture": "#0", "cullface": "down"}
			}
		},
		{
			"from": [3, 3, 0],
			"to": [3, 12, 7],
			"rotation": {"angle": 0, "axis": "y", "origin": [8, 9.75, 7.5]},
			"faces": {
				"north": {"uv": [5, 1, 5, 10], "texture": "#1"},
				"east": {"uv": [5, 1, 12, 10], "texture": "#1"},
				"south": {"uv": [5, 1, 5, 10], "texture": "#1"},
				"west": {"uv": [8, 1, 15, 10], "texture": "#1"},
				"up": {"uv": [4, 3, 4, 10], "rotation": 180, "texture": "#2"},
				"down": {"uv": [4, 3, 4, 10], "rotation": 180, "texture": "#2"}
			}
		},
		{
			"from": [3, 3, 0],
			"to": [12, 12, 0],
			"rotation": {"angle": 0, "axis": "y", "origin": [8, 9.75, 7.5]},
			"faces": {
				"north": {"uv": [5, 1, 14, 10], "texture": "#1"},
				"east": {"uv": [5, 1, 13, 10], "texture": "#1"},
				"south": {"uv": [5, 1, 14, 10], "texture": "#1"},
				"west": {"uv": [8, 1, 16, 10], "texture": "#1"},
				"up": {"uv": [4, 3, 13, 11], "rotation": 180, "texture": "#2"},
				"down": {"uv": [4, 3, 13, 11], "rotation": 180, "texture": "#2"}
			}
		},
		{
			"from": [12, 3, 0],
			"to": [12, 12, 8],
			"rotation": {"angle": 0, "axis": "y", "origin": [8, 9.75, 7.5]},
			"faces": {
				"north": {"uv": [5, 1, 14, 10], "texture": "#1"},
				"east": {"uv": [5, 1, 13, 10], "texture": "#1"},
				"south": {"uv": [5, 1, 14, 10], "texture": "#1"},
				"west": {"uv": [8, 1, 16, 10], "texture": "#1"},
				"up": {"uv": [4, 3, 13, 11], "rotation": 180, "texture": "#2"},
				"down": {"uv": [4, 3, 13, 11], "rotation": 180, "texture": "#2"}
			}
		},
		{
			"from": [10, 3, 8],
			"to": [12, 12, 8],
			"rotation": {"angle": 0, "axis": "y", "origin": [8, 9.75, 7.5]},
			"faces": {
				"north": {"uv": [5, 1, 7, 10], "texture": "#1"},
				"east": {"uv": [5, 1, 5, 10], "texture": "#1"},
				"south": {"uv": [5, 1, 7, 10], "texture": "#1"},
				"west": {"uv": [8, 1, 8, 10], "texture": "#1"},
				"up": {"uv": [4, 3, 6, 3], "rotation": 180, "texture": "#2"},
				"down": {"uv": [4, 3, 6, 3], "rotation": 180, "texture": "#2"}
			}
		},
		{
			"from": [3, 12, 0],
			"to": [12, 12, 8],
			"rotation": {"angle": 0, "axis": "y", "origin": [8, 9.75, 7.5]},
			"faces": {
				"north": {"uv": [5, 1, 14, 10], "texture": "#1"},
				"east": {"uv": [5, 1, 13, 10], "texture": "#1"},
				"south": {"uv": [5, 1, 14, 10], "texture": "#1"},
				"west": {"uv": [8, 1, 16, 10], "texture": "#1"},
				"up": {"uv": [3, 4, 12, 12], "rotation": 180, "texture": "#2"},
				"down": {"uv": [4, 3, 13, 11], "rotation": 180, "texture": "#2"}
			}
		},
		{
			"from": [1, 4, 7],
			"to": [1, 13, 15],
			"rotation": {"angle": 0, "axis": "y", "origin": [8, 9.75, 7.5]},
			"faces": {
				"north": {"uv": [0, 0, 0, 9], "texture": "#1"},
				"east": {"uv": [0, 2, 8, 11], "texture": "#1"},
				"south": {"uv": [0, 0, 0, 9], "texture": "#1"},
				"west": {"uv": [0, 2, 8, 11], "texture": "#1"},
				"up": {"uv": [0, 0, 0, 8], "rotation": 180, "texture": "#1"},
				"down": {"uv": [0, 0, 0, 8], "rotation": 180, "texture": "#1"}
			}
		},
		{
			"from": [10, 4, 7],
			"to": [10, 13, 15],
			"rotation": {"angle": 0, "axis": "y", "origin": [8, 9.75, 7.5]},
			"faces": {
				"north": {"uv": [0, 0, 0, 9], "texture": "#1"},
				"east": {"uv": [6, 1, 14, 10], "texture": "#1"},
				"south": {"uv": [0, 0, 0, 9], "texture": "#1"},
				"west": {"uv": [2, 2, 10, 11], "texture": "#1"},
				"up": {"uv": [0, 0, 0, 8], "rotation": 180, "texture": "#1"},
				"down": {"uv": [0, 0, 0, 8], "rotation": 180, "texture": "#1"}
			}
		},
		{
			"from": [1, 4, 7],
			"to": [10, 13, 7],
			"rotation": {"angle": 0, "axis": "y", "origin": [8, 9.75, 7.5]},
			"faces": {
				"north": {"uv": [3, 1, 12, 10], "texture": "#1"},
				"east": {"uv": [0, 0, 0, 9], "texture": "#1"},
				"south": {"uv": [6, 1, 15, 10], "texture": "#1"},
				"west": {"uv": [0, 0, 0, 9], "texture": "#1"},
				"up": {"uv": [0, 0, 9, 0], "rotation": 180, "texture": "#1"},
				"down": {"uv": [0, 0, 9, 0], "rotation": 180, "texture": "#1"}
			}
		},
		{
			"from": [1, 13, 7],
			"to": [10, 13, 15],
			"rotation": {"angle": 0, "axis": "y", "origin": [8, 9.75, 7.5]},
			"faces": {
				"north": {"uv": [0, 0, 9, 0], "texture": "#2"},
				"east": {"uv": [0, 0, 8, 0], "texture": "#2"},
				"south": {"uv": [0, 0, 9, 0], "texture": "#2"},
				"west": {"uv": [0, 0, 8, 0], "texture": "#2"},
				"up": {"uv": [4, 3, 13, 11], "rotation": 180, "texture": "#2"},
				"down": {"uv": [4, 3, 13, 11], "rotation": 180, "texture": "#2"}
			}
		},
		{
			"from": [1, 4, 15],
			"to": [10, 13, 15],
			"rotation": {"angle": 0, "axis": "y", "origin": [8, 9.75, 7.5]},
			"faces": {
				"north": {"uv": [7, 1, 16, 10], "texture": "#1"},
				"east": {"uv": [0, 0, 0, 9], "texture": "#1"},
				"south": {"uv": [7, 1, 16, 10], "texture": "#1"},
				"west": {"uv": [0, 0, 0, 9], "texture": "#1"},
				"up": {"uv": [0, 0, 9, 0], "rotation": 180, "texture": "#1"},
				"down": {"uv": [0, 0, 9, 0], "rotation": 180, "texture": "#1"}
			}
		},
		{
			"from": [6, 6, 4],
			"to": [6, 15, 13],
			"rotation": {"angle": 0, "axis": "y", "origin": [8, 9.75, 7.5]},
			"faces": {
				"north": {"uv": [0, 0, 0, 9], "texture": "#1"},
				"east": {"uv": [5, 1, 14, 10], "texture": "#1"},
				"south": {"uv": [0, 0, 0, 9], "texture": "#1"},
				"west": {"uv": [7, 1, 16, 10], "texture": "#1"},
				"up": {"uv": [0, 0, 0, 9], "rotation": 180, "texture": "#1"},
				"down": {"uv": [0, 0, 0, 9], "rotation": 180, "texture": "#1"}
			}
		},
		{
			"from": [6, 6, 13],
			"to": [15, 15, 13],
			"rotation": {"angle": 0, "axis": "y", "origin": [8, 9.75, 7.5]},
			"faces": {
				"north": {"uv": [7, 2, 16, 11], "texture": "#1"},
				"east": {"uv": [0, 0, 0, 9], "texture": "#1"},
				"south": {"uv": [2, 2, 11, 11], "texture": "#1"},
				"west": {"uv": [0, 0, 0, 9], "texture": "#1"},
				"up": {"uv": [0, 0, 9, 0], "rotation": 180, "texture": "#1"},
				"down": {"uv": [0, 0, 9, 0], "rotation": 180, "texture": "#1"}
			}
		},
		{
			"from": [6, 6, 4],
			"to": [15, 15, 4],
			"rotation": {"angle": 0, "axis": "y", "origin": [8, 9.75, 7.5]},
			"faces": {
				"north": {"uv": [0, 0, 9, 9], "texture": "#1"},
				"east": {"uv": [0, 0, 0, 9], "texture": "#1"},
				"south": {"uv": [0, 0, 9, 9], "texture": "#1"},
				"west": {"uv": [0, 0, 0, 9], "texture": "#1"},
				"up": {"uv": [0, 0, 9, 0], "rotation": 180, "texture": "#1"},
				"down": {"uv": [0, 0, 9, 0], "rotation": 180, "texture": "#1"}
			}
		},
		{
			"from": [15, 6, 4],
			"to": [15, 15, 13],
			"rotation": {"angle": 0, "axis": "y", "origin": [8, 9.75, 7.5]},
			"faces": {
				"north": {"uv": [0, 0, 0, 9], "texture": "#1"},
				"east": {"uv": [7, 2, 16, 11], "texture": "#1"},
				"south": {"uv": [0, 0, 0, 9], "texture": "#1"},
				"west": {"uv": [5, 1, 14, 10], "texture": "#1"},
				"up": {"uv": [0, 0, 0, 9], "rotation": 180, "texture": "#1"},
				"down": {"uv": [0, 0, 0, 9], "rotation": 180, "texture": "#1"}
			}
		},
		{
			"from": [6, 15, 4],
			"to": [15, 15, 13],
			"rotation": {"angle": 0, "axis": "y", "origin": [8, 9.75, 7.5]},
			"faces": {
				"north": {"uv": [0, 0, 9, 0], "texture": "#2"},
				"east": {"uv": [0, 0, 9, 0], "texture": "#2"},
				"south": {"uv": [0, 0, 9, 0], "texture": "#2"},
				"west": {"uv": [0, 0, 9, 0], "texture": "#2"},
				"up": {"uv": [4, 3, 13, 12], "rotation": 180, "texture": "#2"},
				"down": {"uv": [4, 3, 13, 12], "rotation": 180, "texture": "#2"}
			}
		}
	],
	"display": {
		"thirdperson_righthand": {
			"rotation": [75, 45, 0],
			"translation": [0, 2.5, 0],
			"scale": [0.375, 0.375, 0.375]
		},
		"thirdperson_lefthand": {
			"rotation": [75, 45, 0],
			"translation": [0, 2.5, 0],
			"scale": [0.375, 0.375, 0.375]
		},
		"firstperson_righthand": {
			"rotation": [0, 45, 0],
			"scale": [0.4, 0.4, 0.4]
		},
		"firstperson_lefthand": {
			"rotation": [0, 225, 0],
			"scale": [0.4, 0.4, 0.4]
		},
		"ground": {
			"translation": [0, 3, 0],
			"scale": [0.25, 0.25, 0.25]
		},
		"gui": {
			"rotation": [30, 225, 0],
			"scale": [0.625, 0.625, 0.625]
		},
		"fixed": {
			"scale": [0.5, 0.5, 0.5]
		}
	},
	"groups": [
		0,
		{
			"name": "head1",
			"origin": [0, 0, 0],
			"color": 0,
			"children": [1, 2, 3, 4, 5]
		},
		{
			"name": "head2",
			"origin": [0, 0, 0],
			"color": 0,
			"children": [6, 7, 8, 9, 10]
		},
		{
			"name": "head3",
			"origin": [0, 0, 0],
			"color": 0,
			"children": [11, 12, 13, 14, 15]
		}
	]
}