{
	"credit": "Made with Blockbench",
	"parent": "block/block",
	"ambientocclusion": false,
	"textures": {
		"particle": "block/azalea_plant",
		"plant": "block/azalea_plant",
		"top": "block/azalea_top",
		"side": "block/azalea_side"
	},
	"elements": [
		{
			"from": [6.5, 0, 6.5],
			"to": [8.5, 13, 8.5],
			"rotation": {"angle": 0, "axis": "y", "origin": [8, 10.25, 7.5]},
			"faces": {
				"north": {"uv": [7, 3, 9, 16], "texture": "#plant"},
				"east": {"uv": [7, 3, 9, 16], "texture": "#plant"},
				"south": {"uv": [7, 3, 9, 16], "texture": "#plant"},
				"west": {"uv": [7, 3, 9, 16], "texture": "#plant"},
				"up": {"uv": [8, 2, 10, 4], "rotation": 90, "texture": "#plant"},
				"down": {"uv": [7, 13, 9, 15], "rotation": 270, "texture": "#plant", "cullface": "down"}
			}
		},
		{
			"from": [1.5, 5, 10.49],
			"to": [11.5, 14, 10.49],
			"rotation": {"angle": 0, "axis": "y", "origin": [8, 10.25, 7.5]},
			"faces": {
				"north": {"uv": [16, 2, 6, 11], "texture": "#side"},
				"south": {"uv": [6, 2, 16, 11], "texture": "#side", "cullface": "east"}
			}
		},
		{
			"from": [1.5, 14, 0.5],
			"to": [11.5, 14, 10.5],
			"rotation": {"angle": 0, "axis": "y", "origin": [8, 10.25, 7.5]},
			"faces": {
				"up": {"uv": [3, 3, 13, 13], "rotation": 90, "texture": "#top", "cullface": "up"},
				"down": {"uv": [3, 13, 13, 3], "rotation": 270, "texture": "#top"}
			}
		},
		{
			"from": [11.49, 5, 0.5],
			"to": [11.49, 14, 10.5],
			"rotation": {"angle": 0, "axis": "y", "origin": [8, 10.25, 7.5]},
			"faces": {
				"east": {"uv": [5, 1, 15, 10], "texture": "#side", "cullface": "north"},
				"west": {"uv": [10, 2, 0, 11], "texture": "#side"}
			}
		},
		{
			"from": [1.5, 5, 0.5],
			"to": [1.5, 14, 10.5],
			"rotation": {"angle": 0, "axis": "y", "origin": [8, 10.25, 7.5]},
			"faces": {
				"east": {"uv": [16, 1, 6, 10], "texture": "#side"},
				"west": {"uv": [0, 2, 10, 11], "texture": "#side", "cullface": "south"}
			}
		},
		{
			"from": [1.5, 5, 0.5],
			"to": [11.5, 14, 0.5],
			"rotation": {"angle": 0, "axis": "y", "origin": [8, 10.25, 7.5]},
			"faces": {
				"north": {"uv": [6, 1, 16, 10], "texture": "#side", "cullface": "west"},
				"south": {"uv": [16, 1, 6, 10], "texture": "#side"}
			}
		},
		{
			"from": [2.5, 4, 2.5],
			"to": [14.5, 11, 2.5],
			"rotation": {"angle": 0, "axis": "y", "origin": [8, 10.25, 7.5]},
			"faces": {
				"north": {"uv": [4, 3, 16, 10], "texture": "#side"},
				"east": {"uv": [0, 0, 0, 7], "texture": "#side"},
				"south": {"uv": [4, 3, 16, 10], "texture": "#side"},
				"west": {"uv": [0, 0, 0, 7], "texture": "#side"},
				"up": {"uv": [0, 0, 0, 12], "rotation": 90, "texture": "#side"},
				"down": {"uv": [0, 0, 0, 12], "rotation": 270, "texture": "#side"}
			}
		},
		{
			"from": [2.5, 4, 14.5],
			"to": [14.5, 11, 14.5],
			"rotation": {"angle": 0, "axis": "y", "origin": [8, 10.25, 7.5]},
			"faces": {
				"north": {"uv": [4, 3, 16, 10], "texture": "#side"},
				"east": {"uv": [0, 0, 0, 7], "texture": "#side"},
				"south": {"uv": [2, 3, 14, 10], "texture": "#side"},
				"west": {"uv": [0, 0, 0, 7], "texture": "#side"},
				"up": {"uv": [0, 0, 0, 12], "rotation": 90, "texture": "#side"},
				"down": {"uv": [0, 0, 0, 12], "rotation": 270, "texture": "#side"}
			}
		},
		{
			"from": [14.5, 4, 2.5],
			"to": [14.5, 11, 14.5],
			"rotation": {"angle": 0, "axis": "y", "origin": [8, 10.25, 7.5]},
			"faces": {
				"north": {"uv": [0, 0, 0, 7], "texture": "#side"},
				"east": {"uv": [4, 3, 16, 10], "texture": "#side"},
				"south": {"uv": [0, 0, 0, 7], "texture": "#side"},
				"west": {"uv": [1, 4, 13, 11], "texture": "#side"},
				"up": {"uv": [0, 0, 12, 0], "rotation": 90, "texture": "#side"},
				"down": {"uv": [0, 0, 12, 0], "rotation": 270, "texture": "#side"}
			}
		},
		{
			"from": [2.5, 11, 2.5],
			"to": [14.5, 11, 14.5],
			"rotation": {"angle": 0, "axis": "y", "origin": [8, 10.25, 7.5]},
			"faces": {
				"north": {"uv": [0, 0, 12, 0], "texture": "#top"},
				"east": {"uv": [0, 0, 12, 0], "texture": "#top"},
				"south": {"uv": [0, 0, 12, 0], "texture": "#top"},
				"west": {"uv": [0, 0, 12, 0], "texture": "#top"},
				"up": {"uv": [2, 2, 14, 14], "rotation": 90, "texture": "#top"},
				"down": {"uv": [2, 2, 14, 14], "rotation": 270, "texture": "#top"}
			}
		},
		{
			"from": [2.5, 4, 2.5],
			"to": [2.5, 11, 14.5],
			"rotation": {"angle": 0, "axis": "y", "origin": [8, 10.25, 7.5]},
			"faces": {
				"north": {"uv": [0, 0, 0, 7], "texture": "#side"},
				"east": {"uv": [0, 3, 12, 10], "texture": "#side"},
				"south": {"uv": [0, 0, 0, 7], "texture": "#side"},
				"west": {"uv": [4, 3, 16, 10], "texture": "#side"},
				"up": {"uv": [0, 0, 12, 0], "rotation": 90, "texture": "#side"},
				"down": {"uv": [0, 0, 12, 0], "rotation": 270, "texture": "#side"}
			}
		}
	],
	"groups": [
		0,
		{
			"name": "group",
			"origin": [0, 0, 0],
			"color": 0,
			"children": [1, 2, 3, 4, 5]
		},
		{
			"name": "group",
			"origin": [8, 8, 8],
			"color": 0,
			"children": [6, 7, 8, 9, 10]
		}
	]
}