{
	"credit": "Made with Blockbench",
	"ambientocclusion": false,
	"textures": {
		"0": "block/azalea_plant",
		"1": "block/azalea_side",
		"2": "block/azalea_top",
		"particle": "block/azalea_plant"
	},
	"elements": [
		{
			"from": [6.5, 0, 6.5],
			"to": [8.5, 9, 8.5],
			"rotation": {"angle": 0, "axis": "y", "origin": [8, 9.75, 7.5]},
			"faces": {
				"north": {"uv": [7, 7, 9, 16], "texture": "#0"},
				"east": {"uv": [7, 7, 9, 16], "texture": "#0"},
				"south": {"uv": [7, 7, 9, 16], "texture": "#0"},
				"west": {"uv": [7, 7, 9, 16], "texture": "#0"},
				"up": {"uv": [7, 8, 9, 10], "rotation": 90, "texture": "#0"},
				"down": {"uv": [7, 11, 9, 13], "rotation": 270, "texture": "#0", "cullface": "down"}
			}
		},
		{
			"from": [0.5, 3, 11.5],
			"to": [7.5, 12, 11.5],
			"rotation": {"angle": 0, "axis": "y", "origin": [8, 9.75, 7.5]},
			"faces": {
				"north": {"uv": [5, 1, 12, 10], "texture": "#1"},
				"east": {"uv": [5, 1, 5, 10], "texture": "#1"},
				"south": {"uv": [8, 1, 15, 10], "texture": "#1"},
				"west": {"uv": [5, 1, 5, 10], "texture": "#1"},
				"up": {"uv": [4, 3, 4, 10], "rotation": 90, "texture": "#2"},
				"down": {"uv": [4, 3, 4, 10], "rotation": 270, "texture": "#2"}
			}
		},
		{
			"from": [0.5, 3, 2.5],
			"to": [0.5, 12, 11.5],
			"rotation": {"angle": 0, "axis": "y", "origin": [8, 9.75, 7.5]},
			"faces": {
				"north": {"uv": [5, 1, 13, 10], "texture": "#1"},
				"east": {"uv": [5, 1, 14, 10], "texture": "#1"},
				"south": {"uv": [8, 1, 16, 10], "texture": "#1"},
				"west": {"uv": [5, 1, 14, 10], "texture": "#1"},
				"up": {"uv": [4, 3, 13, 11], "rotation": 90, "texture": "#2"},
				"down": {"uv": [4, 3, 13, 11], "rotation": 270, "texture": "#2"}
			}
		},
		{
			"from": [0.5, 3, 2.5],
			"to": [8.5, 12, 2.5],
			"rotation": {"angle": 0, "axis": "y", "origin": [8, 9.75, 7.5]},
			"faces": {
				"north": {"uv": [5, 1, 13, 10], "texture": "#1"},
				"east": {"uv": [5, 1, 14, 10], "texture": "#1"},
				"south": {"uv": [8, 1, 16, 10], "texture": "#1"},
				"west": {"uv": [5, 1, 14, 10], "texture": "#1"},
				"up": {"uv": [4, 3, 13, 11], "rotation": 90, "texture": "#2"},
				"down": {"uv": [4, 3, 13, 11], "rotation": 270, "texture": "#2"}
			}
		},
		{
			"from": [8.5, 3, 2.5],
			"to": [8.5, 12, 4.5],
			"rotation": {"angle": 0, "axis": "y", "origin": [8, 9.75, 7.5]},
			"faces": {
				"north": {"uv": [5, 1, 5, 10], "texture": "#1"},
				"east": {"uv": [5, 1, 7, 10], "texture": "#1"},
				"south": {"uv": [8, 1, 8, 10], "texture": "#1"},
				"west": {"uv": [5, 1, 7, 10], "texture": "#1"},
				"up": {"uv": [4, 3, 6, 3], "rotation": 90, "texture": "#2"},
				"down": {"uv": [4, 3, 6, 3], "rotation": 270, "texture": "#2"}
			}
		},
		{
			"from": [0.5, 12, 2.5],
			"to": [8.5, 12, 11.5],
			"rotation": {"angle": 0, "axis": "y", "origin": [8, 9.75, 7.5]},
			"faces": {
				"north": {"uv": [5, 1, 13, 10], "texture": "#1"},
				"east": {"uv": [5, 1, 14, 10], "texture": "#1"},
				"south": {"uv": [8, 1, 16, 10], "texture": "#1"},
				"west": {"uv": [5, 1, 14, 10], "texture": "#1"},
				"up": {"uv": [3, 4, 12, 12], "rotation": 90, "texture": "#2"},
				"down": {"uv": [4, 3, 13, 11], "rotation": 270, "texture": "#2"}
			}
		},
		{
			"from": [7.5, 4, 9.5],
			"to": [15.5, 13, 9.5],
			"rotation": {"angle": 0, "axis": "y", "origin": [8, 9.75, 7.5]},
			"faces": {
				"north": {"uv": [0, 2, 8, 11], "texture": "#1"},
				"east": {"uv": [0, 0, 0, 9], "texture": "#1"},
				"south": {"uv": [0, 2, 8, 11], "texture": "#1"},
				"west": {"uv": [0, 0, 0, 9], "texture": "#1"},
				"up": {"uv": [0, 0, 0, 8], "rotation": 90, "texture": "#1"},
				"down": {"uv": [0, 0, 0, 8], "rotation": 270, "texture": "#1"}
			}
		},
		{
			"from": [7.5, 4, 0.5],
			"to": [15.5, 13, 0.5],
			"rotation": {"angle": 0, "axis": "y", "origin": [8, 9.75, 7.5]},
			"faces": {
				"north": {"uv": [6, 1, 14, 10], "texture": "#1"},
				"east": {"uv": [0, 0, 0, 9], "texture": "#1"},
				"south": {"uv": [2, 2, 10, 11], "texture": "#1"},
				"west": {"uv": [0, 0, 0, 9], "texture": "#1"},
				"up": {"uv": [0, 0, 0, 8], "rotation": 90, "texture": "#1"},
				"down": {"uv": [0, 0, 0, 8], "rotation": 270, "texture": "#1"}
			}
		},
		{
			"from": [7.5, 4, 0.5],
			"to": [7.5, 13, 9.5],
			"rotation": {"angle": 0, "axis": "y", "origin": [8, 9.75, 7.5]},
			"faces": {
				"north": {"uv": [0, 0, 0, 9], "texture": "#1"},
				"east": {"uv": [6, 1, 15, 10], "texture": "#1"},
				"south": {"uv": [0, 0, 0, 9], "texture": "#1"},
				"west": {"uv": [3, 1, 12, 10], "texture": "#1"},
				"up": {"uv": [0, 0, 9, 0], "rotation": 90, "texture": "#1"},
				"down": {"uv": [0, 0, 9, 0], "rotation": 270, "texture": "#1"}
			}
		},
		{
			"from": [7.5, 13, 0.5],
			"to": [15.5, 13, 9.5],
			"rotation": {"angle": 0, "axis": "y", "origin": [8, 9.75, 7.5]},
			"faces": {
				"north": {"uv": [0, 0, 8, 0], "texture": "#2"},
				"east": {"uv": [0, 0, 9, 0], "texture": "#2"},
				"south": {"uv": [0, 0, 8, 0], "texture": "#2"},
				"west": {"uv": [0, 0, 9, 0], "texture": "#2"},
				"up": {"uv": [4, 3, 13, 11], "rotation": 90, "texture": "#2"},
				"down": {"uv": [4, 3, 13, 11], "rotation": 270, "texture": "#2"}
			}
		},
		{
			"from": [15.5, 4, 0.5],
			"to": [15.5, 13, 9.5],
			"rotation": {"angle": 0, "axis": "y", "origin": [8, 9.75, 7.5]},
			"faces": {
				"north": {"uv": [0, 0, 0, 9], "texture": "#1"},
				"east": {"uv": [7, 1, 16, 10], "texture": "#1"},
				"south": {"uv": [0, 0, 0, 9], "texture": "#1"},
				"west": {"uv": [7, 1, 16, 10], "texture": "#1"},
				"up": {"uv": [0, 0, 9, 0], "rotation": 90, "texture": "#1"},
				"down": {"uv": [0, 0, 9, 0], "rotation": 270, "texture": "#1"}
			}
		},
		{
			"from": [4.5, 6, 14.5],
			"to": [13.5, 15, 14.5],
			"rotation": {"angle": 0, "axis": "y", "origin": [8, 9.75, 7.5]},
			"faces": {
				"north": {"uv": [5, 1, 14, 10], "texture": "#1"},
				"east": {"uv": [0, 0, 0, 9], "texture": "#1"},
				"south": {"uv": [7, 1, 16, 10], "texture": "#1"},
				"west": {"uv": [0, 0, 0, 9], "texture": "#1"},
				"up": {"uv": [0, 0, 0, 9], "rotation": 90, "texture": "#1"},
				"down": {"uv": [0, 0, 0, 9], "rotation": 270, "texture": "#1"}
			}
		},
		{
			"from": [13.5, 6, 5.5],
			"to": [13.5, 15, 14.5],
			"rotation": {"angle": 0, "axis": "y", "origin": [8, 9.75, 7.5]},
			"faces": {
				"north": {"uv": [0, 0, 0, 9], "texture": "#1"},
				"east": {"uv": [2, 2, 11, 11], "texture": "#1"},
				"south": {"uv": [0, 0, 0, 9], "texture": "#1"},
				"west": {"uv": [7, 2, 16, 11], "texture": "#1"},
				"up": {"uv": [0, 0, 9, 0], "rotation": 90, "texture": "#1"},
				"down": {"uv": [0, 0, 9, 0], "rotation": 270, "texture": "#1"}
			}
		},
		{
			"from": [4.5, 6, 5.5],
			"to": [4.5, 15, 14.5],
			"rotation": {"angle": 0, "axis": "y", "origin": [8, 9.75, 7.5]},
			"faces": {
				"north": {"uv": [0, 0, 0, 9], "texture": "#1"},
				"east": {"uv": [0, 0, 9, 9], "texture": "#1"},
				"south": {"uv": [0, 0, 0, 9], "texture": "#1"},
				"west": {"uv": [0, 0, 9, 9], "texture": "#1"},
				"up": {"uv": [0, 0, 9, 0], "rotation": 90, "texture": "#1"},
				"down": {"uv": [0, 0, 9, 0], "rotation": 270, "texture": "#1"}
			}
		},
		{
			"from": [4.5, 6, 5.5],
			"to": [13.5, 15, 5.5],
			"rotation": {"angle": 0, "axis": "y", "origin": [8, 9.75, 7.5]},
			"faces": {
				"north": {"uv": [7, 2, 16, 11], "texture": "#1"},
				"east": {"uv": [0, 0, 0, 9], "texture": "#1"},
				"south": {"uv": [5, 1, 14, 10], "texture": "#1"},
				"west": {"uv": [0, 0, 0, 9], "texture": "#1"},
				"up": {"uv": [0, 0, 0, 9], "rotation": 90, "texture": "#1"},
				"down": {"uv": [0, 0, 0, 9], "rotation": 270, "texture": "#1"}
			}
		},
		{
			"from": [4.5, 15, 5.5],
			"to": [13.5, 15, 14.5],
			"rotation": {"angle": 0, "axis": "y", "origin": [8, 9.75, 7.5]},
			"faces": {
				"north": {"uv": [0, 0, 9, 0], "texture": "#2"},
				"east": {"uv": [0, 0, 9, 0], "texture": "#2"},
				"south": {"uv": [0, 0, 9, 0], "texture": "#2"},
				"west": {"uv": [0, 0, 9, 0], "texture": "#2"},
				"up": {"uv": [4, 3, 13, 12], "rotation": 90, "texture": "#2"},
				"down": {"uv": [4, 3, 13, 12], "rotation": 270, "texture": "#2"}
			}
		}
	],
	"display": {
		"thirdperson_righthand": {
			"rotation": [75, 45, 0],
			"translation": [0, 2.5, 0],
			"scale": [0.375, 0.375, 0.375]
		},
		"thirdperson_lefthand": {
			"rotation": [75, 45, 0],
			"translation": [0, 2.5, 0],
			"scale": [0.375, 0.375, 0.375]
		},
		"firstperson_righthand": {
			"rotation": [0, 45, 0],
			"scale": [0.4, 0.4, 0.4]
		},
		"firstperson_lefthand": {
			"rotation": [0, 225, 0],
			"scale": [0.4, 0.4, 0.4]
		},
		"ground": {
			"translation": [0, 3, 0],
			"scale": [0.25, 0.25, 0.25]
		},
		"gui": {
			"rotation": [30, 225, 0],
			"scale": [0.625, 0.625, 0.625]
		},
		"fixed": {
			"scale": [0.5, 0.5, 0.5]
		}
	},
	"groups": [
		0,
		{
			"name": "head1",
			"origin": [0, 0, 0],
			"color": 0,
			"children": [1, 2, 3, 4, 5]
		},
		{
			"name": "head2",
			"origin": [0, 0, 0],
			"color": 0,
			"children": [6, 7, 8, 9, 10]
		},
		{
			"name": "head3",
			"origin": [0, 0, 0],
			"color": 0,
			"children": [11, 12, 13, 14, 15]
		}
	]
}