{
	"credit": "Made with Blockbench",
	"parent": "block/block",
	"ambientocclusion": false,
	"textures": {
		"0": "block/azalea_plant",
		"1": "block/azalea_side",
		"2": "block/azalea_top",
		"particle": "block/azalea_plant"
	},
	"elements": [
		{
			"from": [6.5, 0, 7.5],
			"to": [8.5, 9, 9.5],
			"rotation": {"angle": 0, "axis": "y", "origin": [7.5, 9.75, 8]},
			"faces": {
				"north": {"uv": [7, 7, 9, 16], "texture": "#0"},
				"east": {"uv": [7, 7, 9, 16], "texture": "#0"},
				"south": {"uv": [7, 7, 9, 16], "texture": "#0"},
				"west": {"uv": [7, 7, 9, 16], "texture": "#0"},
				"up": {"uv": [7, 8, 9, 10], "rotation": 90, "texture": "#0"},
				"down": {"uv": [7, 11, 9, 13], "rotation": 270, "texture": "#0", "cullface": "down"}
			}
		},
		{
			"from": [14.5, 8, 1.5],
			"to": [14.5, 14, 7.5],
			"rotation": {"angle": 0, "axis": "y", "origin": [7.5, 9.75, 8]},
			"faces": {
				"north": {"uv": [0, 6, 0, 12], "texture": "#1"},
				"east": {"uv": [5, 4, 11, 10], "texture": "#1"},
				"south": {"uv": [0, 6, 0, 12], "texture": "#1"},
				"west": {"uv": [5, 4, 11, 10], "texture": "#1"},
				"up": {"uv": [0, 0, 6, 0], "rotation": 90, "texture": "#1"},
				"down": {"uv": [0, 0, 6, 0], "rotation": 270, "texture": "#1"}
			}
		},
		{
			"from": [8.5, 8, 1.5],
			"to": [14.5, 14, 1.5],
			"rotation": {"angle": 0, "axis": "y", "origin": [7.5, 9.75, 8]},
			"faces": {
				"north": {"uv": [10, 4, 16, 10], "texture": "#1"},
				"east": {"uv": [0, 0, 0, 6], "texture": "#1"},
				"south": {"uv": [10, 4, 16, 10], "texture": "#1"},
				"west": {"uv": [0, 0, 0, 6], "texture": "#1"},
				"up": {"uv": [0, 0, 6, 0], "texture": "#1"},
				"down": {"uv": [0, 0, 6, 0], "texture": "#1"}
			}
		},
		{
			"from": [8.5, 11, 7.5],
			"to": [14.5, 14, 7.5],
			"rotation": {"angle": 0, "axis": "y", "origin": [7.5, 9.75, 8]},
			"faces": {
				"north": {"uv": [0, 5, 6, 8], "texture": "#1"},
				"east": {"uv": [0, 0, 0, 3], "texture": "#1"},
				"south": {"uv": [0, 5, 6, 8], "texture": "#1"},
				"west": {"uv": [0, 0, 0, 3], "texture": "#1"},
				"up": {"uv": [0, 0, 6, 0], "texture": "#1"},
				"down": {"uv": [0, 0, 6, 0], "texture": "#1"}
			}
		},
		{
			"from": [8.5, 14, 1.5],
			"to": [14.5, 14, 7.5],
			"rotation": {"angle": 0, "axis": "y", "origin": [7.5, 9.75, 8]},
			"faces": {
				"north": {"uv": [0, 0, 6, 0], "texture": "#2"},
				"east": {"uv": [0, 0, 6, 0], "texture": "#2"},
				"south": {"uv": [0, 0, 6, 0], "texture": "#2"},
				"west": {"uv": [0, 0, 6, 0], "texture": "#2"},
				"up": {"uv": [5, 4, 11, 10], "rotation": 90, "texture": "#2"},
				"down": {"uv": [5, 4, 11, 10], "rotation": 270, "texture": "#2"}
			}
		},
		{
			"from": [7.5, 11, 8.5],
			"to": [7.5, 13, 14.5],
			"rotation": {"angle": 0, "axis": "y", "origin": [7.5, 9.75, 8]},
			"faces": {
				"north": {"uv": [0, 6, 0, 8], "texture": "#1"},
				"east": {"uv": [5, 4, 11, 6], "texture": "#1"},
				"south": {"uv": [0, 6, 0, 8], "texture": "#1"},
				"west": {"uv": [5, 4, 11, 6], "texture": "#1"},
				"up": {"uv": [0, 0, 6, 0], "rotation": 90, "texture": "#1"},
				"down": {"uv": [0, 0, 6, 0], "rotation": 270, "texture": "#1"}
			}
		},
		{
			"from": [1.5, 7, 8.5],
			"to": [1.5, 13, 14.5],
			"rotation": {"angle": 0, "axis": "y", "origin": [7.5, 9.75, 8]},
			"faces": {
				"north": {"uv": [0, 6, 0, 12], "texture": "#1"},
				"east": {"uv": [6, 4, 12, 10], "texture": "#1"},
				"south": {"uv": [0, 6, 0, 12], "texture": "#1"},
				"west": {"uv": [10, 4, 16, 10], "texture": "#1"},
				"up": {"uv": [0, 0, 6, 0], "rotation": 90, "texture": "#1"},
				"down": {"uv": [0, 0, 6, 0], "rotation": 270, "texture": "#1"}
			}
		},
		{
			"from": [1.5, 7, 8.5],
			"to": [7.5, 13, 8.5],
			"rotation": {"angle": 0, "axis": "y", "origin": [7.5, 9.75, 8]},
			"faces": {
				"north": {"uv": [10, 4, 16, 10], "texture": "#1"},
				"east": {"uv": [0, 0, 0, 6], "texture": "#1"},
				"south": {"uv": [10, 4, 16, 10], "texture": "#1"},
				"west": {"uv": [0, 0, 0, 6], "texture": "#1"},
				"up": {"uv": [0, 0, 6, 0], "texture": "#1"},
				"down": {"uv": [0, 0, 6, 0], "texture": "#1"}
			}
		},
		{
			"from": [1.5, 7, 14.5],
			"to": [7.5, 13, 14.5],
			"rotation": {"angle": 0, "axis": "y", "origin": [7.5, 9.75, 8]},
			"faces": {
				"north": {"uv": [0, 5, 6, 11], "texture": "#1"},
				"east": {"uv": [0, 0, 0, 6], "texture": "#1"},
				"south": {"uv": [0, 5, 6, 11], "texture": "#1"},
				"west": {"uv": [0, 0, 0, 6], "texture": "#1"},
				"up": {"uv": [0, 0, 6, 0], "texture": "#1"},
				"down": {"uv": [0, 0, 6, 0], "texture": "#1"}
			}
		},
		{
			"from": [1.5, 13, 8.5],
			"to": [7.5, 13, 14.5],
			"rotation": {"angle": 0, "axis": "y", "origin": [7.5, 9.75, 8]},
			"faces": {
				"north": {"uv": [0, 0, 6, 0], "texture": "#2"},
				"east": {"uv": [0, 0, 6, 0], "texture": "#2"},
				"south": {"uv": [0, 0, 6, 0], "texture": "#2"},
				"west": {"uv": [0, 0, 6, 0], "texture": "#2"},
				"up": {"uv": [5, 4, 11, 10], "rotation": 90, "texture": "#2"},
				"down": {"uv": [5, 4, 11, 10], "rotation": 270, "texture": "#2"}
			}
		},
		{
			"from": [8.5, 9, 0.5],
			"to": [8.5, 15, 9.5],
			"rotation": {"angle": 0, "axis": "y", "origin": [7.5, 9.75, 8]},
			"faces": {
				"north": {"uv": [0, 0, 0, 6], "texture": "#1"},
				"east": {"uv": [1, 5, 10, 11], "texture": "#1"},
				"south": {"uv": [0, 0, 0, 6], "texture": "#1"},
				"west": {"uv": [1, 5, 10, 11], "texture": "#1"},
				"up": {"uv": [0, 0, 9, 0], "rotation": 90, "texture": "#1"},
				"down": {"uv": [0, 0, 9, 0], "rotation": 270, "texture": "#1"}
			}
		},
		{
			"from": [-0.5, 15, 0.5],
			"to": [8.5, 15, 9.5],
			"rotation": {"angle": 0, "axis": "y", "origin": [7.5, 9.75, 8]},
			"faces": {
				"north": {"uv": [0, 0, 9, 0], "texture": "#2"},
				"east": {"uv": [0, 0, 9, 0], "texture": "#2"},
				"south": {"uv": [0, 0, 9, 0], "texture": "#2"},
				"west": {"uv": [0, 0, 9, 0], "texture": "#2"},
				"up": {"uv": [4, 3, 13, 12], "rotation": 90, "texture": "#2"},
				"down": {"uv": [4, 3, 13, 12], "rotation": 270, "texture": "#2"}
			}
		},
		{
			"from": [-0.5, 9, 9.5],
			"to": [8.5, 15, 9.5],
			"rotation": {"angle": 0, "axis": "y", "origin": [7.5, 9.75, 8]},
			"faces": {
				"north": {"uv": [5, 4, 14, 10], "texture": "#1"},
				"east": {"uv": [0, 0, 0, 6], "texture": "#1"},
				"south": {"uv": [7, 4, 16, 10], "texture": "#1"},
				"west": {"uv": [0, 0, 0, 6], "texture": "#1"},
				"up": {"uv": [0, 0, 0, 9], "rotation": 90, "texture": "#1"},
				"down": {"uv": [0, 0, 0, 9], "rotation": 270, "texture": "#1"}
			}
		},
		{
			"from": [-0.5, 9, 0.5],
			"to": [-0.5, 15, 9.5],
			"rotation": {"angle": 0, "axis": "y", "origin": [7.5, 9.75, 8]},
			"faces": {
				"north": {"uv": [0, 0, 0, 6], "texture": "#1"},
				"east": {"uv": [1, 5, 10, 11], "texture": "#1"},
				"south": {"uv": [0, 0, 0, 6], "texture": "#1"},
				"west": {"uv": [1, 5, 10, 11], "texture": "#1"},
				"up": {"uv": [0, 0, 9, 0], "rotation": 90, "texture": "#1"},
				"down": {"uv": [0, 0, 9, 0], "rotation": 270, "texture": "#1"}
			}
		},
		{
			"from": [-0.5, 9, 0.5],
			"to": [8.5, 15, 0.5],
			"rotation": {"angle": 0, "axis": "y", "origin": [7.5, 9.75, 8]},
			"faces": {
				"north": {"uv": [7, 4, 16, 10], "texture": "#1"},
				"east": {"uv": [0, 0, 0, 6], "texture": "#1"},
				"south": {"uv": [6, 4, 15, 10], "texture": "#1"},
				"west": {"uv": [0, 0, 0, 6], "texture": "#1"},
				"up": {"uv": [0, 0, 0, 9], "rotation": 90, "texture": "#1"},
				"down": {"uv": [0, 0, 0, 9], "rotation": 270, "texture": "#1"}
			}
		},
		{
			"from": [7.5, 6, 15.5],
			"to": [15.5, 11, 15.5],
			"rotation": {"angle": 0, "axis": "y", "origin": [7.5, 9.75, 8]},
			"faces": {
				"north": {"uv": [5, 5, 13, 10], "texture": "#1"},
				"east": {"uv": [0, 0, 0, 5], "texture": "#1"},
				"south": {"uv": [5, 5, 13, 10], "texture": "#1"},
				"west": {"uv": [0, 0, 0, 5], "texture": "#1"},
				"up": {"uv": [0, 0, 0, 8], "rotation": 90, "texture": "#1"},
				"down": {"uv": [0, 0, 0, 8], "rotation": 270, "texture": "#1"}
			}
		},
		{
			"from": [7.5, 6, 7.5],
			"to": [15.5, 11, 7.5],
			"rotation": {"angle": 0, "axis": "y", "origin": [7.5, 9.75, 8]},
			"faces": {
				"north": {"uv": [5, 5, 13, 10], "texture": "#1"},
				"east": {"uv": [0, 0, 0, 5], "texture": "#1"},
				"south": {"uv": [5, 5, 13, 10], "texture": "#1"},
				"west": {"uv": [0, 0, 0, 5], "texture": "#1"},
				"up": {"uv": [0, 0, 0, 8], "rotation": 90, "texture": "#1"},
				"down": {"uv": [0, 0, 0, 8], "rotation": 270, "texture": "#1"}
			}
		},
		{
			"from": [7.5, 11, 7.5],
			"to": [15.5, 11, 15.5],
			"rotation": {"angle": 0, "axis": "y", "origin": [7.5, 9.75, 8]},
			"faces": {
				"north": {"uv": [0, 0, 8, 0], "texture": "#2"},
				"east": {"uv": [0, 0, 8, 0], "texture": "#2"},
				"south": {"uv": [0, 0, 8, 0], "texture": "#2"},
				"west": {"uv": [0, 0, 8, 0], "texture": "#2"},
				"up": {"uv": [4, 4, 12, 12], "rotation": 90, "texture": "#2"},
				"down": {"uv": [4, 3, 12, 11], "rotation": 270, "texture": "#2"}
			}
		},
		{
			"from": [15.5, 6, 7.5],
			"to": [15.5, 11, 15.5],
			"rotation": {"angle": 0, "axis": "y", "origin": [7.5, 9.75, 8]},
			"faces": {
				"north": {"uv": [0, 0, 0, 5], "texture": "#1"},
				"east": {"uv": [8, 5, 16, 10], "texture": "#1"},
				"south": {"uv": [0, 0, 0, 5], "texture": "#1"},
				"west": {"uv": [7, 5, 15, 10], "texture": "#1"},
				"up": {"uv": [0, 0, 8, 0], "rotation": 90, "texture": "#1"},
				"down": {"uv": [0, 0, 8, 0], "rotation": 270, "texture": "#1"}
			}
		},
		{
			"from": [7.5, 6, 7.5],
			"to": [7.5, 11, 15.5],
			"rotation": {"angle": 0, "axis": "y", "origin": [7.5, 9.75, 8]},
			"faces": {
				"north": {"uv": [0, 0, 0, 5], "texture": "#1"},
				"east": {"uv": [8, 5, 16, 10], "texture": "#1"},
				"south": {"uv": [0, 0, 0, 5], "texture": "#1"},
				"west": {"uv": [7, 5, 15, 10], "texture": "#1"},
				"up": {"uv": [0, 0, 8, 0], "rotation": 90, "texture": "#1"},
				"down": {"uv": [0, 0, 8, 0], "rotation": 270, "texture": "#1"}
			}
		}
	],
	"display": {
		"thirdperson_righthand": {
			"rotation": [75, 45, 0],
			"translation": [0, 2.5, 0],
			"scale": [0.375, 0.375, 0.375]
		},
		"thirdperson_lefthand": {
			"rotation": [75, 45, 0],
			"translation": [0, 2.5, 0],
			"scale": [0.375, 0.375, 0.375]
		},
		"firstperson_righthand": {
			"rotation": [0, 45, 0],
			"scale": [0.4, 0.4, 0.4]
		},
		"firstperson_lefthand": {
			"rotation": [0, 225, 0],
			"scale": [0.4, 0.4, 0.4]
		},
		"ground": {
			"translation": [0, 3, 0],
			"scale": [0.25, 0.25, 0.25]
		},
		"gui": {
			"rotation": [30, 225, 0],
			"scale": [0.625, 0.625, 0.625]
		},
		"fixed": {
			"scale": [0.5, 0.5, 0.5]
		}
	},
	"groups": [
		0,
		{
			"name": "head1",
			"origin": [4, 7, 3],
			"color": 0,
			"children": [1, 2, 3, 4]
		},
		{
			"name": "head2",
			"origin": [4, 7, 3],
			"color": 0,
			"children": [5, 6, 7, 8, 9]
		},
		{
			"name": "head3",
			"origin": [0, 0, 0],
			"color": 0,
			"children": [10, 11, 12, 13, 14]
		},
		{
			"name": "head4",
			"origin": [0, 0, 0],
			"color": 0,
			"children": [15, 16, 17, 18, 19]
		}
	]
}