{
	"credit": "Made with Blockbench",
	"textures": {
		"2": "block/azure_bluet_stem1",
		"3": "block/azure_bluet_f",
		"particle": "block/azure_bluet_stem1"
	},
	"elements": [
		{
			"from": [1, 0, 0],
			"to": [21, 10, 0],
			"shade": false,
			"rotation": {"angle": -45, "axis": "y", "origin": [0, -2, 0]},
			"faces": {
				"north": {"uv": [0, 6, 16, 16], "texture": "#2"},
				"east": {"uv": [0, 2, 0, 14], "texture": "#2"},
				"south": {"uv": [0, 6, 16, 16], "texture": "#2"},
				"west": {"uv": [1, 2, 1, 14], "texture": "#2"},
				"up": {"uv": [0, 0, 16, 0], "texture": "#2"},
				"down": {"uv": [0, 0, 16, 0], "texture": "#2"}
			}
		},
		{
			"from": [-2.22183, 0, 7.77817],
			"to": [17.77817, 10, 7.77817],
			"shade": false,
			"rotation": {"angle": 45, "axis": "y", "origin": [7.77817, 5, 7.77817]},
			"faces": {
				"north": {"uv": [0, 6, 16, 16], "texture": "#2"},
				"east": {"uv": [0, 2, 0, 14], "texture": "#2"},
				"south": {"uv": [0, 6, 16, 16], "texture": "#2"},
				"west": {"uv": [1, 2, 1, 14], "texture": "#2"},
				"up": {"uv": [0, 0, 16, 0], "texture": "#2"},
				"down": {"uv": [0, 0, 16, 0], "texture": "#2"}
			}
		},
		{
			"from": [1, 6, 1],
			"to": [4, 6, 4],
			"shade": false,
			"rotation": {"angle": -22.5, "axis": "x", "origin": [2.5, 6, 2.5]},
			"faces": {
				"north": {"uv": [0, 0, 3, 0], "texture": "#3"},
				"east": {"uv": [0, 0, 3, 0], "texture": "#3"},
				"south": {"uv": [0, 0, 3, 0], "texture": "#3"},
				"west": {"uv": [0, 0, 3, 0], "texture": "#3"},
				"up": {"uv": [0, 0, 3, 3], "texture": "#3"},
				"down": {"uv": [0, 0, 3, 3], "texture": "#3"}
			}
		},
		{
			"from": [11, 6, 1],
			"to": [14, 6, 4],
			"shade": false,
			"rotation": {"angle": 22.5, "axis": "y", "origin": [12.5, 6, 2.5]},
			"faces": {
				"north": {"uv": [0, 0, 3, 0], "texture": "#3"},
				"east": {"uv": [0, 0, 3, 0], "texture": "#3"},
				"south": {"uv": [0, 0, 3, 0], "texture": "#3"},
				"west": {"uv": [0, 0, 3, 0], "texture": "#3"},
				"up": {"uv": [0, 0, 3, 3], "texture": "#3"},
				"down": {"uv": [0, 0, 3, 3], "texture": "#3"}
			}
		},
		{
			"from": [11, 6, 11],
			"to": [14, 6, 14],
			"shade": false,
			"rotation": {"angle": 22.5, "axis": "x", "origin": [12.5, 6, 12.5]},
			"faces": {
				"north": {"uv": [0, 0, 3, 0], "texture": "#3"},
				"east": {"uv": [0, 0, 3, 0], "texture": "#3"},
				"south": {"uv": [0, 0, 3, 0], "texture": "#3"},
				"west": {"uv": [0, 0, 3, 0], "texture": "#3"},
				"up": {"uv": [0, 0, 3, 3], "texture": "#3"},
				"down": {"uv": [0, 0, 3, 3], "texture": "#3"}
			}
		},
		{
			"from": [1, 6, 11],
			"to": [4, 6, 14],
			"shade": false,
			"rotation": {"angle": 22.5, "axis": "z", "origin": [2.5, 6, 12.5]},
			"faces": {
				"north": {"uv": [0, 0, 3, 0], "texture": "#3"},
				"east": {"uv": [0, 0, 3, 0], "texture": "#3"},
				"south": {"uv": [0, 0, 3, 0], "texture": "#3"},
				"west": {"uv": [0, 0, 3, 0], "texture": "#3"},
				"up": {"uv": [0, 0, 3, 3], "texture": "#3"},
				"down": {"uv": [0, 0, 3, 3], "texture": "#3"}
			}
		},
		{
			"from": [4, 10, 9],
			"to": [7, 10, 12],
			"shade": false,
			"rotation": {"angle": 22.5, "axis": "x", "origin": [4.5, 10, 10.5]},
			"faces": {
				"north": {"uv": [0, 0, 3, 0], "texture": "#3"},
				"east": {"uv": [0, 0, 3, 0], "texture": "#3"},
				"south": {"uv": [0, 0, 3, 0], "texture": "#3"},
				"west": {"uv": [0, 0, 3, 0], "texture": "#3"},
				"up": {"uv": [0, 0, 3, 3], "texture": "#3"},
				"down": {"uv": [0, 0, 3, 3], "texture": "#3"}
			}
		},
		{
			"from": [3, 10, 4],
			"to": [6, 10, 7],
			"shade": false,
			"rotation": {"angle": 45, "axis": "y", "origin": [4.5, 10, 5.5]},
			"faces": {
				"north": {"uv": [0, 0, 3, 0], "texture": "#3"},
				"east": {"uv": [0, 0, 3, 0], "texture": "#3"},
				"south": {"uv": [0, 0, 3, 0], "texture": "#3"},
				"west": {"uv": [0, 0, 3, 0], "texture": "#3"},
				"up": {"uv": [0, 0, 3, 3], "texture": "#3"},
				"down": {"uv": [0, 0, 3, 3], "texture": "#3"}
			}
		},
		{
			"from": [9, 10, 4],
			"to": [12, 10, 7],
			"shade": false,
			"rotation": {"angle": -22.5, "axis": "x", "origin": [10.5, 10, 5.5]},
			"faces": {
				"north": {"uv": [0, 0, 3, 0], "texture": "#3"},
				"east": {"uv": [0, 0, 3, 0], "texture": "#3"},
				"south": {"uv": [0, 0, 3, 0], "texture": "#3"},
				"west": {"uv": [0, 0, 3, 0], "texture": "#3"},
				"up": {"uv": [0, 0, 3, 3], "texture": "#3"},
				"down": {"uv": [0, 0, 3, 3], "texture": "#3"}
			}
		},
		{
			"from": [9, 10, 9],
			"to": [12, 10, 12],
			"shade": false,
			"rotation": {"angle": -22.5, "axis": "z", "origin": [10.5, 10, 10.5]},
			"faces": {
				"north": {"uv": [0, 0, 3, 0], "texture": "#3"},
				"east": {"uv": [0, 0, 3, 0], "texture": "#3"},
				"south": {"uv": [0, 0, 3, 0], "texture": "#3"},
				"west": {"uv": [0, 0, 3, 0], "texture": "#3"},
				"up": {"uv": [0, 0, 3, 3], "texture": "#3"},
				"down": {"uv": [0, 0, 3, 3], "texture": "#3"}
			}
		}
	],
	"groups": [
		{
			"name": "group",
			"origin": [7.77817, 7, 7.77817],
			"color": 0,
			"children": [0, 1]
		},
		{
			"name": "group",
			"origin": [0, 0, 0],
			"color": 0,
			"children": [2, 3, 4, 5, 6, 7, 8, 9]
		}
	]
}