{
	"credit": "Made with Blockbench",
	"textures": {
		"0": "block/azure_bluet_f",
		"1": "block/azure_bluet_stem",
		"particle": "block/azure_bluet_f"
	},
	"elements": [
		{
			"from": [1, 0, 0],
			"to": [21, 7, 0],
			"shade": false,
			"rotation": {"angle": -45, "axis": "y", "origin": [0, -2, 0]},
			"faces": {
				"north": {"uv": [0, 7, 16, 14], "texture": "#1"},
				"east": {"uv": [0, 2, 0, 9], "texture": "#1"},
				"south": {"uv": [0, 7, 16, 14], "texture": "#1"},
				"west": {"uv": [1, 2, 1, 9], "texture": "#1"},
				"up": {"uv": [0, 0, 16, 0], "texture": "#1"},
				"down": {"uv": [0, 0, 16, 0], "texture": "#1"}
			}
		},
		{
			"from": [-2.22183, 0, 7.77817],
			"to": [17.77817, 7, 7.77817],
			"shade": false,
			"rotation": {"angle": 45, "axis": "y", "origin": [7.77817, 5, 7.77817]},
			"faces": {
				"north": {"uv": [0, 7, 16, 14], "texture": "#1"},
				"east": {"uv": [0, 2, 0, 9], "texture": "#1"},
				"south": {"uv": [0, 7, 16, 14], "texture": "#1"},
				"west": {"uv": [1, 2, 1, 9], "texture": "#1"},
				"up": {"uv": [0, 0, 16, 0], "texture": "#1"},
				"down": {"uv": [0, 0, 16, 0], "texture": "#1"}
			}
		},
		{
			"from": [6, 7, 7],
			"to": [9, 7, 10],
			"shade": false,
			"rotation": {"angle": 22.5, "axis": "x", "origin": [7.5, 7, 8.5]},
			"faces": {
				"north": {"uv": [0, 0, 3, 0], "texture": "#0"},
				"east": {"uv": [0, 0, 3, 0], "texture": "#0"},
				"south": {"uv": [0, 0, 3, 0], "texture": "#0"},
				"west": {"uv": [0, 0, 3, 0], "texture": "#0"},
				"up": {"uv": [0, 0, 3, 3], "texture": "#0"},
				"down": {"uv": [0, 0, 3, 3], "texture": "#0"}
			}
		},
		{
			"from": [1, 4, 1],
			"to": [4, 4, 4],
			"shade": false,
			"rotation": {"angle": 22.5, "axis": "z", "origin": [2.5, 4, 2.5]},
			"faces": {
				"north": {"uv": [0, 0, 3, 0], "texture": "#0"},
				"east": {"uv": [0, 0, 3, 0], "texture": "#0"},
				"south": {"uv": [0, 0, 3, 0], "texture": "#0"},
				"west": {"uv": [0, 0, 3, 0], "texture": "#0"},
				"up": {"uv": [0, 0, 3, 3], "texture": "#0"},
				"down": {"uv": [0, 0, 3, 3], "texture": "#0"}
			}
		},
		{
			"from": [1, 4, 11],
			"to": [4, 4, 14],
			"shade": false,
			"rotation": {"angle": 22.5, "axis": "z", "origin": [2.5, 4, 12.5]},
			"faces": {
				"north": {"uv": [0, 0, 3, 0], "texture": "#0"},
				"east": {"uv": [0, 0, 3, 0], "texture": "#0"},
				"south": {"uv": [0, 0, 3, 0], "texture": "#0"},
				"west": {"uv": [0, 0, 3, 0], "texture": "#0"},
				"up": {"uv": [0, 0, 3, 3], "texture": "#0"},
				"down": {"uv": [0, 0, 3, 3], "texture": "#0"}
			}
		},
		{
			"from": [11, 4, 11],
			"to": [14, 4, 14],
			"shade": false,
			"rotation": {"angle": 22.5, "axis": "x", "origin": [12.5, 4, 12.5]},
			"faces": {
				"north": {"uv": [0, 0, 3, 0], "texture": "#0"},
				"east": {"uv": [0, 0, 3, 0], "texture": "#0"},
				"south": {"uv": [0, 0, 3, 0], "texture": "#0"},
				"west": {"uv": [0, 0, 3, 0], "texture": "#0"},
				"up": {"uv": [0, 0, 3, 3], "texture": "#0"},
				"down": {"uv": [0, 0, 3, 3], "texture": "#0"}
			}
		},
		{
			"from": [11, 4, 1],
			"to": [14, 4, 4],
			"shade": false,
			"rotation": {"angle": -22.5, "axis": "x", "origin": [12.5, 4, 2.5]},
			"faces": {
				"north": {"uv": [0, 0, 3, 0], "texture": "#0"},
				"east": {"uv": [0, 0, 3, 0], "texture": "#0"},
				"south": {"uv": [0, 0, 3, 0], "texture": "#0"},
				"west": {"uv": [0, 0, 3, 0], "texture": "#0"},
				"up": {"uv": [0, 0, 3, 3], "texture": "#0"},
				"down": {"uv": [0, 0, 3, 3], "texture": "#0"}
			}
		},
		{
			"from": [9, 6, 4],
			"to": [12, 6, 7],
			"shade": false,
			"rotation": {"angle": -22.5, "axis": "y", "origin": [9.5, 6, 5.5]},
			"faces": {
				"north": {"uv": [0, 0, 3, 0], "texture": "#0"},
				"east": {"uv": [0, 0, 3, 0], "texture": "#0"},
				"south": {"uv": [0, 0, 3, 0], "texture": "#0"},
				"west": {"uv": [0, 0, 3, 0], "texture": "#0"},
				"up": {"uv": [0, 0, 3, 3], "texture": "#0"},
				"down": {"uv": [0, 0, 3, 3], "texture": "#0"}
			}
		},
		{
			"from": [9, 6, 9],
			"to": [12, 6, 12],
			"shade": false,
			"rotation": {"angle": -22.5, "axis": "z", "origin": [10.5, 6, 10.5]},
			"faces": {
				"north": {"uv": [0, 0, 3, 0], "texture": "#0"},
				"east": {"uv": [0, 0, 3, 0], "texture": "#0"},
				"south": {"uv": [0, 0, 3, 0], "texture": "#0"},
				"west": {"uv": [0, 0, 3, 0], "texture": "#0"},
				"up": {"uv": [0, 0, 3, 3], "texture": "#0"},
				"down": {"uv": [0, 0, 3, 3], "texture": "#0"}
			}
		},
		{
			"from": [4, 6, 9],
			"to": [7, 6, 12],
			"shade": false,
			"rotation": {"angle": 45, "axis": "x", "origin": [5.5, 6, 10.5]},
			"faces": {
				"north": {"uv": [0, 0, 3, 0], "texture": "#0"},
				"east": {"uv": [0, 0, 3, 0], "texture": "#0"},
				"south": {"uv": [0, 0, 3, 0], "texture": "#0"},
				"west": {"uv": [0, 0, 3, 0], "texture": "#0"},
				"up": {"uv": [0, 0, 3, 3], "texture": "#0"},
				"down": {"uv": [0, 0, 3, 3], "texture": "#0"}
			}
		},
		{
			"from": [4, 6, 4],
			"to": [7, 6, 7],
			"shade": false,
			"rotation": {"angle": -22.5, "axis": "x", "origin": [5.5, 6, 5.5]},
			"faces": {
				"north": {"uv": [0, 0, 3, 0], "texture": "#0"},
				"east": {"uv": [0, 0, 3, 0], "texture": "#0"},
				"south": {"uv": [0, 0, 3, 0], "texture": "#0"},
				"west": {"uv": [0, 0, 3, 0], "texture": "#0"},
				"up": {"uv": [0, 0, 3, 3], "texture": "#0"},
				"down": {"uv": [0, 0, 3, 3], "texture": "#0"}
			}
		}
	],
	"groups": [
		{
			"name": "group",
			"origin": [7.77817, 7, 7.77817],
			"color": 0,
			"children": [0, 1]
		},
		{
			"name": "group",
			"origin": [2.5, 6, 2.5],
			"color": 0,
			"children": [2, 3, 4, 5, 6, 7, 8, 9, 10]
		}
	]
}