{
	"credit": "Made with Blockbench",
	"ambientocclusion": false,
	"textures": {
		"1": "block/bamboobase",
		"particle": "block/bamboo_stage0",
		"cross": "block/bamboo_stage0"
	},
	"elements": [
		{
			"from": [5, 0, 5],
			"to": [11, 4, 11],
			"shade": false,
			"faces": {
				"north": {"uv": [5, 12, 11, 16], "texture": "#1"},
				"east": {"uv": [5, 12, 11, 16], "texture": "#1"},
				"south": {"uv": [5, 12, 11, 16], "texture": "#1"},
				"west": {"uv": [5, 12, 11, 16], "texture": "#1"},
				"up": {"uv": [5, 10, 11, 16], "texture": "#1"},
				"down": {"uv": [5, 10, 11, 16], "texture": "#1", "cullface": "down"}
			}
		},
		{
			"from": [6, 4, 6],
			"to": [10, 10, 10],
			"shade": false,
			"faces": {
				"north": {"uv": [6, 6, 10, 12], "texture": "#1"},
				"east": {"uv": [6, 6, 10, 12], "texture": "#1"},
				"south": {"uv": [6, 6, 10, 12], "texture": "#1"},
				"west": {"uv": [6, 6, 10, 12], "texture": "#1"},
				"up": {"uv": [6, 7, 10, 11], "texture": "#1"},
				"down": {"uv": [6, 7, 10, 11], "texture": "#1", "cullface": "down"}
			}
		},
		{
			"from": [8, 2, -2],
			"to": [8, 18, 18],
			"shade": false,
			"rotation": {"angle": 45, "axis": "y", "origin": [8, 10, 8]},
			"faces": {
				"north": {"uv": [0, 0, 0, 16], "texture": "#cross"},
				"east": {"uv": [0, 0, 16, 16], "texture": "#cross"},
				"south": {"uv": [0, 0, 0, 16], "texture": "#cross"},
				"west": {"uv": [0, 0, 16, 16], "texture": "#cross"},
				"up": {"uv": [0, 0, 0, 16], "texture": "#cross"},
				"down": {"uv": [0, 0, 0, 16], "texture": "#cross"}
			}
		},
		{
			"from": [8, 2, -2],
			"to": [8, 18, 18],
			"shade": false,
			"rotation": {"angle": -45, "axis": "y", "origin": [8, 10, 8]},
			"faces": {
				"north": {"uv": [0, 0, 0, 16], "texture": "#cross"},
				"east": {"uv": [0, 0, 16, 16], "texture": "#cross"},
				"south": {"uv": [0, 0, 0, 16], "texture": "#cross"},
				"west": {"uv": [0, 0, 16, 16], "texture": "#cross"},
				"up": {"uv": [0, 0, 0, 16], "texture": "#cross"},
				"down": {"uv": [0, 0, 0, 16], "texture": "#cross"}
			}
		}
	]
}