{
	"credit": "Made with Blockbench",
	"textures": {
		"1": "block/beet",
		"5": "block/beetstem21",
		"6": "block/beetstem4",
		"7": "block/beetstem5",
		"particle": "block/beetstem21"
	},
	"elements": [
		{
			"from": [12, -1, 10],
			"to": [12, 10, 16],
			"shade": false,
			"rotation": {"angle": 45, "axis": "y", "origin": [12, 4.5, 13]},
			"faces": {
				"north": {"uv": [0, 0, 0, 15], "texture": "#missing"},
				"east": {"uv": [4, 0, 10, 11], "texture": "#7"},
				"south": {"uv": [0, 0, 0, 15], "texture": "#missing"},
				"west": {"uv": [4, 0, 10, 11], "texture": "#7"},
				"up": {"uv": [0, 0, 0, 10], "texture": "#missing"},
				"down": {"uv": [0, 0, 0, 10], "texture": "#missing"}
			}
		},
		{
			"from": [12, -1, 10],
			"to": [12, 10, 16],
			"shade": false,
			"rotation": {"angle": -45, "axis": "y", "origin": [12, 4.5, 13]},
			"faces": {
				"north": {"uv": [0, 0, 0, 10], "texture": "#missing"},
				"east": {"uv": [4, 0, 10, 11], "texture": "#7"},
				"south": {"uv": [0, 0, 0, 10], "texture": "#missing"},
				"west": {"uv": [4, 0, 10, 11], "texture": "#7"},
				"up": {"uv": [0, 0, 0, 7], "texture": "#missing"},
				"down": {"uv": [0, 0, 0, 7], "texture": "#missing"}
			}
		},
		{
			"from": [4, -1, 6],
			"to": [4, 10, 12],
			"shade": false,
			"rotation": {"angle": 45, "axis": "y", "origin": [4, 6.5, 9]},
			"faces": {
				"north": {"uv": [0, 0, 0, 15], "texture": "#missing"},
				"east": {"uv": [5, 0, 11, 11], "texture": "#6"},
				"south": {"uv": [0, 0, 0, 15], "texture": "#missing"},
				"west": {"uv": [5, 0, 11, 11], "texture": "#6"},
				"up": {"uv": [0, 0, 0, 10], "texture": "#missing"},
				"down": {"uv": [0, 0, 0, 10], "texture": "#missing"}
			}
		},
		{
			"from": [4, -1, 6],
			"to": [4, 10, 12],
			"shade": false,
			"rotation": {"angle": -45, "axis": "y", "origin": [4, 6.5, 9]},
			"faces": {
				"north": {"uv": [0, 0, 0, 10], "texture": "#missing"},
				"east": {"uv": [5, 0, 11, 11], "texture": "#6"},
				"south": {"uv": [0, 0, 0, 10], "texture": "#missing"},
				"west": {"uv": [5, 0, 11, 11], "texture": "#6"},
				"up": {"uv": [0, 0, 0, 7], "texture": "#missing"},
				"down": {"uv": [0, 0, 0, 7], "texture": "#missing"}
			}
		},
		{
			"from": [9, -1, 2],
			"to": [13, 1, 6],
			"shade": false,
			"rotation": {"angle": 0, "axis": "y", "origin": [0, -3, 0]},
			"faces": {
				"north": {"uv": [0, 0, 4, 4], "texture": "#1"},
				"east": {"uv": [0, 0, 4, 2], "texture": "#1"},
				"south": {"uv": [0, 0, 4, 2], "texture": "#1"},
				"west": {"uv": [0, 0, 4, 2], "texture": "#1"},
				"up": {"uv": [0, 0, 4, 4], "texture": "#1"}
			}
		},
		{
			"from": [12, 1, 2],
			"to": [12, 9, 6],
			"shade": false,
			"rotation": {"angle": 45, "axis": "y", "origin": [11, 5, 5]},
			"faces": {
				"north": {"uv": [0, 0, 0, 15], "texture": "#missing"},
				"east": {"uv": [7, 8, 11, 16], "texture": "#5"},
				"south": {"uv": [0, 0, 0, 15], "texture": "#missing"},
				"west": {"uv": [7, 8, 11, 16], "texture": "#5"},
				"up": {"uv": [0, 0, 0, 10], "texture": "#missing"},
				"down": {"uv": [0, 0, 0, 10], "texture": "#missing"}
			}
		},
		{
			"from": [10, 1, 2],
			"to": [10, 9, 6],
			"shade": false,
			"rotation": {"angle": -45, "axis": "y", "origin": [11, 5, 5]},
			"faces": {
				"north": {"uv": [0, 0, 0, 10], "texture": "#missing"},
				"east": {"uv": [7, 8, 11, 16], "texture": "#5"},
				"south": {"uv": [0, 0, 0, 10], "texture": "#missing"},
				"west": {"uv": [7, 8, 11, 16], "texture": "#5"},
				"up": {"uv": [0, 0, 0, 7], "texture": "#missing"},
				"down": {"uv": [0, 0, 0, 7], "texture": "#missing"}
			}
		}
	],
	"groups": [
		{
			"name": "group",
			"origin": [0, 0, 0],
			"color": 0,
			"children": [0, 1]
		},
		{
			"name": "group",
			"origin": [4, 7, 3.5],
			"color": 0,
			"children": [2, 3]
		},
		{
			"name": "group",
			"origin": [0, 0, 0],
			"color": 0,
			"children": [4, 5, 6]
		}
	]
}