{
	"credit": "Made with Blockbench",
	"textures": {
		"1": "block/beet",
		"2": "block/beetstem1",
		"3": "block/beetstem2",
		"4": "block/beetstem3",
		"particle": "block/beetstem"
	},
	"elements": [
		{
			"from": [2, -1, 9],
			"to": [6, 2, 13],
			"shade": false,
			"rotation": {"angle": 0, "axis": "y", "origin": [0, -1, 0]},
			"faces": {
				"north": {"uv": [0, 0, 4, 3], "texture": "#1"},
				"east": {"uv": [0, 0, 4, 3], "texture": "#1"},
				"south": {"uv": [0, 0, 4, 3], "texture": "#1"},
				"west": {"uv": [0, 0, 4, 3], "texture": "#1"},
				"up": {"uv": [0, 0, 4, 4], "texture": "#1"}
			}
		},
		{
			"from": [4, 2, 6],
			"to": [4, 16, 16],
			"shade": false,
			"rotation": {"angle": 45, "axis": "y", "origin": [4, 7, 11]},
			"faces": {
				"north": {"uv": [0, 0, 0, 15], "texture": "#2"},
				"east": {"uv": [3, 1, 13, 15], "texture": "#2"},
				"south": {"uv": [0, 0, 0, 15], "texture": "#2"},
				"west": {"uv": [3, 1, 13, 15], "texture": "#2"},
				"up": {"uv": [0, 0, 0, 10], "texture": "#2"},
				"down": {"uv": [0, 0, 0, 10], "texture": "#2"}
			}
		},
		{
			"from": [4, 2, 6],
			"to": [4, 16, 16],
			"shade": false,
			"rotation": {"angle": -45, "axis": "y", "origin": [4, 7, 11]},
			"faces": {
				"north": {"uv": [0, 0, 0, 10], "texture": "#2"},
				"east": {"uv": [3, 1, 13, 15], "texture": "#2"},
				"south": {"uv": [0, 0, 0, 10], "texture": "#2"},
				"west": {"uv": [3, 1, 13, 15], "texture": "#2"},
				"up": {"uv": [0, 0, 0, 7], "texture": "#2"},
				"down": {"uv": [0, 0, 0, 7], "texture": "#2"}
			}
		},
		{
			"from": [10, -1, 5],
			"to": [14, 1, 9],
			"shade": false,
			"rotation": {"angle": 0, "axis": "y", "origin": [0, -1, 0]},
			"faces": {
				"north": {"uv": [0, 0, 4, 2], "texture": "#1"},
				"east": {"uv": [0, 0, 4, 2], "texture": "#1"},
				"south": {"uv": [0, 0, 4, 2], "texture": "#1"},
				"west": {"uv": [0, 0, 4, 2], "texture": "#1"},
				"up": {"uv": [0, 0, 4, 4], "texture": "#1"}
			}
		},
		{
			"from": [12, 1, 3],
			"to": [12, 16, 11],
			"shade": false,
			"rotation": {"angle": 45, "axis": "y", "origin": [12, 8.5, 7]},
			"faces": {
				"north": {"uv": [0, 0, 0, 15], "texture": "#2"},
				"east": {"uv": [4, 0, 12, 15], "texture": "#4"},
				"south": {"uv": [0, 0, 0, 15], "texture": "#2"},
				"west": {"uv": [4, 0, 12, 15], "texture": "#4"},
				"up": {"uv": [0, 0, 0, 10], "texture": "#2"},
				"down": {"uv": [0, 0, 0, 10], "texture": "#2"}
			}
		},
		{
			"from": [12, 1, 3],
			"to": [12, 16, 11],
			"shade": false,
			"rotation": {"angle": -45, "axis": "y", "origin": [12, 8.5, 7]},
			"faces": {
				"north": {"uv": [0, 0, 0, 10], "texture": "#2"},
				"east": {"uv": [4, 0, 12, 15], "texture": "#4"},
				"south": {"uv": [0, 0, 0, 10], "texture": "#2"},
				"west": {"uv": [4, 0, 12, 15], "texture": "#4"},
				"up": {"uv": [0, 0, 0, 7], "texture": "#2"},
				"down": {"uv": [0, 0, 0, 7], "texture": "#2"}
			}
		},
		{
			"from": [2, -1, 2],
			"to": [6, 1, 6],
			"shade": false,
			"rotation": {"angle": 0, "axis": "y", "origin": [0, -1, 0]},
			"faces": {
				"north": {"uv": [0, 0, 4, 2], "texture": "#1"},
				"east": {"uv": [0, 0, 4, 2], "texture": "#1"},
				"south": {"uv": [0, 0, 4, 2], "texture": "#1"},
				"west": {"uv": [0, 0, 4, 2], "texture": "#1"},
				"up": {"uv": [0, 0, 4, 4], "texture": "#1"}
			}
		},
		{
			"from": [4, 1, 1],
			"to": [4, 12, 7],
			"shade": false,
			"rotation": {"angle": 45, "axis": "y", "origin": [4, 6.5, 4]},
			"faces": {
				"north": {"uv": [0, 0, 0, 15], "texture": "#2"},
				"east": {"uv": [5, 5, 11, 16], "texture": "#3"},
				"south": {"uv": [0, 0, 0, 15], "texture": "#2"},
				"west": {"uv": [5, 5, 11, 16], "texture": "#3"},
				"up": {"uv": [0, 0, 0, 10], "texture": "#2"},
				"down": {"uv": [0, 0, 0, 10], "texture": "#2"}
			}
		},
		{
			"from": [4, 1, 1],
			"to": [4, 12, 7],
			"shade": false,
			"rotation": {"angle": -45, "axis": "y", "origin": [4, 6.5, 4]},
			"faces": {
				"north": {"uv": [0, 0, 0, 10], "texture": "#2"},
				"east": {"uv": [5, 5, 11, 16], "texture": "#3"},
				"south": {"uv": [0, 0, 0, 10], "texture": "#2"},
				"west": {"uv": [5, 5, 11, 16], "texture": "#3"},
				"up": {"uv": [0, 0, 0, 7], "texture": "#2"},
				"down": {"uv": [0, 0, 0, 7], "texture": "#2"}
			}
		}
	],
	"groups": [
		{
			"name": "group",
			"origin": [4, 8, 11.5],
			"color": 0,
			"children": [0, 1, 2]
		},
		{
			"name": "group",
			"origin": [0, 0, 0],
			"color": 0,
			"children": [3, 4, 5]
		},
		{
			"name": "group",
			"origin": [4, 7, 3.5],
			"color": 0,
			"children": [6, 7, 8]
		}
	]
}