{
	"credit": "Made with Blockbench",
	"textures": {
		"1": "block/beet",
		"2": "block/beetstem1",
		"4": "block/beetstem3",
		"6": "block/beetstem4",
		"particle": "block/beetstem"
	},
	"elements": [
		{
			"from": [10, -1, 8],
			"to": [14, 1, 12],
			"shade": false,
			"rotation": {"angle": 0, "axis": "y", "origin": [0, -1, 3]},
			"faces": {
				"north": {"uv": [0, 0, 4, 2], "texture": "#1"},
				"east": {"uv": [0, 0, 4, 2], "texture": "#1"},
				"south": {"uv": [0, 0, 4, 2], "texture": "#1"},
				"west": {"uv": [0, 0, 4, 2], "texture": "#1"},
				"up": {"uv": [0, 0, 4, 4], "texture": "#1"}
			}
		},
		{
			"from": [12, 1, 5],
			"to": [12, 16, 15],
			"shade": false,
			"rotation": {"angle": 45, "axis": "y", "origin": [12, 8.5, 10]},
			"faces": {
				"north": {"uv": [0, 0, 0, 15], "texture": "#2"},
				"east": {"uv": [3, 0, 13, 15], "texture": "#2"},
				"south": {"uv": [0, 0, 0, 15], "texture": "#2"},
				"west": {"uv": [3, 0, 13, 15], "texture": "#2"},
				"up": {"uv": [0, 0, 0, 10], "texture": "#2"},
				"down": {"uv": [0, 0, 0, 10], "texture": "#2"}
			}
		},
		{
			"from": [12, 1, 5],
			"to": [12, 16, 15],
			"shade": false,
			"rotation": {"angle": -45, "axis": "y", "origin": [12, 8.5, 10]},
			"faces": {
				"north": {"uv": [0, 0, 0, 10], "texture": "#2"},
				"east": {"uv": [3, 0, 13, 15], "texture": "#2"},
				"south": {"uv": [0, 0, 0, 10], "texture": "#2"},
				"west": {"uv": [3, 0, 13, 15], "texture": "#2"},
				"up": {"uv": [0, 0, 0, 7], "texture": "#2"},
				"down": {"uv": [0, 0, 0, 7], "texture": "#2"}
			}
		},
		{
			"from": [2, -1, 9],
			"to": [6, 1, 13],
			"shade": false,
			"rotation": {"angle": 0, "axis": "y", "origin": [0, -1, 7]},
			"faces": {
				"north": {"uv": [0, 0, 4, 2], "texture": "#1"},
				"east": {"uv": [0, 0, 4, 2], "texture": "#1"},
				"south": {"uv": [0, 0, 4, 2], "texture": "#1"},
				"west": {"uv": [0, 0, 4, 2], "texture": "#1"},
				"up": {"uv": [0, 0, 4, 4], "texture": "#1"}
			}
		},
		{
			"from": [4, 1, 8],
			"to": [4, 13, 14],
			"shade": false,
			"rotation": {"angle": 45, "axis": "y", "origin": [3.75, 7, 11.25]},
			"faces": {
				"north": {"uv": [0, 0, 0, 12], "texture": "#2"},
				"east": {"uv": [5, 0, 11, 12], "texture": "#6"},
				"south": {"uv": [6, 0, 6, 12], "texture": "#2"},
				"west": {"uv": [5, 0, 11, 12], "texture": "#6"},
				"up": {"uv": [0, 0, 0, 10], "texture": "#2"},
				"down": {"uv": [0, 0, 0, 10], "texture": "#2"}
			}
		},
		{
			"from": [1, 1, 11],
			"to": [7, 13, 11],
			"shade": false,
			"rotation": {"angle": 45, "axis": "y", "origin": [4, 7, 11]},
			"faces": {
				"north": {"uv": [5, 0, 11, 12], "texture": "#6"},
				"east": {"uv": [5, 0, 5, 12], "texture": "#2"},
				"south": {"uv": [5, 0, 11, 12], "texture": "#6"},
				"west": {"uv": [5, 0, 5, 12], "texture": "#2"},
				"up": {"uv": [0, 0, 0, 7], "rotation": 270, "texture": "#2"},
				"down": {"uv": [0, 0, 0, 7], "rotation": 90, "texture": "#2"}
			}
		},
		{
			"from": [3, -1, 2],
			"to": [7, 3, 6],
			"shade": false,
			"rotation": {"angle": 0, "axis": "y", "origin": [-6, -1, 0]},
			"faces": {
				"north": {"uv": [0, 0, 4, 4], "texture": "#1"},
				"east": {"uv": [0, 0, 4, 4], "texture": "#1"},
				"south": {"uv": [0, 0, 4, 4], "texture": "#1"},
				"west": {"uv": [0, 0, 4, 4], "texture": "#1"},
				"up": {"uv": [0, 0, 4, 4], "texture": "#1"}
			}
		},
		{
			"from": [5, 3, 0],
			"to": [5, 16, 8],
			"shade": false,
			"rotation": {"angle": 45, "axis": "y", "origin": [5.05178, 10.5, 2.91789]},
			"faces": {
				"north": {"uv": [0, 0, 0, 15], "texture": "#2"},
				"east": {"uv": [4, 1, 12, 14], "texture": "#4"},
				"south": {"uv": [0, 0, 0, 14], "texture": "#2"},
				"west": {"uv": [4, 1, 12, 14], "texture": "#4"},
				"up": {"uv": [0, 0, 0, 10], "texture": "#2"},
				"down": {"uv": [0, 0, 0, 10], "texture": "#2"}
			}
		},
		{
			"from": [5, 3, 0],
			"to": [5, 16, 8],
			"shade": false,
			"rotation": {"angle": -45, "axis": "y", "origin": [5.05178, 10.5, 2.91789]},
			"faces": {
				"north": {"uv": [0, 0, 0, 10], "texture": "#2"},
				"east": {"uv": [4, 1, 12, 14], "texture": "#4"},
				"south": {"uv": [0, 0, 0, 14], "texture": "#2"},
				"west": {"uv": [4, 1, 12, 14], "texture": "#4"},
				"up": {"uv": [0, 0, 0, 7], "texture": "#2"},
				"down": {"uv": [0, 0, 0, 7], "texture": "#2"}
			}
		}
	],
	"groups": [
		{
			"name": "group",
			"origin": [0, 0, 0],
			"color": 0,
			"children": [0, 1, 2]
		},
		{
			"name": "group",
			"origin": [4, 7, 3.5],
			"color": 0,
			"children": [3, 4, 5]
		},
		{
			"name": "group",
			"origin": [0, 0, 0],
			"color": 0,
			"children": [6, 7, 8]
		}
	]
}