{
	"credit": "Made with Blockbench",
	"textures": {
		"1": "block/beet",
		"2": "block/beetstem21",
		"4": "block/beetstem22",
		"6": "block/beetstem4",
		"particle": "block/beetstem"
	},
	"elements": [
		{
			"from": [12, -1, 5],
			"to": [12, 7, 9],
			"shade": false,
			"rotation": {"angle": -45, "axis": "y", "origin": [12, 3, 7]},
			"faces": {
				"north": {"uv": [0, 0, 0, 15], "texture": "#2"},
				"east": {"uv": [7, 8, 11, 16], "texture": "#2"},
				"south": {"uv": [0, 0, 0, 15], "texture": "#2"},
				"west": {"uv": [7, 8, 11, 16], "texture": "#2"},
				"up": {"uv": [0, 0, 0, 10], "texture": "#2"},
				"down": {"uv": [0, 0, 0, 10], "texture": "#2"}
			}
		},
		{
			"from": [12, -1, 5],
			"to": [12, 7, 9],
			"shade": false,
			"rotation": {"angle": 45, "axis": "y", "origin": [12, 3, 7]},
			"faces": {
				"north": {"uv": [0, 0, 0, 10], "texture": "#2"},
				"east": {"uv": [7, 8, 11, 16], "texture": "#2"},
				"south": {"uv": [0, 0, 0, 10], "texture": "#2"},
				"west": {"uv": [7, 8, 11, 16], "texture": "#2"},
				"up": {"uv": [0, 0, 0, 7], "texture": "#2"},
				"down": {"uv": [0, 0, 0, 7], "texture": "#2"}
			}
		},
		{
			"from": [8, -1, 3],
			"to": [8, 10, 9],
			"shade": false,
			"rotation": {"angle": 45, "axis": "y", "origin": [3.75, 5, 11.25]},
			"faces": {
				"north": {"uv": [0, 0, 0, 12], "texture": "#2"},
				"east": {"uv": [5, 0, 11, 11], "texture": "#6"},
				"south": {"uv": [6, 0, 6, 12], "texture": "#2"},
				"west": {"uv": [5, 0, 11, 11], "texture": "#6"},
				"up": {"uv": [0, 0, 0, 10], "texture": "#2"},
				"down": {"uv": [0, 0, 0, 10], "texture": "#2"}
			}
		},
		{
			"from": [5, -1, 6],
			"to": [11, 10, 6],
			"shade": false,
			"rotation": {"angle": 45, "axis": "y", "origin": [4, 5, 11]},
			"faces": {
				"north": {"uv": [5, 0, 11, 12], "texture": "#6"},
				"east": {"uv": [5, 0, 5, 11], "texture": "#2"},
				"south": {"uv": [5, 0, 11, 12], "texture": "#6"},
				"west": {"uv": [5, 0, 5, 11], "texture": "#2"},
				"up": {"uv": [0, 0, 0, 7], "rotation": 270, "texture": "#2"},
				"down": {"uv": [0, 0, 0, 7], "rotation": 90, "texture": "#2"}
			}
		},
		{
			"from": [2, -1, 10],
			"to": [6, 1, 14],
			"shade": false,
			"rotation": {"angle": 0, "axis": "y", "origin": [-7, -3, 8]},
			"faces": {
				"north": {"uv": [0, 0, 4, 2], "texture": "#1"},
				"east": {"uv": [0, 0, 4, 2], "texture": "#1"},
				"south": {"uv": [0, 0, 4, 2], "texture": "#1"},
				"west": {"uv": [0, 0, 4, 2], "texture": "#1"},
				"up": {"uv": [0, 0, 4, 4], "texture": "#1"}
			}
		},
		{
			"from": [4, 1, 8],
			"to": [4, 9, 16],
			"shade": false,
			"rotation": {"angle": -45, "axis": "y", "origin": [4, 5, 12]},
			"faces": {
				"north": {"uv": [0, 0, 0, 15], "texture": "#2"},
				"east": {"uv": [4, 8, 12, 16], "texture": "#4"},
				"south": {"uv": [0, 0, 0, 15], "texture": "#2"},
				"west": {"uv": [4, 8, 12, 16], "texture": "#4"},
				"up": {"uv": [0, 0, 0, 10], "texture": "#2"},
				"down": {"uv": [0, 0, 0, 10], "texture": "#2"}
			}
		},
		{
			"from": [4, 1, 8],
			"to": [4, 9, 16],
			"shade": false,
			"rotation": {"angle": 45, "axis": "y", "origin": [4, 5, 12]},
			"faces": {
				"north": {"uv": [0, 0, 0, 10], "texture": "#2"},
				"east": {"uv": [4, 8, 12, 16], "texture": "#4"},
				"south": {"uv": [0, 0, 0, 10], "texture": "#2"},
				"west": {"uv": [4, 8, 12, 16], "texture": "#4"},
				"up": {"uv": [0, 0, 0, 7], "texture": "#2"},
				"down": {"uv": [0, 0, 0, 7], "texture": "#2"}
			}
		}
	],
	"groups": [
		{
			"name": "group",
			"origin": [0, 0, 0],
			"color": 0,
			"children": [0, 1]
		},
		{
			"name": "group",
			"origin": [4, 7, 3.5],
			"color": 0,
			"children": [2, 3]
		},
		{
			"name": "group",
			"origin": [0, 0, 0],
			"color": 0,
			"children": [4, 5, 6]
		}
	]
}