{
	"credit": "Made with Blockbench",
	"textures": {
		"2": "block/beetroots_stage0",
		"particle": "block/beetroots_stage0"
	},
	"elements": [
		{
			"from": [3, -1, 5],
			"to": [5, 2, 5],
			"shade": false,
			"rotation": {"angle": -45, "axis": "y", "origin": [4, 0.5, 5]},
			"faces": {
				"north": {"uv": [2, 13, 4, 16], "texture": "#2"},
				"south": {"uv": [2, 13, 4, 16], "texture": "#2"}
			}
		},
		{
			"from": [3, -1, 5],
			"to": [5, 2, 5],
			"shade": false,
			"rotation": {"angle": 45, "axis": "y", "origin": [4, 0.5, 5]},
			"faces": {
				"north": {"uv": [2, 13, 4, 16], "texture": "#2"},
				"south": {"uv": [2, 13, 4, 16], "texture": "#2"}
			}
		},
		{
			"from": [3, -1, 11],
			"to": [6, 3, 11],
			"shade": false,
			"rotation": {"angle": -45, "axis": "y", "origin": [4, 0.5, 11]},
			"faces": {
				"north": {"uv": [6, 12, 9, 16], "texture": "#2"},
				"south": {"uv": [6, 12, 9, 16], "texture": "#2"}
			}
		},
		{
			"from": [3, -1, 11],
			"to": [6, 3, 11],
			"shade": false,
			"rotation": {"angle": 45, "axis": "y", "origin": [4, 0.5, 11]},
			"faces": {
				"north": {"uv": [6, 12, 9, 16], "texture": "#2"},
				"south": {"uv": [6, 12, 9, 16], "texture": "#2"}
			}
		},
		{
			"from": [11, -1, 3],
			"to": [13, 1, 3],
			"shade": false,
			"rotation": {"angle": -45, "axis": "y", "origin": [12, 0.5, 3]},
			"faces": {
				"north": {"uv": [2, 14, 4, 16], "texture": "#2"},
				"south": {"uv": [2, 14, 4, 16], "texture": "#2"}
			}
		},
		{
			"from": [11, -1, 3],
			"to": [13, 1, 3],
			"shade": false,
			"rotation": {"angle": 45, "axis": "y", "origin": [12, 0.5, 3]},
			"faces": {
				"north": {"uv": [2, 14, 4, 16], "texture": "#2"},
				"south": {"uv": [2, 14, 4, 16], "texture": "#2"}
			}
		},
		{
			"from": [12, -1, 14],
			"to": [14, 2, 14],
			"shade": false,
			"rotation": {"angle": -45, "axis": "y", "origin": [13, 0.5, 14]},
			"faces": {
				"north": {"uv": [2, 13, 4, 16], "texture": "#2"},
				"south": {"uv": [2, 13, 4, 16], "texture": "#2"}
			}
		},
		{
			"from": [12, -1, 14],
			"to": [14, 2, 14],
			"shade": false,
			"rotation": {"angle": 45, "axis": "y", "origin": [13, 0.5, 14]},
			"faces": {
				"north": {"uv": [2, 13, 4, 16], "texture": "#2"},
				"south": {"uv": [2, 13, 4, 16], "texture": "#2"}
			}
		},
		{
			"from": [10, -1, 8],
			"to": [13, 3, 8],
			"shade": false,
			"rotation": {"angle": -45, "axis": "y", "origin": [11, 0.5, 8]},
			"faces": {
				"north": {"uv": [6, 12, 9, 16], "texture": "#2"},
				"south": {"uv": [6, 12, 9, 16], "texture": "#2"}
			}
		},
		{
			"from": [10, -1, 8],
			"to": [13, 3, 8],
			"shade": false,
			"rotation": {"angle": 45, "axis": "y", "origin": [11, 0.5, 8]},
			"faces": {
				"north": {"uv": [6, 12, 9, 16], "texture": "#2"},
				"south": {"uv": [6, 12, 9, 16], "texture": "#2"}
			}
		}
	],
	"groups": [
		{
			"name": "group",
			"origin": [8, 8, 8],
			"color": 0,
			"children": [0, 1]
		},
		{
			"name": "group",
			"origin": [4, 1.5, 5],
			"color": 0,
			"children": [2, 3]
		},
		{
			"name": "group",
			"origin": [8, 8, 8],
			"color": 0,
			"children": [4, 5]
		},
		{
			"name": "group",
			"origin": [8, 8, 8],
			"color": 0,
			"children": [6, 7]
		},
		{
			"name": "group",
			"origin": [4, 1.5, 5],
			"color": 0,
			"children": [8, 9]
		}
	]
}