{
	"credit": "Made with Blockbench",
	"textures": {
		"1": "block/beet",
		"2": "block/beetstem2",
		"4": "block/beetstem3",
		"5": "block/beetstem",
		"6": "block/beetstem5",
		"7": "block/beetstem4",
		"particle": "block/beetstem"
	},
	"elements": [
		{
			"from": [2, -1, 9],
			"to": [6, 2, 13],
			"shade": false,
			"rotation": {"angle": 0, "axis": "y", "origin": [0, -1, 0]},
			"faces": {
				"north": {"uv": [0, 0, 4, 3], "texture": "#1"},
				"east": {"uv": [0, 0, 4, 3], "texture": "#1"},
				"south": {"uv": [0, 0, 4, 3], "texture": "#1"},
				"west": {"uv": [0, 0, 4, 3], "texture": "#1"},
				"up": {"uv": [0, 0, 4, 4], "texture": "#1"}
			}
		},
		{
			"from": [4, 2, 7],
			"to": [4, 16, 15],
			"shade": false,
			"rotation": {"angle": 45, "axis": "y", "origin": [4, 9, 11]},
			"faces": {
				"north": {"uv": [0, 0, 0, 15], "texture": "#2"},
				"east": {"uv": [4, 1, 12, 15], "texture": "#4"},
				"south": {"uv": [0, 0, 0, 15], "texture": "#2"},
				"west": {"uv": [4, 1, 12, 15], "texture": "#4"},
				"up": {"uv": [0, 0, 0, 10], "texture": "#2"},
				"down": {"uv": [0, 0, 0, 10], "texture": "#2"}
			}
		},
		{
			"from": [4, 2, 7],
			"to": [4, 16, 15],
			"shade": false,
			"rotation": {"angle": -45, "axis": "y", "origin": [4, 9, 11]},
			"faces": {
				"north": {"uv": [0, 0, 0, 10], "texture": "#2"},
				"east": {"uv": [4, 1, 12, 15], "texture": "#4"},
				"south": {"uv": [0, 0, 0, 10], "texture": "#2"},
				"west": {"uv": [4, 1, 12, 15], "texture": "#4"},
				"up": {"uv": [0, 0, 0, 7], "texture": "#2"},
				"down": {"uv": [0, 0, 0, 7], "texture": "#2"}
			}
		},
		{
			"from": [10, -1, 10],
			"to": [14, 1, 14],
			"shade": false,
			"rotation": {"angle": 0, "axis": "y", "origin": [0, -1, 5]},
			"faces": {
				"north": {"uv": [0, 0, 4, 2], "texture": "#1"},
				"east": {"uv": [0, 0, 4, 2], "texture": "#1"},
				"south": {"uv": [0, 0, 4, 2], "texture": "#1"},
				"west": {"uv": [0, 0, 4, 2], "texture": "#1"},
				"up": {"uv": [0, 0, 4, 4], "texture": "#1"}
			}
		},
		{
			"from": [12, 1, 9],
			"to": [12, 16, 15],
			"shade": false,
			"rotation": {"angle": -45, "axis": "y", "origin": [12, 8.5, 12]},
			"faces": {
				"north": {"uv": [0, 0, 0, 15], "texture": "#2"},
				"east": {"uv": [5, 0, 11, 15], "texture": "#7"},
				"south": {"uv": [0, 0, 0, 15], "texture": "#2"},
				"west": {"uv": [5, 0, 11, 15], "texture": "#7"},
				"up": {"uv": [0, 0, 0, 10], "texture": "#2"},
				"down": {"uv": [0, 0, 0, 10], "texture": "#2"}
			}
		},
		{
			"from": [12, 1, 9],
			"to": [12, 16, 15],
			"shade": false,
			"rotation": {"angle": 45, "axis": "y", "origin": [12, 8.5, 12]},
			"faces": {
				"north": {"uv": [0, 0, 0, 10], "texture": "#2"},
				"east": {"uv": [5, 0, 11, 15], "texture": "#7"},
				"south": {"uv": [0, 0, 0, 10], "texture": "#2"},
				"west": {"uv": [5, 0, 11, 15], "texture": "#7"},
				"up": {"uv": [0, 0, 0, 7], "texture": "#2"},
				"down": {"uv": [0, 0, 0, 7], "texture": "#2"}
			}
		},
		{
			"from": [2, -1, 2],
			"to": [6, 1, 6],
			"shade": false,
			"rotation": {"angle": 0, "axis": "y", "origin": [0, -1, 0]},
			"faces": {
				"north": {"uv": [0, 0, 4, 2], "texture": "#1"},
				"east": {"uv": [0, 0, 4, 2], "texture": "#1"},
				"south": {"uv": [0, 0, 4, 2], "texture": "#1"},
				"west": {"uv": [0, 0, 4, 2], "texture": "#1"},
				"up": {"uv": [0, 0, 4, 4], "texture": "#1"}
			}
		},
		{
			"from": [1, 1, 4],
			"to": [7, 16, 4],
			"shade": false,
			"rotation": {"angle": 45, "axis": "y", "origin": [4, 8.5, 4]},
			"faces": {
				"north": {"uv": [4, 0, 10, 15], "texture": "#6"},
				"east": {"uv": [0, 0, 0, 15], "texture": "#2"},
				"south": {"uv": [4, 0, 10, 15], "texture": "#6"},
				"west": {"uv": [0, 0, 0, 15], "texture": "#2"},
				"up": {"uv": [0, 0, 0, 10], "rotation": 90, "texture": "#2"},
				"down": {"uv": [0, 0, 0, 10], "rotation": 270, "texture": "#2"}
			}
		},
		{
			"from": [4, 1, 1],
			"to": [4, 16, 7],
			"shade": false,
			"rotation": {"angle": 45, "axis": "y", "origin": [4, 8.5, 4]},
			"faces": {
				"north": {"uv": [4, 0, 4, 10], "texture": "#2"},
				"east": {"uv": [5, 0, 11, 15], "texture": "#6"},
				"south": {"uv": [4, 0, 4, 10], "texture": "#2"},
				"west": {"uv": [5, 0, 11, 15], "texture": "#6"},
				"up": {"uv": [0, 0, 0, 7], "texture": "#2"},
				"down": {"uv": [0, 0, 0, 7], "texture": "#2"}
			}
		},
		{
			"from": [9, -1, 3],
			"to": [13, 3, 7],
			"shade": false,
			"rotation": {"angle": 0, "axis": "y", "origin": [0, -1, 1]},
			"faces": {
				"north": {"uv": [0, 0, 4, 4], "texture": "#1"},
				"east": {"uv": [0, 0, 4, 4], "texture": "#1"},
				"south": {"uv": [0, 0, 4, 4], "texture": "#1"},
				"west": {"uv": [0, 0, 4, 4], "texture": "#1"},
				"up": {"uv": [0, 0, 4, 4], "texture": "#1"}
			}
		},
		{
			"from": [11, 3, 1],
			"to": [11, 15, 8],
			"shade": false,
			"rotation": {"angle": -45, "axis": "y", "origin": [11, 10.5, 4.5]},
			"faces": {
				"north": {"uv": [0, 0, 0, 15], "texture": "#2"},
				"east": {"uv": [5, 2, 12, 14], "texture": "#5"},
				"south": {"uv": [0, 0, 0, 15], "texture": "#2"},
				"west": {"uv": [5, 2, 12, 14], "texture": "#5"},
				"up": {"uv": [0, 0, 0, 10], "texture": "#2"},
				"down": {"uv": [0, 0, 0, 10], "texture": "#2"}
			}
		},
		{
			"from": [11, 3, 1],
			"to": [11, 15, 8],
			"shade": false,
			"rotation": {"angle": 45, "axis": "y", "origin": [11, 10.5, 4.5]},
			"faces": {
				"north": {"uv": [0, 0, 0, 15], "texture": "#2"},
				"east": {"uv": [5, 2, 12, 14], "texture": "#5"},
				"south": {"uv": [0, 0, 0, 15], "texture": "#2"},
				"west": {"uv": [5, 2, 12, 14], "texture": "#5"},
				"up": {"uv": [0, 0, 0, 7], "texture": "#2"},
				"down": {"uv": [0, 0, 0, 7], "texture": "#2"}
			}
		}
	],
	"groups": [
		{
			"name": "group",
			"origin": [4, 8, 11.5],
			"color": 0,
			"children": [0, 1, 2]
		},
		{
			"name": "group",
			"origin": [0, 0, 0],
			"color": 0,
			"children": [3, 4, 5]
		},
		{
			"name": "group",
			"origin": [4, 7, 3.5],
			"color": 0,
			"children": [6, 7, 8]
		},
		{
			"name": "group",
			"origin": [0, 0, 0],
			"color": 0,
			"children": [9, 10, 11]
		}
	]
}