{
	"credit": "Made with Blockbench",
	"textures": {
		"1": "block/beet",
		"2": "block/beetstem21",
		"4": "block/beetstem22",
		"5": "block/beetstem23",
		"6": "block/beetstem5",
		"particle": "block/beetstem23"
	},
	"elements": [
		{
			"from": [2, -1, 9],
			"to": [6, 0, 13],
			"shade": false,
			"rotation": {"angle": 0, "axis": "y", "origin": [0, -3, 0]},
			"faces": {
				"north": {"uv": [0, 0, 4, 1], "texture": "#1"},
				"east": {"uv": [0, 0, 4, 1], "texture": "#1"},
				"south": {"uv": [0, 0, 4, 1], "texture": "#1"},
				"west": {"uv": [0, 0, 4, 1], "texture": "#1"},
				"up": {"uv": [0, 0, 4, 4], "texture": "#1"}
			}
		},
		{
			"from": [4, 0, 7],
			"to": [4, 8, 15],
			"shade": false,
			"rotation": {"angle": 45, "axis": "y", "origin": [4, 7, 11]},
			"faces": {
				"north": {"uv": [0, 0, 0, 15], "texture": "#2"},
				"east": {"uv": [4, 8, 12, 16], "texture": "#4"},
				"south": {"uv": [0, 0, 0, 15], "texture": "#2"},
				"west": {"uv": [4, 8, 12, 16], "texture": "#4"},
				"up": {"uv": [0, 0, 0, 10], "texture": "#2"},
				"down": {"uv": [0, 0, 0, 10], "texture": "#2"}
			}
		},
		{
			"from": [4, 0, 7],
			"to": [4, 8, 15],
			"shade": false,
			"rotation": {"angle": -45, "axis": "y", "origin": [4, 7, 11]},
			"faces": {
				"north": {"uv": [0, 0, 0, 10], "texture": "#2"},
				"east": {"uv": [4, 8, 12, 16], "texture": "#4"},
				"south": {"uv": [0, 0, 0, 10], "texture": "#2"},
				"west": {"uv": [4, 8, 12, 16], "texture": "#4"},
				"up": {"uv": [0, 0, 0, 7], "texture": "#2"},
				"down": {"uv": [0, 0, 0, 7], "texture": "#2"}
			}
		},
		{
			"from": [12, -1, 9],
			"to": [12, 7, 13],
			"shade": false,
			"rotation": {"angle": -45, "axis": "y", "origin": [12, 3, 11]},
			"faces": {
				"north": {"uv": [0, 0, 0, 15], "texture": "#2"},
				"east": {"uv": [7, 8, 11, 16], "texture": "#2"},
				"south": {"uv": [0, 0, 0, 15], "texture": "#2"},
				"west": {"uv": [7, 8, 11, 16], "texture": "#2"},
				"up": {"uv": [0, 0, 0, 10], "texture": "#2"},
				"down": {"uv": [0, 0, 0, 10], "texture": "#2"}
			}
		},
		{
			"from": [12, -1, 9],
			"to": [12, 7, 13],
			"shade": false,
			"rotation": {"angle": 45, "axis": "y", "origin": [12, 3, 11]},
			"faces": {
				"north": {"uv": [0, 0, 0, 10], "texture": "#2"},
				"east": {"uv": [7, 8, 11, 16], "texture": "#2"},
				"south": {"uv": [0, 0, 0, 10], "texture": "#2"},
				"west": {"uv": [7, 8, 11, 16], "texture": "#2"},
				"up": {"uv": [0, 0, 0, 7], "texture": "#2"},
				"down": {"uv": [0, 0, 0, 7], "texture": "#2"}
			}
		},
		{
			"from": [1, -1, 4],
			"to": [7, 11, 4],
			"shade": false,
			"rotation": {"angle": 45, "axis": "y", "origin": [4, 6.5, 4]},
			"faces": {
				"north": {"uv": [4, 0, 10, 15], "texture": "#6"},
				"east": {"uv": [4, 0, 4, 12], "texture": "#2"},
				"south": {"uv": [4, 0, 10, 15], "texture": "#6"},
				"west": {"uv": [4, 0, 10, 12], "texture": "#2"},
				"up": {"uv": [0, 0, 0, 10], "rotation": 90, "texture": "#2"},
				"down": {"uv": [0, 0, 0, 10], "rotation": 270, "texture": "#2"}
			}
		},
		{
			"from": [4, -1, 1],
			"to": [4, 11, 7],
			"shade": false,
			"rotation": {"angle": 45, "axis": "y", "origin": [4, 6.5, 4]},
			"faces": {
				"north": {"uv": [4, 0, 4, 10], "texture": "#2"},
				"east": {"uv": [4, 0, 10, 12], "texture": "#6"},
				"south": {"uv": [4, 0, 4, 10], "texture": "#2"},
				"west": {"uv": [4, 0, 10, 12], "texture": "#6"},
				"up": {"uv": [0, 0, 0, 7], "texture": "#2"},
				"down": {"uv": [0, 0, 0, 7], "texture": "#2"}
			}
		},
		{
			"from": [9, -1, 2],
			"to": [13, 1, 6],
			"shade": false,
			"rotation": {"angle": 0, "axis": "y", "origin": [0, -3, 0]},
			"faces": {
				"north": {"uv": [0, 0, 4, 2], "texture": "#1"},
				"east": {"uv": [0, 0, 4, 2], "texture": "#1"},
				"south": {"uv": [0, 0, 4, 2], "texture": "#1"},
				"west": {"uv": [0, 0, 4, 2], "texture": "#1"},
				"up": {"uv": [0, 0, 4, 4], "texture": "#1"}
			}
		},
		{
			"from": [11, 1, 1],
			"to": [11, 8, 6],
			"shade": false,
			"rotation": {"angle": 45, "axis": "y", "origin": [11, 4.5, 3.5]},
			"faces": {
				"north": {"uv": [0, 0, 0, 15], "texture": "#2"},
				"east": {"uv": [6, 9, 11, 16], "texture": "#5"},
				"south": {"uv": [0, 0, 0, 15], "texture": "#2"},
				"west": {"uv": [6, 9, 11, 16], "texture": "#5"},
				"up": {"uv": [0, 0, 0, 10], "texture": "#2"},
				"down": {"uv": [0, 0, 0, 10], "texture": "#2"}
			}
		},
		{
			"from": [11, 1, 1],
			"to": [11, 8, 6],
			"shade": false,
			"rotation": {"angle": -45, "axis": "y", "origin": [11, 4.5, 3.5]},
			"faces": {
				"north": {"uv": [0, 0, 0, 15], "texture": "#2"},
				"east": {"uv": [6, 9, 11, 16], "texture": "#5"},
				"south": {"uv": [0, 0, 0, 15], "texture": "#2"},
				"west": {"uv": [6, 9, 11, 16], "texture": "#5"},
				"up": {"uv": [0, 0, 0, 7], "texture": "#2"},
				"down": {"uv": [0, 0, 0, 7], "texture": "#2"}
			}
		}
	],
	"groups": [
		{
			"name": "group",
			"origin": [4, 8, 11.5],
			"color": 0,
			"children": [0, 1, 2]
		},
		{
			"name": "group",
			"origin": [0, 0, 0],
			"color": 0,
			"children": [3, 4]
		},
		{
			"name": "group",
			"origin": [4, 7, 3.5],
			"color": 0,
			"children": [5, 6]
		},
		{
			"name": "group",
			"origin": [0, 0, 0],
			"color": 0,
			"children": [7, 8, 9]
		}
	]
}