{
	"credit": "Made with Blockbench",
	"textures": {
		"3": "block/beetroots_stage1",
		"particle": "block/beetstem"
	},
	"elements": [
		{
			"from": [1, -1, 4],
			"to": [6, 4, 4],
			"shade": false,
			"rotation": {"angle": 45, "axis": "y", "origin": [3.5, 1.5, 4]},
			"faces": {
				"north": {"uv": [5, 11, 10, 16], "texture": "#3"},
				"south": {"uv": [5, 11, 10, 16], "texture": "#3"}
			}
		},
		{
			"from": [1, -1, 4],
			"to": [6, 4, 4],
			"shade": false,
			"rotation": {"angle": -45, "axis": "y", "origin": [3.5, 1.5, 4]},
			"faces": {
				"north": {"uv": [5, 11, 10, 16], "texture": "#3"},
				"south": {"uv": [5, 11, 10, 16], "texture": "#3"}
			}
		},
		{
			"from": [2, -1, 12],
			"to": [6, 3, 12],
			"shade": false,
			"rotation": {"angle": 45, "axis": "y", "origin": [4.5, 1.5, 12]},
			"faces": {
				"north": {"uv": [5, 11, 10, 16], "texture": "#3"},
				"south": {"uv": [11, 12, 15, 16], "texture": "#3"}
			}
		},
		{
			"from": [2, -1, 12],
			"to": [6, 3, 12],
			"shade": false,
			"rotation": {"angle": -45, "axis": "y", "origin": [4.5, 1.5, 12]},
			"faces": {
				"north": {"uv": [5, 11, 10, 16], "texture": "#3"},
				"south": {"uv": [11, 12, 15, 16], "texture": "#3"}
			}
		},
		{
			"from": [9, -1, 3],
			"to": [13, 3, 3],
			"shade": false,
			"rotation": {"angle": 45, "axis": "y", "origin": [11.5, 1.5, 3]},
			"faces": {
				"north": {"uv": [5, 11, 10, 16], "texture": "#3"},
				"south": {"uv": [11, 12, 15, 16], "texture": "#3"}
			}
		},
		{
			"from": [9, -1, 3],
			"to": [13, 3, 3],
			"shade": false,
			"rotation": {"angle": -45, "axis": "y", "origin": [11.5, 1.5, 3]},
			"faces": {
				"north": {"uv": [5, 11, 10, 16], "texture": "#3"},
				"south": {"uv": [11, 12, 15, 16], "texture": "#3"}
			}
		},
		{
			"from": [10, -1, 9],
			"to": [12, 3, 9],
			"shade": false,
			"rotation": {"angle": 45, "axis": "y", "origin": [11, 1, 9]},
			"faces": {
				"north": {"uv": [1, 12, 4, 16], "texture": "#3"},
				"south": {"uv": [1, 12, 4, 16], "texture": "#3"}
			}
		},
		{
			"from": [10, -1, 9],
			"to": [12, 3, 9],
			"shade": false,
			"rotation": {"angle": -45, "axis": "y", "origin": [11, 1, 9]},
			"faces": {
				"north": {"uv": [1, 12, 4, 16], "texture": "#3"},
				"south": {"uv": [1, 12, 4, 16], "texture": "#3"}
			}
		}
	],
	"groups": [
		{
			"name": "group",
			"origin": [8, 8, 8],
			"color": 0,
			"children": [0, 1]
		},
		{
			"name": "group",
			"origin": [8, 8, 8],
			"color": 0,
			"children": [2, 3]
		},
		{
			"name": "group",
			"origin": [8, 8, 8],
			"color": 0,
			"children": [4, 5]
		},
		{
			"name": "group",
			"origin": [8, 8, 8],
			"color": 0,
			"children": [6, 7]
		}
	]
}