{
	"credit": "Made with Blockbench",
	"textures": {
		"1": "block/beet",
		"2": "block/beetstem21",
		"3": "block/beetstem22",
		"4": "block/beetstem23",
		"particle": "block/beetstem"
	},
	"elements": [
		{
			"from": [2, -1, 10],
			"to": [6, 0, 14],
			"shade": false,
			"rotation": {"angle": 0, "axis": "y", "origin": [0, -3, 1]},
			"faces": {
				"north": {"uv": [0, 0, 4, 3], "texture": "#1"},
				"east": {"uv": [0, 0, 4, 3], "texture": "#1"},
				"south": {"uv": [0, 0, 4, 3], "texture": "#1"},
				"west": {"uv": [0, 0, 4, 3], "texture": "#1"},
				"up": {"uv": [0, 0, 4, 4], "texture": "#1"}
			}
		},
		{
			"from": [4, 0, 10],
			"to": [4, 8, 14],
			"shade": false,
			"rotation": {"angle": -45, "axis": "y", "origin": [4, 4, 12]},
			"faces": {
				"north": {"uv": [0, 0, 0, 15], "texture": "#2"},
				"east": {"uv": [7, 8, 11, 16], "texture": "#2"},
				"south": {"uv": [0, 0, 0, 15], "texture": "#2"},
				"west": {"uv": [7, 8, 11, 16], "texture": "#2"},
				"up": {"uv": [0, 0, 0, 10], "texture": "#2"},
				"down": {"uv": [0, 0, 0, 10], "texture": "#2"}
			}
		},
		{
			"from": [4, 0, 10],
			"to": [4, 8, 14],
			"shade": false,
			"rotation": {"angle": 45, "axis": "y", "origin": [4, 4, 13]},
			"faces": {
				"north": {"uv": [0, 0, 0, 10], "texture": "#2"},
				"east": {"uv": [7, 8, 11, 16], "texture": "#2"},
				"south": {"uv": [0, 0, 0, 10], "texture": "#2"},
				"west": {"uv": [7, 8, 11, 16], "texture": "#2"},
				"up": {"uv": [0, 0, 0, 7], "texture": "#2"},
				"down": {"uv": [0, 0, 0, 7], "texture": "#2"}
			}
		},
		{
			"from": [12, -1, 4],
			"to": [12, 6, 9],
			"shade": false,
			"rotation": {"angle": -45, "axis": "y", "origin": [12, 2.5, 7]},
			"faces": {
				"north": {"uv": [0, 0, 0, 15], "texture": "#2"},
				"east": {"uv": [6, 9, 11, 16], "texture": "#4"},
				"south": {"uv": [0, 0, 0, 15], "texture": "#2"},
				"west": {"uv": [6, 9, 11, 16], "texture": "#4"},
				"up": {"uv": [0, 0, 0, 10], "texture": "#2"},
				"down": {"uv": [0, 0, 0, 10], "texture": "#2"}
			}
		},
		{
			"from": [12, -1, 4],
			"to": [12, 6, 9],
			"shade": false,
			"rotation": {"angle": 45, "axis": "y", "origin": [12, 2.5, 7]},
			"faces": {
				"north": {"uv": [0, 0, 0, 10], "texture": "#2"},
				"east": {"uv": [6, 9, 11, 16], "texture": "#4"},
				"south": {"uv": [0, 0, 0, 10], "texture": "#2"},
				"west": {"uv": [6, 9, 11, 16], "texture": "#4"},
				"up": {"uv": [0, 0, 0, 7], "texture": "#2"},
				"down": {"uv": [0, 0, 0, 7], "texture": "#2"}
			}
		},
		{
			"from": [5, -1, 1],
			"to": [5, 7, 9],
			"shade": false,
			"rotation": {"angle": 45, "axis": "y", "origin": [5, 3, 5]},
			"faces": {
				"north": {"uv": [0, 0, 0, 15], "texture": "#2"},
				"east": {"uv": [4, 8, 12, 16], "texture": "#3"},
				"south": {"uv": [0, 0, 0, 15], "texture": "#2"},
				"west": {"uv": [4, 8, 12, 16], "texture": "#3"},
				"up": {"uv": [0, 0, 0, 10], "texture": "#2"},
				"down": {"uv": [0, 0, 0, 10], "texture": "#2"}
			}
		},
		{
			"from": [5, -1, 1],
			"to": [5, 7, 9],
			"shade": false,
			"rotation": {"angle": -45, "axis": "y", "origin": [5, 3, 5]},
			"faces": {
				"north": {"uv": [0, 0, 0, 10], "texture": "#2"},
				"east": {"uv": [4, 8, 12, 16], "texture": "#3"},
				"south": {"uv": [0, 0, 0, 10], "texture": "#2"},
				"west": {"uv": [4, 8, 12, 16], "texture": "#3"},
				"up": {"uv": [0, 0, 0, 7], "texture": "#2"},
				"down": {"uv": [0, 0, 0, 7], "texture": "#2"}
			}
		}
	],
	"groups": [
		{
			"name": "group",
			"origin": [4, 8, 11.5],
			"color": 0,
			"children": [0, 1, 2]
		},
		{
			"name": "group",
			"origin": [0, 0, 0],
			"color": 0,
			"children": [3, 4]
		},
		{
			"name": "group",
			"origin": [4, 7, 3.5],
			"color": 0,
			"children": [5, 6]
		}
	]
}