{
	"credit": "Made with Blockbench",
	"parent": "block/block",
	"textures": {
		"particle": "block/big_dripleaf_stem3",
		"stem": "block/big_dripleaf_stem3"
	},
	"elements": [
		{
			"from": [5, 0, 12],
			"to": [15, 16, 12],
			"shade": false,
			"rotation": {"angle": 45, "axis": "y", "origin": [8, 8, 12], "rescale": true},
			"faces": {
				"north": {"uv": [3, 0, 13, 16], "texture": "#stem"},
				"south": {"uv": [3, 0, 13, 16], "texture": "#stem"}
			}
		},
		{
			"from": [1, 0, 12],
			"to": [11, 16, 12],
			"shade": false,
			"rotation": {"angle": -45, "axis": "y", "origin": [8, 8, 12], "rescale": true},
			"faces": {
				"north": {"uv": [3, 0, 13, 16], "texture": "#stem"},
				"south": {"uv": [3, 0, 13, 16], "texture": "#stem"}
			}
		}
	]
}