{
	"credit": "Made with Blockbench",
	"textures": {
		"0": "block/mushroom_brown_side",
		"1": "block/mushroom_brown_bottom",
		"2": "block/mushroom_brown_top",
		"particle": "block/mushroom_brown_side"
	},
	"elements": [
		{
			"from": [2, 0, 5],
			"to": [3, 3, 6],
			"rotation": {"angle": 0, "axis": "y", "origin": [10, 8, 13]},
			"faces": {
				"north": {"uv": [13, 13, 14, 16], "texture": "#0"},
				"east": {"uv": [13, 13, 14, 16], "texture": "#0"},
				"south": {"uv": [13, 13, 14, 16], "texture": "#0"},
				"west": {"uv": [13, 13, 14, 16], "texture": "#0"},
				"down": {"uv": [13, 15, 14, 16], "texture": "#0", "cullface": "down"}
			}
		},
		{
			"from": [8, 0, 13],
			"to": [9, 3, 14],
			"rotation": {"angle": 0, "axis": "y", "origin": [16, 8, 21]},
			"faces": {
				"north": {"uv": [13, 13, 14, 16], "texture": "#0"},
				"east": {"uv": [13, 13, 14, 16], "texture": "#0"},
				"south": {"uv": [13, 13, 14, 16], "texture": "#0"},
				"west": {"uv": [13, 13, 14, 16], "texture": "#0"},
				"down": {"uv": [13, 15, 14, 16], "texture": "#0", "cullface": "down"}
			}
		},
		{
			"from": [6, 0, 3],
			"to": [7, 1, 4],
			"rotation": {"angle": 0, "axis": "y", "origin": [14, 8, 11]},
			"faces": {
				"north": {"uv": [1, 14, 2, 15], "texture": "#0"},
				"east": {"uv": [1, 14, 2, 15], "texture": "#0"},
				"south": {"uv": [1, 14, 2, 15], "texture": "#0"},
				"west": {"uv": [1, 14, 2, 15], "texture": "#0"},
				"down": {"uv": [1, 14, 2, 15], "texture": "#0", "cullface": "down"}
			}
		},
		{
			"from": [11, 0, 2],
			"to": [12, 1, 3],
			"rotation": {"angle": 0, "axis": "y", "origin": [19, 8, 10]},
			"faces": {
				"north": {"uv": [1, 14, 2, 15], "texture": "#0"},
				"east": {"uv": [1, 14, 2, 15], "texture": "#0"},
				"south": {"uv": [1, 14, 2, 15], "texture": "#0"},
				"west": {"uv": [1, 14, 2, 15], "texture": "#0"},
				"down": {"uv": [1, 14, 2, 15], "texture": "#0", "cullface": "down"}
			}
		},
		{
			"from": [13, 0, 12],
			"to": [14, 1, 13],
			"rotation": {"angle": 0, "axis": "y", "origin": [21, 8, 20]},
			"faces": {
				"north": {"uv": [1, 14, 2, 15], "texture": "#0"},
				"east": {"uv": [1, 14, 2, 15], "texture": "#0"},
				"south": {"uv": [1, 14, 2, 15], "texture": "#0"},
				"west": {"uv": [1, 14, 2, 15], "texture": "#0"},
				"down": {"uv": [1, 14, 2, 15], "texture": "#0", "cullface": "down"}
			}
		},
		{
			"from": [2, 0, 13],
			"to": [3, 1, 14],
			"rotation": {"angle": 0, "axis": "y", "origin": [10, 8, 21]},
			"faces": {
				"north": {"uv": [1, 14, 2, 15], "texture": "#0"},
				"east": {"uv": [1, 14, 2, 15], "texture": "#0"},
				"south": {"uv": [1, 14, 2, 15], "texture": "#0"},
				"west": {"uv": [1, 14, 2, 15], "texture": "#0"},
				"down": {"uv": [1, 14, 2, 15], "texture": "#0", "cullface": "down"}
			}
		},
		{
			"from": [12, 0, 6],
			"to": [14, 3, 8],
			"rotation": {"angle": 0, "axis": "y", "origin": [21, 8, 14]},
			"faces": {
				"north": {"uv": [12, 13, 14, 16], "texture": "#0"},
				"east": {"uv": [12, 13, 14, 16], "texture": "#0"},
				"south": {"uv": [12, 13, 14, 16], "texture": "#0"},
				"west": {"uv": [12, 13, 14, 16], "texture": "#0"},
				"down": {"uv": [12, 13, 14, 15], "texture": "#0", "cullface": "down"}
			}
		},
		{
			"from": [6, 0, 8],
			"to": [8, 3, 10],
			"rotation": {"angle": 0, "axis": "y", "origin": [15, 8, 16]},
			"faces": {
				"north": {"uv": [12, 13, 14, 16], "texture": "#0"},
				"east": {"uv": [12, 13, 14, 16], "texture": "#0"},
				"south": {"uv": [12, 13, 14, 16], "texture": "#0"},
				"west": {"uv": [12, 13, 14, 16], "texture": "#0"},
				"down": {"uv": [12, 13, 14, 15], "texture": "#0", "cullface": "down"}
			}
		},
		{
			"from": [11, 3, 5],
			"to": [15, 9, 9],
			"rotation": {"angle": 0, "axis": "y", "origin": [18, 11, 12]},
			"faces": {
				"north": {"uv": [5, 8, 9, 14], "texture": "#0"},
				"east": {"uv": [5, 8, 9, 14], "texture": "#0"},
				"south": {"uv": [5, 8, 9, 14], "texture": "#0"},
				"west": {"uv": [5, 8, 9, 14], "texture": "#0"},
				"up": {"uv": [5, 8, 9, 12], "texture": "#2"},
				"down": {"uv": [0, 0, 4, 4], "texture": "#1"}
			}
		},
		{
			"from": [5, 3, 7],
			"to": [9, 9, 11],
			"rotation": {"angle": 0, "axis": "y", "origin": [12, 11, 14]},
			"faces": {
				"north": {"uv": [5, 8, 9, 14], "texture": "#0"},
				"east": {"uv": [5, 8, 9, 14], "texture": "#0"},
				"south": {"uv": [5, 8, 9, 14], "texture": "#0"},
				"west": {"uv": [5, 8, 9, 14], "texture": "#0"},
				"up": {"uv": [5, 8, 9, 12], "texture": "#2"},
				"down": {"uv": [0, 0, 4, 4], "texture": "#1"}
			}
		},
		{
			"from": [1, 3, 4],
			"to": [4, 7, 7],
			"rotation": {"angle": 0, "axis": "y", "origin": [8, 11, 11]},
			"faces": {
				"north": {"uv": [0, 9, 3, 13], "texture": "#0"},
				"east": {"uv": [0, 9, 3, 13], "texture": "#0"},
				"south": {"uv": [0, 9, 3, 13], "texture": "#0"},
				"west": {"uv": [0, 9, 3, 13], "texture": "#0"},
				"up": {"uv": [0, 0, 3, 3], "texture": "#2"},
				"down": {"uv": [0, 0, 3, 3], "texture": "#1"}
			}
		},
		{
			"from": [7, 3, 12],
			"to": [10, 7, 15],
			"rotation": {"angle": 0, "axis": "y", "origin": [14, 11, 19]},
			"faces": {
				"north": {"uv": [0, 9, 3, 13], "texture": "#0"},
				"east": {"uv": [0, 9, 3, 13], "texture": "#0"},
				"south": {"uv": [0, 9, 3, 13], "texture": "#0"},
				"west": {"uv": [0, 9, 3, 13], "texture": "#0"},
				"up": {"uv": [0, 0, 3, 3], "texture": "#2"},
				"down": {"uv": [0, 0, 3, 3], "texture": "#1"}
			}
		},
		{
			"from": [5, 1, 2],
			"to": [8, 4, 5],
			"rotation": {"angle": 0, "axis": "y", "origin": [12, 9, 9]},
			"faces": {
				"north": {"uv": [0, 9, 3, 12], "texture": "#0"},
				"east": {"uv": [0, 9, 3, 12], "texture": "#0"},
				"south": {"uv": [0, 9, 3, 12], "texture": "#0"},
				"west": {"uv": [0, 9, 3, 12], "texture": "#0"},
				"up": {"uv": [10, 4, 13, 7], "texture": "#2"},
				"down": {"uv": [0, 0, 3, 3], "texture": "#1"}
			}
		},
		{
			"from": [10, 1, 1],
			"to": [13, 4, 4],
			"rotation": {"angle": 0, "axis": "y", "origin": [17, 9, 8]},
			"faces": {
				"north": {"uv": [0, 9, 3, 12], "texture": "#0"},
				"east": {"uv": [0, 9, 3, 12], "texture": "#0"},
				"south": {"uv": [0, 9, 3, 12], "texture": "#0"},
				"west": {"uv": [0, 9, 3, 12], "texture": "#0"},
				"up": {"uv": [10, 4, 13, 7], "texture": "#2"},
				"down": {"uv": [0, 0, 3, 3], "texture": "#1"}
			}
		},
		{
			"from": [12, 1, 11],
			"to": [15, 4, 14],
			"rotation": {"angle": 0, "axis": "y", "origin": [19, 9, 18]},
			"faces": {
				"north": {"uv": [0, 9, 3, 12], "texture": "#0"},
				"east": {"uv": [0, 9, 3, 12], "texture": "#0"},
				"south": {"uv": [0, 9, 3, 12], "texture": "#0"},
				"west": {"uv": [0, 9, 3, 12], "texture": "#0"},
				"up": {"uv": [10, 4, 13, 7], "texture": "#2"},
				"down": {"uv": [0, 0, 3, 3], "texture": "#1"}
			}
		},
		{
			"from": [1, 1, 12],
			"to": [4, 4, 15],
			"rotation": {"angle": 0, "axis": "y", "origin": [8, 9, 19]},
			"faces": {
				"north": {"uv": [0, 9, 3, 12], "texture": "#0"},
				"east": {"uv": [0, 9, 3, 12], "texture": "#0"},
				"south": {"uv": [0, 9, 3, 12], "texture": "#0"},
				"west": {"uv": [0, 9, 3, 12], "texture": "#0"},
				"up": {"uv": [10, 4, 13, 7], "texture": "#2"},
				"down": {"uv": [0, 0, 3, 3], "texture": "#1"}
			}
		}
	],
	"display": {
		"head": {
			"translation": [0, 14.25, 0]
		}
	},
	"groups": [
		{
			"name": "stem",
			"origin": [15, 8, 16],
			"color": 0,
			"children": [0, 1, 2, 3, 4, 5, 6, 7]
		},
		{
			"name": "head",
			"origin": [8, 9, 19],
			"color": 0,
			"children": [8, 9, 10, 11, 12, 13, 14, 15]
		}
	]
}