{
	"credit": "Made with Blockbench",
	"textures": {
		"0": "block/mushroom_brown_side",
		"1": "block/mushroom_brown_bottom",
		"2": "block/mushroom_brown_top",
		"particle": "block/mushroom_brown_side"
	},
	"elements": [
		{
			"from": [2, 0, 12],
			"to": [3, 3, 13],
			"rotation": {"angle": 0, "axis": "y", "origin": [10, 8, 20]},
			"faces": {
				"north": {"uv": [13, 13, 14, 16], "texture": "#0"},
				"east": {"uv": [13, 13, 14, 16], "texture": "#0"},
				"south": {"uv": [13, 13, 14, 16], "texture": "#0"},
				"west": {"uv": [13, 13, 14, 16], "texture": "#0"},
				"down": {"uv": [13, 15, 14, 16], "texture": "#0", "cullface": "down"}
			}
		},
		{
			"from": [8, 0, 10],
			"to": [9, 3, 11],
			"rotation": {"angle": 0, "axis": "y", "origin": [16, 8, 18]},
			"faces": {
				"north": {"uv": [13, 13, 14, 16], "texture": "#0"},
				"east": {"uv": [13, 13, 14, 16], "texture": "#0"},
				"south": {"uv": [13, 13, 14, 16], "texture": "#0"},
				"west": {"uv": [13, 13, 14, 16], "texture": "#0"},
				"down": {"uv": [13, 15, 14, 16], "texture": "#0", "cullface": "down"}
			}
		},
		{
			"from": [12, 0, 13],
			"to": [13, 1, 14],
			"rotation": {"angle": 0, "axis": "y", "origin": [20, 8, 21]},
			"faces": {
				"north": {"uv": [1, 14, 2, 15], "texture": "#0"},
				"east": {"uv": [1, 14, 2, 15], "texture": "#0"},
				"south": {"uv": [1, 14, 2, 15], "texture": "#0"},
				"west": {"uv": [1, 14, 2, 15], "texture": "#0"},
				"down": {"uv": [1, 14, 2, 15], "texture": "#0", "cullface": "down"}
			}
		},
		{
			"from": [4, 0, 4],
			"to": [6, 4, 6],
			"rotation": {"angle": 0, "axis": "y", "origin": [13, 8, 12]},
			"faces": {
				"north": {"uv": [12, 12, 14, 16], "texture": "#0"},
				"east": {"uv": [12, 12, 14, 16], "texture": "#0"},
				"south": {"uv": [12, 12, 14, 16], "texture": "#0"},
				"west": {"uv": [12, 12, 14, 16], "texture": "#0"},
				"down": {"uv": [12, 13, 14, 15], "texture": "#0", "cullface": "down"}
			}
		},
		{
			"from": [12, 0, 7],
			"to": [14, 3, 9],
			"rotation": {"angle": 0, "axis": "y", "origin": [21, 8, 15]},
			"faces": {
				"north": {"uv": [12, 13, 14, 16], "texture": "#0"},
				"east": {"uv": [12, 13, 14, 16], "texture": "#0"},
				"south": {"uv": [12, 13, 14, 16], "texture": "#0"},
				"west": {"uv": [12, 13, 14, 16], "texture": "#0"},
				"down": {"uv": [12, 13, 14, 15], "texture": "#0", "cullface": "down"}
			}
		},
		{
			"from": [10, 0, 2],
			"to": [12, 3, 4],
			"rotation": {"angle": 0, "axis": "y", "origin": [19, 8, 10]},
			"faces": {
				"north": {"uv": [12, 13, 14, 16], "texture": "#0"},
				"east": {"uv": [12, 13, 14, 16], "texture": "#0"},
				"south": {"uv": [12, 13, 14, 16], "texture": "#0"},
				"west": {"uv": [12, 13, 14, 16], "texture": "#0"},
				"down": {"uv": [12, 13, 14, 15], "texture": "#0", "cullface": "down"}
			}
		},
		{
			"from": [2, 4, 2],
			"to": [8, 12, 8],
			"rotation": {"angle": 0, "axis": "y", "origin": [10, 12, 10]},
			"faces": {
				"north": {"uv": [10, 4, 16, 12], "texture": "#0"},
				"east": {"uv": [10, 4, 16, 12], "texture": "#0"},
				"south": {"uv": [10, 4, 16, 12], "texture": "#0"},
				"west": {"uv": [10, 4, 16, 12], "texture": "#0"},
				"up": {"uv": [0, 0, 6, 6], "texture": "#2"},
				"down": {"uv": [0, 0, 6, 6], "texture": "#1"}
			}
		},
		{
			"from": [11, 3, 6],
			"to": [15, 9, 10],
			"rotation": {"angle": 0, "axis": "y", "origin": [18, 11, 13]},
			"faces": {
				"north": {"uv": [5, 8, 9, 14], "texture": "#0"},
				"east": {"uv": [5, 8, 9, 14], "texture": "#0"},
				"south": {"uv": [5, 8, 9, 14], "texture": "#0"},
				"west": {"uv": [5, 8, 9, 14], "texture": "#0"},
				"up": {"uv": [5, 8, 9, 12], "texture": "#2"},
				"down": {"uv": [0, 0, 4, 4], "texture": "#1"}
			}
		},
		{
			"from": [9, 3, 1],
			"to": [13, 9, 5],
			"rotation": {"angle": 0, "axis": "y", "origin": [16, 11, 8]},
			"faces": {
				"north": {"uv": [5, 8, 9, 14], "texture": "#0"},
				"east": {"uv": [5, 8, 9, 14], "texture": "#0"},
				"south": {"uv": [5, 8, 9, 14], "texture": "#0"},
				"west": {"uv": [5, 8, 9, 14], "texture": "#0"},
				"up": {"uv": [5, 8, 9, 12], "texture": "#2"},
				"down": {"uv": [0, 0, 4, 4], "texture": "#1"}
			}
		},
		{
			"from": [1, 3, 11],
			"to": [4, 7, 14],
			"rotation": {"angle": 0, "axis": "y", "origin": [8, 11, 18]},
			"faces": {
				"north": {"uv": [0, 9, 3, 13], "texture": "#0"},
				"east": {"uv": [0, 9, 3, 13], "texture": "#0"},
				"south": {"uv": [0, 9, 3, 13], "texture": "#0"},
				"west": {"uv": [0, 9, 3, 13], "texture": "#0"},
				"up": {"uv": [0, 0, 3, 3], "texture": "#2"},
				"down": {"uv": [0, 10, 3, 13], "texture": "#0"}
			}
		},
		{
			"from": [7, 3, 9],
			"to": [10, 7, 12],
			"rotation": {"angle": 0, "axis": "y", "origin": [14, 11, 16]},
			"faces": {
				"north": {"uv": [0, 9, 3, 13], "texture": "#0"},
				"east": {"uv": [0, 9, 3, 13], "texture": "#0"},
				"south": {"uv": [0, 9, 3, 13], "texture": "#0"},
				"west": {"uv": [0, 9, 3, 13], "texture": "#0"},
				"up": {"uv": [0, 0, 3, 3], "texture": "#2"},
				"down": {"uv": [0, 10, 3, 13], "texture": "#0"}
			}
		},
		{
			"from": [11, 1, 12],
			"to": [14, 4, 15],
			"rotation": {"angle": 0, "axis": "y", "origin": [18, 9, 19]},
			"faces": {
				"north": {"uv": [0, 9, 3, 12], "texture": "#0"},
				"east": {"uv": [0, 9, 3, 12], "texture": "#0"},
				"south": {"uv": [0, 9, 3, 12], "texture": "#0"},
				"west": {"uv": [0, 9, 3, 12], "texture": "#0"},
				"up": {"uv": [10, 4, 13, 7], "texture": "#2"},
				"down": {"uv": [0, 0, 3, 3], "texture": "#1"}
			}
		}
	],
	"display": {
		"head": {
			"translation": [0, 14.25, 0]
		}
	},
	"groups": [
		{
			"name": "stem",
			"origin": [19, 8, 10],
			"color": 0,
			"children": [0, 1, 2, 3, 4, 5]
		},
		{
			"name": "head",
			"origin": [18, 9, 19],
			"color": 0,
			"children": [6, 7, 8, 9, 10, 11]
		}
	]
}