{
	"credit": "Made with Blockbench",
	"textures": {
		"0": "block/mushroom_brown_side",
		"1": "block/mushroom_brown_bottom",
		"2": "block/mushroom_brown_top",
		"particle": "block/mushroom_brown_side"
	},
	"elements": [
		{
			"from": [7, 0, 7],
			"to": [9, 4, 9],
			"rotation": {"angle": 0, "axis": "y", "origin": [16, 8, 15]},
			"faces": {
				"north": {"uv": [12, 12, 14, 16], "texture": "#0"},
				"east": {"uv": [12, 12, 14, 16], "texture": "#0"},
				"south": {"uv": [12, 12, 14, 16], "texture": "#0"},
				"west": {"uv": [12, 12, 14, 16], "texture": "#0"},
				"down": {"uv": [12, 13, 14, 15], "texture": "#0", "cullface": "down"}
			}
		},
		{
			"from": [5, 4, 5],
			"to": [11, 12, 11],
			"rotation": {"angle": 0, "axis": "y", "origin": [13, 12, 13]},
			"faces": {
				"north": {"uv": [10, 4, 16, 12], "texture": "#0"},
				"east": {"uv": [10, 4, 16, 12], "texture": "#0"},
				"south": {"uv": [10, 4, 16, 12], "texture": "#0"},
				"west": {"uv": [10, 4, 16, 12], "texture": "#0"},
				"up": {"uv": [0, 0, 6, 6], "texture": "#2"},
				"down": {"uv": [0, 0, 6, 6], "texture": "#1"}
			}
		}
	],
	"display": {
		"thirdperson_righthand": {
			"rotation": [0, 45, 0],
			"translation": [0, 2.5, 0],
			"scale": [0.375, 0.375, 0.375]
		},
		"thirdperson_lefthand": {
			"rotation": [0, 45, 0],
			"translation": [0, 2.5, 0],
			"scale": [0.375, 0.375, 0.375]
		},
		"firstperson_righthand": {
			"rotation": [0, 45, 0],
			"scale": [0.4, 0.4, 0.4]
		},
		"firstperson_lefthand": {
			"rotation": [0, 225, 0],
			"scale": [0.4, 0.4, 0.4]
		},
		"ground": {
			"translation": [0, 3, 0],
			"scale": [0.25, 0.25, 0.25]
		},
		"gui": {
			"rotation": [30, 225, 0],
			"scale": [0.625, 0.625, 0.625]
		},
		"head": {
			"translation": [0, 14.25, 0]
		},
		"fixed": {
			"scale": [0.5, 0.5, 0.5]
		}
	}
}