{
	"credit": "Made with Blockbench",
	"parent": "block/block",
	"ambientocclusion": false,
	"textures": {
		"3": "block/cactus_flower",
		"4": "block/cactus_flower_small",
		"6": "block/cactus_flower_whole",
		"bottom": "block/cactus_bottom",
		"top": "block/cactus_top",
		"particle": "block/cactus_side",
		"side": "block/cactus_side"
	},
	"elements": [
		{
			"from": [0, 0, 0],
			"to": [16, 16, 16],
			"faces": {
				"up": {"uv": [0, 0, 16, 16], "texture": "#top", "cullface": "up"},
				"down": {"uv": [0, 0, 16, 16], "texture": "#bottom", "cullface": "down"}
			}
		},
		{
			"from": [0, 0, 1],
			"to": [16, 16, 15],
			"faces": {
				"north": {"uv": [0, 0, 16, 16], "texture": "#side"},
				"south": {"uv": [0, 0, 16, 16], "texture": "#side"}
			}
		},
		{
			"from": [1, 0, 0],
			"to": [15, 16, 16],
			"faces": {
				"east": {"uv": [0, 0, 16, 16], "texture": "#side"},
				"west": {"uv": [0, 0, 16, 16], "texture": "#side"}
			}
		},
		{
			"from": [8, 8, 1],
			"to": [11, 12, 1],
			"shade": false,
			"rotation": {"angle": -22.5, "axis": "x", "origin": [9.5, 8.5, 1]},
			"faces": {
				"north": {"uv": [0, 0, 3, 4], "texture": "#3"},
				"south": {"uv": [0, 0, 3, 4], "texture": "#3"}
			}
		},
		{
			"from": [6, 7, 1],
			"to": [10, 10, 1],
			"shade": false,
			"rotation": {"angle": -22.5, "axis": "y", "origin": [9.5, 8.5, 1]},
			"faces": {
				"north": {"uv": [0, 0, 3, 4], "rotation": 90, "texture": "#3"},
				"south": {"uv": [0, 0, 3, 4], "rotation": 270, "texture": "#3"}
			}
		},
		{
			"from": [9, 7, 1],
			"to": [13, 10, 1],
			"shade": false,
			"rotation": {"angle": 22.5, "axis": "y", "origin": [9.5, 8.5, 1]},
			"faces": {
				"north": {"uv": [0, 0, 3, 4], "rotation": 270, "texture": "#3"},
				"south": {"uv": [0, 0, 3, 4], "rotation": 90, "texture": "#3"}
			}
		},
		{
			"from": [8, 5, 1],
			"to": [11, 9, 1],
			"shade": false,
			"rotation": {"angle": 22.5, "axis": "x", "origin": [9.5, 8.5, 1]},
			"faces": {
				"north": {"uv": [0, 0, 3, 4], "rotation": 180, "texture": "#3"},
				"south": {"uv": [0, 0, 3, 4], "rotation": 180, "texture": "#3"}
			}
		},
		{
			"from": [15, 9, 5],
			"to": [15, 13, 8],
			"shade": false,
			"rotation": {"angle": -22.5, "axis": "z", "origin": [15, 9.5, 6.5]},
			"faces": {
				"east": {"uv": [0, 0, 3, 4], "texture": "#4"},
				"west": {"uv": [0, 0, 3, 4], "texture": "#4"}
			}
		},
		{
			"from": [15, 8, 3],
			"to": [15, 11, 7],
			"shade": false,
			"rotation": {"angle": -22.5, "axis": "y", "origin": [15, 9.5, 6.5]},
			"faces": {
				"east": {"uv": [0, 0, 3, 4], "rotation": 90, "texture": "#4"},
				"west": {"uv": [0, 0, 3, 4], "rotation": 270, "texture": "#4"}
			}
		},
		{
			"from": [15, 8, 6],
			"to": [15, 11, 10],
			"shade": false,
			"rotation": {"angle": 22.5, "axis": "y", "origin": [15, 9.5, 6.5]},
			"faces": {
				"east": {"uv": [0, 0, 3, 4], "rotation": 270, "texture": "#4"},
				"west": {"uv": [0, 0, 3, 4], "rotation": 90, "texture": "#4"}
			}
		},
		{
			"from": [15, 6, 5],
			"to": [15, 10, 8],
			"shade": false,
			"rotation": {"angle": 22.5, "axis": "z", "origin": [15, 9.5, 6.5]},
			"faces": {
				"east": {"uv": [0, 0, 3, 4], "rotation": 180, "texture": "#4"},
				"west": {"uv": [0, 0, 3, 4], "rotation": 180, "texture": "#4"}
			}
		},
		{
			"from": [7, 16, 4],
			"to": [14, 16, 11],
			"shade": false,
			"rotation": {"angle": 22.5, "axis": "z", "origin": [6.875, 16, 7.375]},
			"faces": {
				"up": {"uv": [0, 7, 7, 0], "rotation": 270, "texture": "#6", "cullface": "up"},
				"down": {"uv": [0, 7, 7, 0], "rotation": 270, "texture": "#6", "cullface": "up"}
			}
		},
		{
			"from": [-1, 16, 3],
			"to": [7, 16, 11],
			"shade": false,
			"rotation": {"angle": -22.5, "axis": "z", "origin": [6.875, 16, 7.375]},
			"faces": {
				"up": {"uv": [0, 0, 8, 8], "rotation": 270, "texture": "#6", "cullface": "up"},
				"down": {"uv": [0, 0, 8, 8], "rotation": 270, "texture": "#6", "cullface": "up"}
			}
		},
		{
			"from": [3, 16, 0],
			"to": [11, 16, 8],
			"shade": false,
			"rotation": {"angle": 22.5, "axis": "x", "origin": [6.875, 16, 7.375]},
			"faces": {
				"up": {"uv": [0, 0, 8, 8], "texture": "#6", "cullface": "up"},
				"down": {"uv": [0, 0, 8, 8], "rotation": 180, "texture": "#6", "cullface": "up"}
			}
		},
		{
			"from": [3, 16, 7],
			"to": [11, 16, 15],
			"shade": false,
			"rotation": {"angle": -22.5, "axis": "x", "origin": [6.875, 16, 7.375]},
			"faces": {
				"up": {"uv": [0, 8, 8, 0], "texture": "#6", "cullface": "up"},
				"down": {"uv": [0, 8, 8, 0], "rotation": 180, "texture": "#6", "cullface": "up"}
			}
		},
		{
			"from": [1, 11, 10],
			"to": [1, 15, 13],
			"shade": false,
			"rotation": {"angle": 22.5, "axis": "z", "origin": [1, 11.5, 11.5]},
			"faces": {
				"east": {"uv": [0, 0, 3, 4], "texture": "#4"},
				"west": {"uv": [0, 0, 3, 4], "texture": "#4"}
			}
		},
		{
			"from": [1, 10, 11],
			"to": [1, 13, 15],
			"shade": false,
			"rotation": {"angle": -22.5, "axis": "y", "origin": [1, 11.5, 11.5]},
			"faces": {
				"east": {"uv": [0, 0, 3, 4], "rotation": 270, "texture": "#4"},
				"west": {"uv": [0, 0, 3, 4], "rotation": 90, "texture": "#4"}
			}
		},
		{
			"from": [1, 10, 8],
			"to": [1, 13, 12],
			"shade": false,
			"rotation": {"angle": 22.5, "axis": "y", "origin": [1, 11.5, 11.5]},
			"faces": {
				"east": {"uv": [0, 0, 3, 4], "rotation": 90, "texture": "#4"},
				"west": {"uv": [0, 0, 3, 4], "rotation": 270, "texture": "#4"}
			}
		},
		{
			"from": [1, 8, 10],
			"to": [1, 12, 13],
			"shade": false,
			"rotation": {"angle": -22.5, "axis": "z", "origin": [1, 11.5, 11.5]},
			"faces": {
				"east": {"uv": [0, 0, 3, 4], "rotation": 180, "texture": "#4"},
				"west": {"uv": [0, 0, 3, 4], "rotation": 180, "texture": "#4"}
			}
		},
		{
			"from": [1, 4, 4],
			"to": [1, 8, 7],
			"shade": false,
			"rotation": {"angle": -22.5, "axis": "z", "origin": [1, 7.5, 5.5]},
			"faces": {
				"east": {"uv": [0, 0, 3, 4], "rotation": 180, "texture": "#3"},
				"west": {"uv": [0, 0, 3, 4], "rotation": 180, "texture": "#3"}
			}
		},
		{
			"from": [1, 6, 2],
			"to": [1, 9, 6],
			"shade": false,
			"rotation": {"angle": 22.5, "axis": "y", "origin": [1, 7.5, 5.5]},
			"faces": {
				"east": {"uv": [0, 0, 3, 4], "rotation": 90, "texture": "#3"},
				"west": {"uv": [0, 0, 3, 4], "rotation": 270, "texture": "#3"}
			}
		},
		{
			"from": [1, 7, 4],
			"to": [1, 11, 7],
			"shade": false,
			"rotation": {"angle": 22.5, "axis": "z", "origin": [1, 7.5, 5.5]},
			"faces": {
				"east": {"uv": [0, 0, 3, 4], "texture": "#3"},
				"west": {"uv": [0, 0, 3, 4], "texture": "#3"}
			}
		},
		{
			"from": [1, 6, 5],
			"to": [1, 9, 9],
			"shade": false,
			"rotation": {"angle": -22.5, "axis": "y", "origin": [1, 7.5, 5.5]},
			"faces": {
				"east": {"uv": [0, 0, 3, 4], "rotation": 270, "texture": "#3"},
				"west": {"uv": [0, 0, 3, 4], "rotation": 90, "texture": "#3"}
			}
		},
		{
			"from": [5, 7, 15],
			"to": [8, 11, 15],
			"shade": false,
			"rotation": {"angle": 22.5, "axis": "x", "origin": [6.5, 7.5, 15]},
			"faces": {
				"north": {"uv": [3, 0, 0, 4], "texture": "#3"},
				"south": {"uv": [3, 0, 0, 4], "texture": "#3"}
			}
		},
		{
			"from": [3, 6, 15],
			"to": [7, 9, 15],
			"shade": false,
			"rotation": {"angle": 22.5, "axis": "y", "origin": [6.5, 7.5, 15]},
			"faces": {
				"north": {"uv": [0, 4, 3, 0], "rotation": 270, "texture": "#3"},
				"south": {"uv": [0, 4, 3, 0], "rotation": 90, "texture": "#3"}
			}
		},
		{
			"from": [6, 6, 15],
			"to": [10, 9, 15],
			"shade": false,
			"rotation": {"angle": -22.5, "axis": "y", "origin": [6.5, 7.5, 15]},
			"faces": {
				"north": {"uv": [0, 4, 3, 0], "rotation": 90, "texture": "#3"},
				"south": {"uv": [0, 4, 3, 0], "rotation": 270, "texture": "#3"}
			}
		},
		{
			"from": [5, 4, 15],
			"to": [8, 8, 15],
			"shade": false,
			"rotation": {"angle": -22.5, "axis": "x", "origin": [6.5, 7.5, 15]},
			"faces": {
				"north": {"uv": [3, 0, 0, 4], "rotation": 180, "texture": "#3"},
				"south": {"uv": [3, 0, 0, 4], "rotation": 180, "texture": "#3"}
			}
		}
	],
	"groups": [0, 1, 2,
		{
			"name": "group",
			"origin": [5.5, 12.5, 1],
			"color": 0,
			"children": [3, 4, 5, 6]
		},
		{
			"name": "group",
			"origin": [5.5, 12.5, 1],
			"color": 0,
			"children": [7, 8, 9, 10]
		},
		{
			"name": "group",
			"origin": [6.5, 16, 8.5],
			"color": 0,
			"children": [11, 12, 13, 14]
		},
		{
			"name": "group",
			"origin": [5.5, 12.5, 1],
			"color": 0,
			"children": [15, 16, 17, 18, 19, 20, 21, 22]
		},
		{
			"name": "group",
			"origin": [5.5, 12.5, 1],
			"color": 0,
			"children": [23, 24, 25, 26]
		}
	]
}