{
	"credit": "Made with Blockbench",
	"parent": "block/block",
	"ambientocclusion": false,
	"textures": {
		"3": "block/cactus_flower",
		"4": "block/cactus_flower_small",
		"5": "block/cactus_flower_big",
		"bottom": "block/cactus_bottom",
		"top": "block/cactus_top",
		"particle": "block/cactus_side",
		"side": "block/cactus_side"
	},
	"elements": [
		{
			"from": [0, 0, 0],
			"to": [16, 16, 16],
			"faces": {
				"up": {"uv": [0, 0, 16, 16], "texture": "#top", "cullface": "up"},
				"down": {"uv": [0, 0, 16, 16], "texture": "#bottom", "cullface": "down"}
			}
		},
		{
			"from": [0, 0, 1],
			"to": [16, 16, 15],
			"faces": {
				"north": {"uv": [0, 0, 16, 16], "texture": "#side"},
				"south": {"uv": [0, 0, 16, 16], "texture": "#side"}
			}
		},
		{
			"from": [1, 0, 0],
			"to": [15, 16, 16],
			"faces": {
				"east": {"uv": [0, 0, 16, 16], "texture": "#side"},
				"west": {"uv": [0, 0, 16, 16], "texture": "#side"}
			}
		},
		{
			"from": [4, 12, 1],
			"to": [7, 16, 1],
			"shade": false,
			"rotation": {"angle": -22.5, "axis": "x", "origin": [5.5, 12.5, 1]},
			"faces": {
				"north": {"uv": [0, 0, 3, 4], "texture": "#3"},
				"south": {"uv": [0, 0, 3, 4], "texture": "#3"}
			}
		},
		{
			"from": [2, 11, 1],
			"to": [6, 14, 1],
			"shade": false,
			"rotation": {"angle": -22.5, "axis": "y", "origin": [5.5, 12.5, 1]},
			"faces": {
				"north": {"uv": [0, 0, 3, 4], "rotation": 90, "texture": "#3"},
				"south": {"uv": [0, 0, 3, 4], "rotation": 270, "texture": "#3"}
			}
		},
		{
			"from": [5, 11, 1],
			"to": [9, 14, 1],
			"shade": false,
			"rotation": {"angle": 22.5, "axis": "y", "origin": [5.5, 12.5, 1]},
			"faces": {
				"north": {"uv": [0, 0, 3, 4], "rotation": 270, "texture": "#3"},
				"south": {"uv": [0, 0, 3, 4], "rotation": 90, "texture": "#3"}
			}
		},
		{
			"from": [4, 9, 1],
			"to": [7, 13, 1],
			"shade": false,
			"rotation": {"angle": 22.5, "axis": "x", "origin": [5.5, 12.5, 1]},
			"faces": {
				"north": {"uv": [0, 0, 3, 4], "rotation": 180, "texture": "#3"},
				"south": {"uv": [0, 0, 3, 4], "rotation": 180, "texture": "#3"}
			}
		},
		{
			"from": [9, 5, 1],
			"to": [12, 9, 1],
			"shade": false,
			"rotation": {"angle": -22.5, "axis": "x", "origin": [10.5, 5.5, 1]},
			"faces": {
				"north": {"uv": [0, 0, 3, 4], "texture": "#4"},
				"south": {"uv": [0, 0, 3, 4], "texture": "#4"}
			}
		},
		{
			"from": [7, 4, 1],
			"to": [11, 7, 1],
			"shade": false,
			"rotation": {"angle": -22.5, "axis": "y", "origin": [10.5, 5.5, 1]},
			"faces": {
				"north": {"uv": [0, 0, 3, 4], "rotation": 90, "texture": "#4"},
				"south": {"uv": [0, 0, 3, 4], "rotation": 270, "texture": "#4"}
			}
		},
		{
			"from": [10, 4, 1],
			"to": [14, 7, 1],
			"shade": false,
			"rotation": {"angle": 22.5, "axis": "y", "origin": [10.5, 5.5, 1]},
			"faces": {
				"north": {"uv": [0, 0, 3, 4], "rotation": 270, "texture": "#4"},
				"south": {"uv": [0, 0, 3, 4], "rotation": 90, "texture": "#4"}
			}
		},
		{
			"from": [9, 2, 1],
			"to": [12, 6, 1],
			"shade": false,
			"rotation": {"angle": 22.5, "axis": "x", "origin": [10.5, 5.5, 1]},
			"faces": {
				"north": {"uv": [0, 0, 3, 4], "rotation": 180, "texture": "#4"},
				"south": {"uv": [0, 0, 3, 4], "rotation": 180, "texture": "#4"}
			}
		},
		{
			"from": [15, 6, 9],
			"to": [15, 10, 12],
			"shade": false,
			"rotation": {"angle": -22.5, "axis": "z", "origin": [15, 6.5, 10.5]},
			"faces": {
				"east": {"uv": [0, 0, 3, 4], "texture": "#3"},
				"west": {"uv": [0, 0, 3, 4], "texture": "#3"}
			}
		},
		{
			"from": [15, 5, 7],
			"to": [15, 8, 11],
			"shade": false,
			"rotation": {"angle": -22.5, "axis": "y", "origin": [15, 6.5, 10.5]},
			"faces": {
				"east": {"uv": [0, 0, 3, 4], "rotation": 90, "texture": "#3"},
				"west": {"uv": [0, 0, 3, 4], "rotation": 270, "texture": "#3"}
			}
		},
		{
			"from": [15, 5, 10],
			"to": [15, 8, 14],
			"shade": false,
			"rotation": {"angle": 22.5, "axis": "y", "origin": [15, 6.5, 10.5]},
			"faces": {
				"east": {"uv": [0, 0, 3, 4], "rotation": 270, "texture": "#3"},
				"west": {"uv": [0, 0, 3, 4], "rotation": 90, "texture": "#3"}
			}
		},
		{
			"from": [15, 3, 9],
			"to": [15, 7, 12],
			"shade": false,
			"rotation": {"angle": 22.5, "axis": "z", "origin": [15, 6.5, 10.5]},
			"faces": {
				"east": {"uv": [0, 0, 3, 4], "rotation": 180, "texture": "#3"},
				"west": {"uv": [0, 0, 3, 4], "rotation": 180, "texture": "#3"}
			}
		},
		{
			"from": [7, 16, 5],
			"to": [12, 16, 10],
			"shade": false,
			"rotation": {"angle": 22.5, "axis": "x", "origin": [9.5, 16, 9.5]},
			"faces": {
				"up": {"uv": [0, 0, 5, 5], "texture": "#5", "cullface": "up"},
				"down": {"uv": [0, 0, 5, 5], "rotation": 180, "texture": "#5", "cullface": "up"}
			}
		},
		{
			"from": [9, 16, 7],
			"to": [14, 16, 12],
			"shade": false,
			"rotation": {"angle": 22.5, "axis": "z", "origin": [9.5, 16, 9.5]},
			"faces": {
				"up": {"uv": [0, 0, 5, 5], "rotation": 90, "texture": "#5", "cullface": "up"},
				"down": {"uv": [0, 0, 5, 5], "rotation": 90, "texture": "#5", "cullface": "up"}
			}
		},
		{
			"from": [7, 16, 9],
			"to": [12, 16, 14],
			"shade": false,
			"rotation": {"angle": -22.5, "axis": "x", "origin": [9.5, 16, 9.5]},
			"faces": {
				"up": {"uv": [0, 0, 5, 5], "rotation": 180, "texture": "#5", "cullface": "up"},
				"down": {"uv": [0, 0, 5, 5], "texture": "#5", "cullface": "up"}
			}
		},
		{
			"from": [5, 16, 7],
			"to": [10, 16, 12],
			"shade": false,
			"rotation": {"angle": -22.5, "axis": "z", "origin": [9.5, 16, 9.5]},
			"faces": {
				"up": {"uv": [0, 0, 5, 5], "rotation": 270, "texture": "#5", "cullface": "up"},
				"down": {"uv": [0, 0, 5, 5], "rotation": 270, "texture": "#5", "cullface": "up"}
			}
		},
		{
			"from": [1, 9, 6],
			"to": [1, 13, 9],
			"shade": false,
			"rotation": {"angle": 22.5, "axis": "z", "origin": [1, 9.5, 7.5]},
			"faces": {
				"east": {"uv": [0, 0, 3, 4], "texture": "#4"},
				"west": {"uv": [0, 0, 3, 4], "texture": "#4"}
			}
		},
		{
			"from": [1, 8, 7],
			"to": [1, 11, 11],
			"shade": false,
			"rotation": {"angle": -22.5, "axis": "y", "origin": [1, 9.5, 7.5]},
			"faces": {
				"east": {"uv": [0, 0, 3, 4], "rotation": 270, "texture": "#4"},
				"west": {"uv": [0, 0, 3, 4], "rotation": 90, "texture": "#4"}
			}
		},
		{
			"from": [1, 8, 4],
			"to": [1, 11, 8],
			"shade": false,
			"rotation": {"angle": 22.5, "axis": "y", "origin": [1, 9.5, 7.5]},
			"faces": {
				"east": {"uv": [0, 0, 3, 4], "rotation": 90, "texture": "#4"},
				"west": {"uv": [0, 0, 3, 4], "rotation": 270, "texture": "#4"}
			}
		},
		{
			"from": [1, 6, 6],
			"to": [1, 10, 9],
			"shade": false,
			"rotation": {"angle": -22.5, "axis": "z", "origin": [1, 9.5, 7.5]},
			"faces": {
				"east": {"uv": [0, 0, 3, 4], "rotation": 180, "texture": "#4"},
				"west": {"uv": [0, 0, 3, 4], "rotation": 180, "texture": "#4"}
			}
		},
		{
			"from": [8, 7, 15],
			"to": [11, 11, 15],
			"shade": false,
			"rotation": {"angle": 22.5, "axis": "x", "origin": [9.5, 7.5, 15]},
			"faces": {
				"north": {"uv": [3, 0, 0, 4], "texture": "#3"},
				"south": {"uv": [3, 0, 0, 4], "texture": "#3"}
			}
		},
		{
			"from": [6, 6, 15],
			"to": [10, 9, 15],
			"shade": false,
			"rotation": {"angle": 22.5, "axis": "y", "origin": [9.5, 7.5, 15]},
			"faces": {
				"north": {"uv": [0, 4, 3, 0], "rotation": 270, "texture": "#3"},
				"south": {"uv": [0, 4, 3, 0], "rotation": 90, "texture": "#3"}
			}
		},
		{
			"from": [9, 6, 15],
			"to": [13, 9, 15],
			"shade": false,
			"rotation": {"angle": -22.5, "axis": "y", "origin": [9.5, 7.5, 15]},
			"faces": {
				"north": {"uv": [0, 4, 3, 0], "rotation": 90, "texture": "#3"},
				"south": {"uv": [0, 4, 3, 0], "rotation": 270, "texture": "#3"}
			}
		},
		{
			"from": [8, 4, 15],
			"to": [11, 8, 15],
			"shade": false,
			"rotation": {"angle": -22.5, "axis": "x", "origin": [9.5, 7.5, 15]},
			"faces": {
				"north": {"uv": [3, 0, 0, 4], "rotation": 180, "texture": "#3"},
				"south": {"uv": [3, 0, 0, 4], "rotation": 180, "texture": "#3"}
			}
		}
	],
	"groups": [0, 1, 2,
		{
			"name": "group",
			"origin": [5.5, 12.5, 1],
			"color": 0,
			"children": [3, 4, 5, 6]
		},
		{
			"name": "group",
			"origin": [5.5, 12.5, 1],
			"color": 0,
			"children": [7, 8, 9, 10]
		},
		{
			"name": "group",
			"origin": [5.5, 12.5, 1],
			"color": 0,
			"children": [11, 12, 13, 14]
		},
		{
			"name": "group",
			"origin": [5.5, 12.5, 1],
			"color": 0,
			"children": [15, 16, 17, 18]
		},
		{
			"name": "group",
			"origin": [5.5, 12.5, 1],
			"color": 0,
			"children": [19, 20, 21, 22]
		},
		{
			"name": "group",
			"origin": [5.5, 12.5, 1],
			"color": 0,
			"children": [23, 24, 25, 26]
		}
	]
}