{
	"credit": "Made with Blockbench",
	"textures": {
		"0": "block/carrot",
		"1": "block/carrots_stage3",
		"particle": "block/carrot"
	},
	"elements": [
		{
			"from": [3, -1, 2],
			"to": [6, 3, 5],
			"shade": false,
			"faces": {
				"north": {"uv": [1, 0, 4, 4], "texture": "#0"},
				"east": {"uv": [1, 0, 4, 4], "texture": "#0"},
				"south": {"uv": [1, 0, 4, 4], "texture": "#0"},
				"west": {"uv": [1, 0, 4, 4], "texture": "#0"},
				"up": {"uv": [1, 0, 4, 3], "texture": "#0"}
			}
		},
		{
			"from": [10, -1, 3],
			"to": [13, 3, 6],
			"shade": false,
			"faces": {
				"north": {"uv": [1, 0, 4, 4], "texture": "#0"},
				"east": {"uv": [1, 0, 4, 4], "texture": "#0"},
				"south": {"uv": [1, 0, 4, 4], "texture": "#0"},
				"west": {"uv": [1, 0, 4, 4], "texture": "#0"},
				"up": {"uv": [1, 0, 4, 3], "texture": "#0"}
			}
		},
		{
			"from": [10, -1, 7],
			"to": [13, 2, 10],
			"shade": false,
			"faces": {
				"north": {"uv": [1, 0, 4, 3], "texture": "#0"},
				"east": {"uv": [1, 0, 4, 3], "texture": "#0"},
				"south": {"uv": [1, 0, 4, 3], "texture": "#0"},
				"west": {"uv": [1, 0, 4, 3], "texture": "#0"},
				"up": {"uv": [1, 0, 4, 3], "texture": "#0"}
			}
		},
		{
			"from": [7, -1, 3],
			"to": [9, 2, 5],
			"shade": false,
			"faces": {
				"north": {"uv": [1, 0, 3, 3], "texture": "#0"},
				"east": {"uv": [1, 0, 3, 3], "texture": "#0"},
				"south": {"uv": [1, 0, 3, 3], "texture": "#0"},
				"west": {"uv": [1, 0, 3, 3], "texture": "#0"},
				"up": {"uv": [1, 0, 3, 2], "texture": "#0"}
			}
		},
		{
			"from": [3, -1, 6],
			"to": [6, 2, 9],
			"shade": false,
			"faces": {
				"north": {"uv": [1, 0, 4, 3], "texture": "#0"},
				"east": {"uv": [1, 0, 4, 3], "texture": "#0"},
				"south": {"uv": [1, 0, 4, 3], "texture": "#0"},
				"west": {"uv": [1, 0, 4, 3], "texture": "#0"},
				"up": {"uv": [1, 0, 4, 3], "texture": "#0"}
			}
		},
		{
			"from": [6, -1, 10],
			"to": [9, 2, 13],
			"shade": false,
			"faces": {
				"north": {"uv": [1, 0, 4, 3], "texture": "#0"},
				"east": {"uv": [1, 0, 4, 3], "texture": "#0"},
				"south": {"uv": [1, 0, 4, 3], "texture": "#0"},
				"west": {"uv": [1, 0, 4, 3], "texture": "#0"},
				"up": {"uv": [1, 0, 4, 3], "texture": "#0"}
			}
		},
		{
			"from": [3, -1, 11],
			"to": [5, 2, 13],
			"shade": false,
			"faces": {
				"north": {"uv": [1, 0, 3, 3], "texture": "#0"},
				"east": {"uv": [1, 0, 3, 3], "texture": "#0"},
				"south": {"uv": [1, 0, 3, 3], "texture": "#0"},
				"west": {"uv": [1, 0, 3, 3], "texture": "#0"},
				"up": {"uv": [1, 0, 3, 2], "texture": "#0"}
			}
		},
		{
			"from": [11, -1, 11],
			"to": [13, 2, 13],
			"shade": false,
			"faces": {
				"north": {"uv": [1, 0, 3, 3], "texture": "#0"},
				"east": {"uv": [1, 0, 3, 3], "texture": "#0"},
				"south": {"uv": [1, 0, 3, 3], "texture": "#0"},
				"west": {"uv": [1, 0, 3, 3], "texture": "#0"},
				"up": {"uv": [1, 0, 3, 2], "texture": "#0"}
			}
		},
		{
			"from": [9, -1, 11],
			"to": [11, 1, 13],
			"shade": false,
			"faces": {
				"north": {"uv": [1, 0, 3, 2], "texture": "#0"},
				"south": {"uv": [1, 0, 3, 2], "texture": "#0"},
				"up": {"uv": [1, 0, 3, 2], "texture": "#0"}
			}
		},
		{
			"from": [4, -1, 1],
			"to": [4, 12, 15],
			"shade": false,
			"faces": {
				"north": {"uv": [1, 3, 1, 16], "texture": "#1"},
				"east": {"uv": [1, 3, 15, 16], "texture": "#1"},
				"south": {"uv": [1, 3, 1, 16], "texture": "#1"},
				"west": {"uv": [1, 3, 15, 16], "texture": "#1"},
				"up": {"uv": [0, 0, 0, 14], "texture": "#1"},
				"down": {"uv": [0, 0, 0, 14], "texture": "#1"}
			}
		},
		{
			"from": [12, -1, 1],
			"to": [12, 12, 15],
			"shade": false,
			"faces": {
				"north": {"uv": [1, 3, 1, 16], "texture": "#1"},
				"east": {"uv": [1, 3, 15, 16], "texture": "#1"},
				"south": {"uv": [1, 3, 1, 16], "texture": "#1"},
				"west": {"uv": [1, 3, 15, 16], "texture": "#1"},
				"up": {"uv": [0, 0, 0, 14], "texture": "#1"},
				"down": {"uv": [0, 0, 0, 14], "texture": "#1"}
			}
		},
		{
			"from": [1, -1, 4],
			"to": [15, 12, 4],
			"shade": false,
			"faces": {
				"north": {"uv": [1, 3, 15, 16], "texture": "#1"},
				"east": {"uv": [1, 3, 1, 16], "texture": "#1"},
				"south": {"uv": [1, 3, 15, 16], "texture": "#1"},
				"west": {"uv": [1, 3, 1, 16], "texture": "#1"},
				"up": {"uv": [0, 0, 14, 0], "texture": "#1"},
				"down": {"uv": [0, 0, 14, 0], "texture": "#1"}
			}
		},
		{
			"from": [1, -1, 12],
			"to": [15, 12, 12],
			"shade": false,
			"faces": {
				"north": {"uv": [1, 3, 15, 16], "texture": "#1"},
				"east": {"uv": [1, 3, 1, 16], "texture": "#1"},
				"south": {"uv": [1, 3, 15, 16], "texture": "#1"},
				"west": {"uv": [1, 3, 1, 16], "texture": "#1"},
				"up": {"uv": [0, 0, 14, 0], "texture": "#1"},
				"down": {"uv": [0, 0, 14, 0], "texture": "#1"}
			}
		}
	],
	"groups": [
		{
			"name": "group",
			"origin": [0, 0, 0],
			"color": 0,
			"children": [0, 1, 2, 3, 4, 5, 6, 7, 8]
		},
		{
			"name": "group",
			"origin": [8, 8, 8],
			"color": 0,
			"children": [9, 10, 11, 12]
		}
	]
}