{
	"credit": "Made with Blockbench",
	"textures": {
		"1": "block/crimson_fungus_bottom",
		"2": "block/crimson_fungus_top",
		"4": "block/crimson_fungus2",
		"particle": "block/crimson_fungus"
	},
	"elements": [
		{
			"from": [12, 0, 6],
			"to": [14, 2, 8],
			"rotation": {"angle": 0, "axis": "y", "origin": [20, 8, 14]},
			"faces": {
				"north": {"uv": [11, 14, 13, 16], "texture": "#4"},
				"east": {"uv": [11, 14, 13, 16], "texture": "#4"},
				"south": {"uv": [11, 14, 13, 16], "texture": "#4"},
				"west": {"uv": [11, 14, 13, 16], "texture": "#4"},
				"down": {"uv": [11, 14, 13, 16], "texture": "#4", "cullface": "down"}
			}
		},
		{
			"from": [7, 0, 2],
			"to": [9, 1, 4],
			"rotation": {"angle": 0, "axis": "y", "origin": [15, 8, 10]},
			"faces": {
				"north": {"uv": [11, 15, 13, 16], "texture": "#4"},
				"east": {"uv": [11, 15, 13, 16], "texture": "#4"},
				"south": {"uv": [11, 15, 13, 16], "texture": "#4"},
				"west": {"uv": [11, 15, 13, 16], "texture": "#4"},
				"down": {"uv": [11, 14, 13, 16], "texture": "#4", "cullface": "down"}
			}
		},
		{
			"from": [10, 0, 11],
			"to": [12, 1, 13],
			"rotation": {"angle": 0, "axis": "y", "origin": [18, 8, 19]},
			"faces": {
				"north": {"uv": [11, 15, 13, 16], "texture": "#4"},
				"east": {"uv": [11, 15, 13, 16], "texture": "#4"},
				"south": {"uv": [11, 15, 13, 16], "texture": "#4"},
				"west": {"uv": [11, 15, 13, 16], "texture": "#4"},
				"down": {"uv": [11, 14, 13, 16], "texture": "#4", "cullface": "down"}
			}
		},
		{
			"from": [6, 1, 1],
			"to": [10, 2, 5],
			"rotation": {"angle": 0, "axis": "y", "origin": [14, 9, 9]},
			"faces": {
				"north": {"uv": [10, 11, 14, 12], "texture": "#4"},
				"east": {"uv": [7, 6, 11, 7], "texture": "#4"},
				"south": {"uv": [6, 6, 10, 7], "texture": "#4"},
				"west": {"uv": [1, 12, 5, 13], "texture": "#4"},
				"up": {"uv": [0, 0, 4, 4], "texture": "#2"},
				"down": {"uv": [3, 7, 7, 11], "texture": "#1"}
			}
		},
		{
			"from": [9, 1, 10],
			"to": [13, 2, 14],
			"rotation": {"angle": 0, "axis": "y", "origin": [17, 9, 18]},
			"faces": {
				"north": {"uv": [10, 11, 14, 12], "texture": "#4"},
				"east": {"uv": [5, 6, 9, 7], "texture": "#4"},
				"south": {"uv": [10, 11, 14, 12], "texture": "#4"},
				"west": {"uv": [1, 12, 5, 13], "texture": "#4"},
				"up": {"uv": [3, 4, 7, 8], "texture": "#2"},
				"down": {"uv": [3, 7, 7, 11], "texture": "#1"}
			}
		},
		{
			"from": [11, 2, 5],
			"to": [15, 4, 9],
			"rotation": {"angle": 0, "axis": "y", "origin": [19, 10, 13]},
			"faces": {
				"north": {"uv": [10, 12, 14, 14], "texture": "#4"},
				"east": {"uv": [11, 12, 15, 14], "texture": "#4"},
				"south": {"uv": [9, 12, 13, 14], "texture": "#4"},
				"west": {"uv": [2, 13, 6, 15], "texture": "#4"},
				"up": {"uv": [5, 10, 9, 14], "texture": "#2"},
				"down": {"uv": [3, 5, 7, 9], "texture": "#1"}
			}
		},
		{
			"from": [2, 5, 8],
			"to": [8, 7, 14],
			"rotation": {"angle": 0, "axis": "y", "origin": [11, 14, 17]},
			"faces": {
				"north": {"uv": [9, 12, 15, 14], "texture": "#4"},
				"east": {"uv": [5, 6, 11, 8], "texture": "#4"},
				"south": {"uv": [5, 6, 11, 8], "texture": "#4"},
				"west": {"uv": [5, 6, 11, 8], "texture": "#4"},
				"up": {"uv": [4, 4, 10, 10], "texture": "#2"},
				"down": {"uv": [8, 8, 14, 14], "texture": "#1"}
			}
		},
		{
			"from": [7, 2, 2],
			"to": [9, 3, 4],
			"rotation": {"angle": 0, "axis": "y", "origin": [14, 10, 9]},
			"faces": {
				"north": {"uv": [9, 6, 11, 7], "texture": "#4"},
				"east": {"uv": [10, 11, 12, 12], "texture": "#4"},
				"south": {"uv": [2, 12, 4, 13], "texture": "#4"},
				"west": {"uv": [6, 6, 8, 7], "texture": "#4"},
				"up": {"uv": [0, 0, 2, 2], "texture": "#2"}
			}
		},
		{
			"from": [10, 2, 11],
			"to": [12, 3, 13],
			"rotation": {"angle": 0, "axis": "y", "origin": [17, 10, 18]},
			"faces": {
				"north": {"uv": [9, 6, 11, 7], "texture": "#4"},
				"east": {"uv": [10, 11, 12, 12], "texture": "#4"},
				"south": {"uv": [2, 12, 4, 13], "texture": "#4"},
				"west": {"uv": [6, 6, 8, 7], "texture": "#4"},
				"up": {"uv": [0, 0, 2, 2], "texture": "#2"}
			}
		},
		{
			"from": [12, 4, 6],
			"to": [14, 5, 8],
			"rotation": {"angle": 0, "axis": "y", "origin": [19, 11, 13]},
			"faces": {
				"north": {"uv": [11, 11, 13, 12], "texture": "#4"},
				"east": {"uv": [6, 6, 8, 7], "texture": "#4"},
				"south": {"uv": [7, 6, 9, 7], "texture": "#4"},
				"west": {"uv": [2, 12, 4, 13], "texture": "#4"},
				"up": {"uv": [11, 2, 13, 4], "texture": "#2"}
			}
		},
		{
			"from": [3, 7, 9],
			"to": [7, 8, 13],
			"rotation": {"angle": 0, "axis": "y", "origin": [11, 15, 17]},
			"faces": {
				"north": {"uv": [6, 6, 10, 7], "texture": "#4"},
				"east": {"uv": [10, 11, 14, 12], "texture": "#4"},
				"south": {"uv": [1, 12, 5, 13], "texture": "#4"},
				"west": {"uv": [5, 6, 9, 7], "texture": "#4"},
				"up": {"uv": [3, 11, 7, 15], "texture": "#2"}
			}
		},
		{
			"from": [4, 0, 10],
			"to": [6, 5, 12],
			"rotation": {"angle": 0, "axis": "y", "origin": [12, 8, 18]},
			"faces": {
				"north": {"uv": [7, 11, 9, 16], "texture": "#4"},
				"east": {"uv": [7, 11, 9, 16], "texture": "#4"},
				"south": {"uv": [7, 11, 9, 16], "texture": "#4"},
				"west": {"uv": [7, 11, 9, 16], "texture": "#4"},
				"down": {"uv": [7, 11, 9, 13], "texture": "#4", "cullface": "down"}
			}
		}
	],
	"display": {
		"thirdperson_righthand": {
			"rotation": [0, 45, 0],
			"translation": [0, 2.5, 0],
			"scale": [0.375, 0.375, 0.375]
		},
		"thirdperson_lefthand": {
			"rotation": [0, 45, 0],
			"translation": [0, 2.5, 0],
			"scale": [0.375, 0.375, 0.375]
		},
		"firstperson_righthand": {
			"rotation": [0, 45, 0],
			"scale": [0.4, 0.4, 0.4]
		},
		"firstperson_lefthand": {
			"rotation": [0, 225, 0],
			"scale": [0.4, 0.4, 0.4]
		},
		"ground": {
			"translation": [0, 3, 0],
			"scale": [0.25, 0.25, 0.25]
		},
		"gui": {
			"rotation": [30, 225, 0],
			"scale": [0.625, 0.625, 0.625]
		},
		"head": {
			"translation": [0, 14.5, 0]
		},
		"fixed": {
			"scale": [0.5, 0.5, 0.5]
		}
	}
}