{
	"credit": "Made with Blockbench",
	"textures": {
		"0": "block/crimson_fungus",
		"1": "block/crimson_fungus_bottom",
		"2": "block/crimson_fungus_top",
		"particle": "block/crimson_fungus"
	},
	"elements": [
		{
			"from": [7, 0, 7],
			"to": [9, 5, 9],
			"rotation": {"angle": 0, "axis": "y", "origin": [15, 8, 15]},
			"faces": {
				"north": {"uv": [7, 11, 9, 16], "texture": "#0"},
				"east": {"uv": [7, 11, 9, 16], "texture": "#0"},
				"south": {"uv": [7, 11, 9, 16], "texture": "#0"},
				"west": {"uv": [7, 11, 9, 16], "texture": "#0"},
				"down": {"uv": [7, 14, 9, 16], "texture": "#0", "cullface": "down"}
			}
		},
		{
			"from": [3, 5, 3],
			"to": [13, 8, 13],
			"rotation": {"angle": 0, "axis": "y", "origin": [11, 13, 11]},
			"faces": {
				"north": {"uv": [3, 8, 13, 11], "texture": "#0"},
				"east": {"uv": [3, 8, 13, 11], "texture": "#0"},
				"south": {"uv": [3, 8, 13, 11], "texture": "#0"},
				"west": {"uv": [3, 8, 13, 11], "texture": "#0"},
				"up": {"uv": [4, 6, 14, 16], "texture": "#2"},
				"down": {"uv": [0, 0, 10, 10], "texture": "#1"}
			}
		},
		{
			"from": [5, 8, 5],
			"to": [11, 12, 11],
			"rotation": {"angle": 0, "axis": "y", "origin": [13, 16, 13]},
			"faces": {
				"north": {"uv": [5, 4, 11, 8], "texture": "#0"},
				"east": {"uv": [5, 4, 11, 8], "texture": "#0"},
				"south": {"uv": [5, 4, 11, 8], "texture": "#0"},
				"west": {"uv": [5, 4, 11, 8], "texture": "#0"},
				"up": {"uv": [5, 1, 11, 7], "texture": "#2"}
			}
		}
	],
	"display": {
		"thirdperson_righthand": {
			"rotation": [0, 45, 0],
			"translation": [0, 2.5, 0],
			"scale": [0.375, 0.375, 0.375]
		},
		"thirdperson_lefthand": {
			"rotation": [0, 45, 0],
			"translation": [0, 2.5, 0],
			"scale": [0.375, 0.375, 0.375]
		},
		"firstperson_righthand": {
			"rotation": [0, 45, 0],
			"scale": [0.4, 0.4, 0.4]
		},
		"firstperson_lefthand": {
			"rotation": [0, 225, 0],
			"scale": [0.4, 0.4, 0.4]
		},
		"ground": {
			"translation": [0, 3, 0],
			"scale": [0.25, 0.25, 0.25]
		},
		"gui": {
			"rotation": [30, 225, 0],
			"scale": [0.625, 0.625, 0.625]
		},
		"head": {
			"translation": [0, 14.5, 0]
		},
		"fixed": {
			"scale": [0.5, 0.5, 0.5]
		}
	}
}