{
	"credit": "Made with Blockbench",
	"textures": {
		"1": "block/crimson_fungus_bottom",
		"2": "block/crimson_fungus_top",
		"3": "block/crimson_fungus1",
		"particle": "block/crimson_fungus"
	},
	"elements": [
		{
			"from": [9, 0, 4],
			"to": [11, 7, 6],
			"rotation": {"angle": 0, "axis": "y", "origin": [17, 8, 12]},
			"faces": {
				"north": {"uv": [4, 9, 6, 16], "texture": "#3"},
				"east": {"uv": [4, 9, 6, 16], "texture": "#3"},
				"south": {"uv": [4, 9, 6, 16], "texture": "#3"},
				"west": {"uv": [4, 9, 6, 16], "texture": "#3"},
				"down": {"uv": [4, 14, 6, 16], "texture": "#3", "cullface": "down"}
			}
		},
		{
			"from": [3, 0, 11],
			"to": [5, 2, 13],
			"rotation": {"angle": 0, "axis": "y", "origin": [11, 8, 19]},
			"faces": {
				"north": {"uv": [10, 14, 12, 16], "texture": "#3"},
				"east": {"uv": [10, 14, 12, 16], "texture": "#3"},
				"south": {"uv": [10, 14, 12, 16], "texture": "#3"},
				"west": {"uv": [10, 14, 12, 16], "texture": "#3"},
				"down": {"uv": [10, 14, 12, 16], "texture": "#3", "cullface": "down"}
			}
		},
		{
			"from": [5, 7, 0],
			"to": [15, 10, 10],
			"rotation": {"angle": 0, "axis": "y", "origin": [18, 15, 12]},
			"faces": {
				"north": {"uv": [0, 6, 10, 9], "texture": "#3"},
				"east": {"uv": [0, 6, 10, 9], "texture": "#3"},
				"south": {"uv": [0, 6, 10, 9], "texture": "#3"},
				"west": {"uv": [0, 6, 10, 9], "texture": "#3"},
				"up": {"uv": [5, 6, 15, 16], "texture": "#2"},
				"down": {"uv": [0, 0, 10, 10], "texture": "#1"}
			}
		},
		{
			"from": [6, 10, 1],
			"to": [14, 13, 9],
			"rotation": {"angle": 0, "axis": "y", "origin": [18, 18, 12]},
			"faces": {
				"north": {"uv": [1, 3, 9, 6], "texture": "#3"},
				"east": {"uv": [1, 3, 9, 6], "texture": "#3"},
				"south": {"uv": [1, 3, 9, 6], "texture": "#3"},
				"west": {"uv": [1, 3, 9, 6], "texture": "#3"},
				"up": {"uv": [0, 0, 8, 8], "texture": "#2"}
			}
		},
		{
			"from": [1, 2, 8],
			"to": [8, 4, 15],
			"rotation": {"angle": 0, "axis": "y", "origin": [9, 10, 16]},
			"faces": {
				"north": {"uv": [7, 12, 14, 14], "texture": "#3"},
				"east": {"uv": [7, 12, 14, 14], "texture": "#3"},
				"south": {"uv": [7, 12, 14, 14], "texture": "#3"},
				"west": {"uv": [7, 12, 14, 14], "texture": "#3"},
				"up": {"uv": [4, 4, 11, 11], "texture": "#2"},
				"down": {"uv": [3, 4, 10, 11], "texture": "#1"}
			}
		},
		{
			"from": [2, 4, 9],
			"to": [7, 5, 14],
			"rotation": {"angle": 0, "axis": "y", "origin": [10, 12, 19]},
			"faces": {
				"north": {"uv": [8, 11, 13, 12], "texture": "#3"},
				"east": {"uv": [8, 11, 13, 12], "texture": "#3"},
				"south": {"uv": [8, 11, 13, 12], "texture": "#3"},
				"west": {"uv": [8, 11, 13, 12], "texture": "#3"},
				"up": {"uv": [0, 0, 5, 5], "texture": "#2"}
			}
		}
	],
	"display": {
		"thirdperson_righthand": {
			"rotation": [0, 45, 0],
			"translation": [0, 2.5, 0],
			"scale": [0.375, 0.375, 0.375]
		},
		"thirdperson_lefthand": {
			"rotation": [0, 45, 0],
			"translation": [0, 2.5, 0],
			"scale": [0.375, 0.375, 0.375]
		},
		"firstperson_righthand": {
			"rotation": [0, 45, 0],
			"scale": [0.4, 0.4, 0.4]
		},
		"firstperson_lefthand": {
			"rotation": [0, 225, 0],
			"scale": [0.4, 0.4, 0.4]
		},
		"ground": {
			"translation": [0, 3, 0],
			"scale": [0.25, 0.25, 0.25]
		},
		"gui": {
			"rotation": [30, 225, 0],
			"scale": [0.625, 0.625, 0.625]
		},
		"head": {
			"translation": [0, 14.5, 0]
		},
		"fixed": {
			"scale": [0.5, 0.5, 0.5]
		}
	}
}