{
	"credit": "Made with Blockbench",
	"textures": {
		"2": "block/dandelion_stem1",
		"3": "block/dandelion_f",
		"4": "block/dandelion_leaf",
		"particle": "block/dandelion"
	},
	"elements": [
		{
			"from": [1, 0, 0],
			"to": [21, 6, 0],
			"shade": false,
			"rotation": {"angle": -45, "axis": "y", "origin": [0, -2, 0]},
			"faces": {
				"north": {"uv": [0, 10, 16, 16], "texture": "#2"},
				"east": {"uv": [0, 2, 0, 9], "texture": "#2"},
				"south": {"uv": [0, 10, 16, 16], "texture": "#2"},
				"west": {"uv": [1, 2, 1, 8], "texture": "#2"},
				"up": {"uv": [0, 0, 16, 0], "texture": "#2"},
				"down": {"uv": [0, 0, 16, 0], "texture": "#2"}
			}
		},
		{
			"from": [-2.22183, 0, 7.77817],
			"to": [17.77817, 6, 7.77817],
			"shade": false,
			"rotation": {"angle": 45, "axis": "y", "origin": [7.77817, 5, 7.77817]},
			"faces": {
				"north": {"uv": [0, 10, 16, 16], "texture": "#2"},
				"east": {"uv": [0, 2, 0, 9], "texture": "#2"},
				"south": {"uv": [0, 10, 16, 16], "texture": "#2"},
				"west": {"uv": [1, 2, 1, 8], "texture": "#2"},
				"up": {"uv": [0, 0, 16, 0], "texture": "#2"},
				"down": {"uv": [0, 0, 16, 0], "texture": "#2"}
			}
		},
		{
			"from": [4, 0, 0],
			"to": [11, 0, 8],
			"shade": false,
			"rotation": {"angle": 22.5, "axis": "x", "origin": [7.5, 0, 8]},
			"faces": {
				"north": {"uv": [0, 0, 10, 1], "texture": "#4"},
				"east": {"uv": [0, 0, 8, 1], "texture": "#4"},
				"south": {"uv": [0, 0, 10, 1], "texture": "#4"},
				"west": {"uv": [0, 0, 8, 1], "texture": "#4"},
				"up": {"uv": [4, 8, 11, 16], "texture": "#4"},
				"down": {"uv": [4, 8, 11, 16], "texture": "#4"}
			}
		},
		{
			"from": [4, 0, 8],
			"to": [11, 0, 16],
			"shade": false,
			"rotation": {"angle": -22.5, "axis": "x", "origin": [7.5, 0, 8]},
			"faces": {
				"north": {"uv": [10, 0, 0, 1], "texture": "#4"},
				"east": {"uv": [8, 0, 0, 1], "texture": "#4"},
				"south": {"uv": [10, 0, 0, 1], "texture": "#4"},
				"west": {"uv": [8, 0, 0, 1], "texture": "#4"},
				"up": {"uv": [4, 16, 11, 8], "texture": "#4"},
				"down": {"uv": [4, 16, 11, 8], "texture": "#4"}
			}
		},
		{
			"from": [8, 0, 5],
			"to": [16, 0, 12],
			"shade": false,
			"rotation": {"angle": 22.5, "axis": "z", "origin": [7.5, 0, 8]},
			"faces": {
				"north": {"uv": [8, 0, 0, 1], "texture": "#4"},
				"east": {"uv": [10, 0, 0, 1], "texture": "#4"},
				"south": {"uv": [8, 0, 0, 1], "texture": "#4"},
				"west": {"uv": [10, 0, 0, 1], "texture": "#4"},
				"up": {"uv": [4, 16, 11, 8], "rotation": 270, "texture": "#4"},
				"down": {"uv": [4, 16, 11, 8], "rotation": 90, "texture": "#4"}
			}
		},
		{
			"from": [0, 0, 5],
			"to": [8, 0, 12],
			"shade": false,
			"rotation": {"angle": -22.5, "axis": "z", "origin": [7.5, 0, 8]},
			"faces": {
				"north": {"uv": [0, 0, 8, 1], "texture": "#4"},
				"east": {"uv": [0, 0, 10, 1], "texture": "#4"},
				"south": {"uv": [0, 0, 8, 1], "texture": "#4"},
				"west": {"uv": [0, 0, 10, 1], "texture": "#4"},
				"up": {"uv": [4, 8, 11, 16], "rotation": 270, "texture": "#4"},
				"down": {"uv": [4, 8, 11, 16], "rotation": 90, "texture": "#4"}
			}
		},
		{
			"from": [3, 4.4, 4],
			"to": [6, 4.4, 7],
			"shade": false,
			"rotation": {"angle": 45, "axis": "z", "origin": [4.5, 5, 5.5]},
			"faces": {
				"north": {"uv": [0, 0, 3, 0], "texture": "#3"},
				"east": {"uv": [0, 0, 3, 0], "texture": "#3"},
				"south": {"uv": [0, 0, 3, 0], "texture": "#3"},
				"west": {"uv": [0, 0, 3, 0], "texture": "#3"},
				"up": {"uv": [0, 0, 3, 3], "texture": "#3"},
				"down": {"uv": [0, 0, 3, 3], "texture": "#3"}
			}
		},
		{
			"from": [4, 5, 9],
			"to": [7, 5, 12],
			"shade": false,
			"rotation": {"angle": 45, "axis": "x", "origin": [5.5, 5, 10.5]},
			"faces": {
				"north": {"uv": [0, 0, 3, 0], "texture": "#3"},
				"east": {"uv": [0, 0, 3, 0], "texture": "#3"},
				"south": {"uv": [0, 0, 3, 0], "texture": "#3"},
				"west": {"uv": [0, 0, 3, 0], "texture": "#3"},
				"up": {"uv": [0, 0, 3, 3], "texture": "#3"},
				"down": {"uv": [0, 0, 3, 3], "texture": "#3"}
			}
		},
		{
			"from": [11, 4.6, 2],
			"to": [14, 4.6, 5],
			"shade": false,
			"rotation": {"angle": -22.5, "axis": "z", "origin": [13.5, 5, 13.5]},
			"faces": {
				"north": {"uv": [0, 0, 3, 0], "texture": "#3"},
				"east": {"uv": [0, 0, 3, 0], "texture": "#3"},
				"south": {"uv": [0, 0, 3, 0], "texture": "#3"},
				"west": {"uv": [0, 0, 3, 0], "texture": "#3"},
				"up": {"uv": [0, 0, 3, 3], "texture": "#3"},
				"down": {"uv": [0, 0, 3, 3], "texture": "#3"}
			}
		},
		{
			"from": [11, 5, 10],
			"to": [14, 5, 13],
			"shade": false,
			"rotation": {"angle": -45, "axis": "z", "origin": [13.5, 5, 2.5]},
			"faces": {
				"north": {"uv": [0, 0, 3, 0], "texture": "#3"},
				"east": {"uv": [0, 0, 3, 0], "texture": "#3"},
				"south": {"uv": [0, 0, 3, 0], "texture": "#3"},
				"west": {"uv": [0, 0, 3, 0], "texture": "#3"},
				"up": {"uv": [0, 0, 3, 3], "texture": "#3"},
				"down": {"uv": [0, 0, 3, 3], "texture": "#3"}
			}
		},
		{
			"from": [8, 6, 5],
			"to": [11, 6, 8],
			"shade": false,
			"rotation": {"angle": 45, "axis": "y", "origin": [9.5, 6, 6.5]},
			"faces": {
				"north": {"uv": [0, 0, 3, 0], "texture": "#3"},
				"east": {"uv": [0, 0, 3, 0], "texture": "#3"},
				"south": {"uv": [0, 0, 3, 0], "texture": "#3"},
				"west": {"uv": [0, 0, 3, 0], "texture": "#3"},
				"up": {"uv": [0, 0, 3, 3], "texture": "#3"},
				"down": {"uv": [0, 0, 3, 3], "texture": "#3"}
			}
		},
		{
			"from": [8, 6, 8],
			"to": [11, 6, 11],
			"shade": false,
			"rotation": {"angle": -45, "axis": "z", "origin": [9.5, 6, 9.5]},
			"faces": {
				"north": {"uv": [0, 0, 3, 0], "texture": "#3"},
				"east": {"uv": [0, 0, 3, 0], "texture": "#3"},
				"south": {"uv": [0, 0, 3, 0], "texture": "#3"},
				"west": {"uv": [0, 0, 3, 0], "texture": "#3"},
				"up": {"uv": [0, 0, 3, 3], "texture": "#3"},
				"down": {"uv": [0, 0, 3, 3], "texture": "#3"}
			}
		},
		{
			"from": [5, 6, 8],
			"to": [8, 6, 11],
			"shade": false,
			"rotation": {"angle": 22.5, "axis": "y", "origin": [6.5, 6, 9.5]},
			"faces": {
				"north": {"uv": [0, 0, 3, 0], "texture": "#3"},
				"east": {"uv": [0, 0, 3, 0], "texture": "#3"},
				"south": {"uv": [0, 0, 3, 0], "texture": "#3"},
				"west": {"uv": [0, 0, 3, 0], "texture": "#3"},
				"up": {"uv": [0, 0, 3, 3], "texture": "#3"},
				"down": {"uv": [0, 0, 3, 3], "texture": "#3"}
			}
		},
		{
			"from": [5, 6, 5],
			"to": [8, 6, 8],
			"shade": false,
			"rotation": {"angle": -22.5, "axis": "x", "origin": [6.5, 6, 6.5]},
			"faces": {
				"north": {"uv": [0, 0, 3, 0], "texture": "#3"},
				"east": {"uv": [0, 0, 3, 0], "texture": "#3"},
				"south": {"uv": [0, 0, 3, 0], "texture": "#3"},
				"west": {"uv": [0, 0, 3, 0], "texture": "#3"},
				"up": {"uv": [0, 0, 3, 3], "texture": "#3"},
				"down": {"uv": [0, 0, 3, 3], "texture": "#3"}
			}
		}
	],
	"groups": [
		{
			"name": "group",
			"origin": [7.77817, 7, 7.77817],
			"color": 0,
			"children": [0, 1]
		},
		{
			"name": "group",
			"origin": [7.5, 0, 8],
			"color": 0,
			"children": [2, 3, 4, 5]
		},
		{
			"name": "group",
			"origin": [0, 0, 0],
			"color": 0,
			"children": [6, 7, 8, 9, 10, 11, 12, 13]
		}
	]
}