{
	"credit": "Made with Blockbench",
	"ambientocclusion": false,
	"textures": {
		"particle": "block/detector_rail",
		"rail": "block/detector_rail"
	},
	"elements": [
		{
			"name": "Plate",
			"from": [5, 0, 7],
			"to": [11, 0.75, 9],
			"faces": {
				"north": {"uv": [5, 6, 11, 7], "rotation": 180, "texture": "#rail"},
				"east": {"uv": [10, 5, 10.75, 7], "rotation": 90, "texture": "#rail"},
				"south": {"uv": [5, 9, 11, 10], "texture": "#rail"},
				"west": {"uv": [5, 5, 5.75, 7], "rotation": 270, "texture": "#rail", "cullface": "south"}
			}
		},
		{
			"name": "1",
			"from": [2, 0, 0],
			"to": [4, 1, 16],
			"faces": {
				"north": {"uv": [4, 0, 2, 2], "texture": "#rail", "cullface": "north"},
				"east": {"uv": [3, 0, 4, 16], "rotation": 90, "texture": "#rail"},
				"south": {"uv": [2, 14, 4, 16], "texture": "#rail", "cullface": "south"},
				"west": {"uv": [2, 0, 3, 16], "rotation": 90, "texture": "#rail"},
				"up": {"uv": [2, 0, 4, 16], "texture": "#rail"},
				"down": {"uv": [2, 0, 4, 16], "texture": "#rail", "cullface": "down"}
			}
		},
		{
			"name": "2",
			"from": [12, 0, 0],
			"to": [14, 1, 16],
			"faces": {
				"north": {"uv": [14, 0, 12, 2], "texture": "#rail", "cullface": "north"},
				"east": {"uv": [13, 0, 14, 16], "rotation": 270, "texture": "#rail"},
				"south": {"uv": [12, 14, 14, 16], "texture": "#rail", "cullface": "south"},
				"west": {"uv": [12, 0, 12.6, 16], "rotation": 270, "texture": "#rail"},
				"up": {"uv": [12, 0, 14, 16], "texture": "#rail"},
				"down": {"uv": [12, 0, 14, 16], "texture": "#rail", "cullface": "down"}
			}
		},
		{
			"name": "1",
			"from": [4, 0, 1],
			"to": [12, 0.75, 3],
			"faces": {
				"north": {"uv": [4, 1, 12, 2], "rotation": 180, "texture": "#rail"},
				"south": {"uv": [4, 2, 12, 3], "texture": "#rail"},
				"up": {"uv": [4, 1, 12, 3], "texture": "#rail"},
				"down": {"uv": [12, 1, 4, 3], "rotation": 180, "texture": "#rail", "cullface": "down"}
			}
		},
		{
			"name": "2",
			"from": [4, 0, 13],
			"to": [12, 0.75, 15],
			"faces": {
				"north": {"uv": [4, 13, 12, 14], "rotation": 180, "texture": "#rail"},
				"south": {"uv": [4, 14, 12, 15], "texture": "#rail"},
				"up": {"uv": [4, 13, 12, 15], "texture": "#rail"},
				"down": {"uv": [12, 13, 4, 15], "rotation": 180, "texture": "#rail", "cullface": "down"}
			}
		},
		{
			"name": "Abnormal1",
			"from": [4, 0, 5],
			"to": [12, 0.75, 11],
			"faces": {
				"north": {"uv": [4, 10, 12, 10.75], "rotation": 180, "texture": "#rail"},
				"south": {"uv": [4, 10, 12, 10.75], "texture": "#rail"},
				"up": {"uv": [4, 5, 12, 11], "texture": "#rail"},
				"down": {"uv": [12, 5, 4, 11], "rotation": 180, "texture": "#rail", "cullface": "down"}
			}
		},
		{
			"name": "Abnormal2",
			"from": [4, 0, 9],
			"to": [12, 0.75, 9],
			"faces": {
				"north": {"uv": [4, 2, 12, 3], "rotation": 180, "texture": "#rail"},
				"down": {"uv": [12, 5, 4, 7], "rotation": 180, "texture": "#rail", "cullface": "down"}
			}
		},
		{
			"name": "Abnormal3",
			"from": [4, 0, 7],
			"to": [12, 0.75, 7],
			"faces": {
				"south": {"uv": [4, 2, 12, 3], "texture": "#rail"},
				"down": {"uv": [12, 5, 4, 7], "rotation": 180, "texture": "#rail", "cullface": "down"}
			}
		},
		{
			"name": "1",
			"from": [1, 0, 1],
			"to": [2, 0.75, 3],
			"faces": {
				"north": {"uv": [1, 1, 2, 2], "texture": "#rail"},
				"south": {"uv": [1, 2, 2, 3], "texture": "#rail"},
				"west": {"uv": [1, 1, 2, 3], "rotation": 270, "texture": "#rail"},
				"up": {"uv": [1, 1, 2, 3], "texture": "#rail"},
				"down": {"uv": [1, 1, 2, 3], "rotation": 180, "texture": "#rail", "cullface": "down"}
			}
		},
		{
			"name": "2",
			"from": [14, 0, 1],
			"to": [15, 0.75, 3],
			"faces": {
				"north": {"uv": [14, 1, 15, 2], "texture": "#rail"},
				"east": {"uv": [14, 1, 15, 3], "rotation": 90, "texture": "#rail"},
				"south": {"uv": [14, 2, 15, 3], "texture": "#rail"},
				"up": {"uv": [14, 1, 15, 3], "texture": "#rail"},
				"down": {"uv": [14, 1, 15, 3], "rotation": 180, "texture": "#rail", "cullface": "down"}
			}
		},
		{
			"name": "3",
			"from": [1, 0, 5],
			"to": [2, 0.75, 7],
			"faces": {
				"north": {"uv": [1, 5, 2, 6], "texture": "#rail"},
				"south": {"uv": [1, 6, 2, 7], "texture": "#rail"},
				"west": {"uv": [1, 5, 2, 7], "rotation": 270, "texture": "#rail"},
				"up": {"uv": [1, 5, 2, 7], "texture": "#rail"},
				"down": {"uv": [1, 5, 2, 7], "rotation": 180, "texture": "#rail", "cullface": "down"}
			}
		},
		{
			"name": "4",
			"from": [14, 0, 5],
			"to": [15, 0.75, 7],
			"faces": {
				"north": {"uv": [14, 5, 15, 6], "texture": "#rail"},
				"east": {"uv": [14, 5, 15, 7], "rotation": 90, "texture": "#rail"},
				"south": {"uv": [14, 6, 15, 7], "texture": "#rail"},
				"up": {"uv": [14, 1, 15, 3], "texture": "#rail"},
				"down": {"uv": [14, 5, 15, 7], "rotation": 180, "texture": "#rail", "cullface": "down"}
			}
		},
		{
			"name": "5",
			"from": [1, 0, 9],
			"to": [2, 0.75, 11],
			"faces": {
				"north": {"uv": [1, 9, 2, 10], "texture": "#rail"},
				"south": {"uv": [1, 10, 2, 11], "texture": "#rail"},
				"west": {"uv": [1, 9, 2, 11], "rotation": 270, "texture": "#rail"},
				"up": {"uv": [1, 9, 2, 11], "texture": "#rail"},
				"down": {"uv": [1, 9, 2, 11], "rotation": 180, "texture": "#rail", "cullface": "down"}
			}
		},
		{
			"name": "6",
			"from": [14, 0, 9],
			"to": [15, 0.75, 11],
			"faces": {
				"north": {"uv": [14, 9, 15, 10], "texture": "#rail"},
				"east": {"uv": [14, 9, 15, 11], "rotation": 90, "texture": "#rail"},
				"south": {"uv": [14, 10, 15, 11], "texture": "#rail"},
				"up": {"uv": [14, 9, 15, 11], "texture": "#rail"},
				"down": {"uv": [14, 9, 15, 11], "rotation": 180, "texture": "#rail", "cullface": "down"}
			}
		},
		{
			"name": "7",
			"from": [1, 0, 13],
			"to": [2, 0.75, 15],
			"faces": {
				"north": {"uv": [1, 13, 2, 14], "texture": "#rail"},
				"south": {"uv": [1, 14, 2, 15], "texture": "#rail"},
				"west": {"uv": [1, 13, 2, 15], "rotation": 270, "texture": "#rail"},
				"up": {"uv": [1, 13, 2, 15], "texture": "#rail"},
				"down": {"uv": [1, 13, 2, 15], "rotation": 180, "texture": "#rail", "cullface": "down"}
			}
		},
		{
			"name": "8",
			"from": [14, 0, 13],
			"to": [15, 0.75, 15],
			"faces": {
				"north": {"uv": [14, 13, 15, 14], "texture": "#rail"},
				"east": {"uv": [14, 13, 15, 15], "rotation": 90, "texture": "#rail"},
				"south": {"uv": [14, 14, 15, 15], "texture": "#rail"},
				"up": {"uv": [14, 13, 15, 15], "texture": "#rail"},
				"down": {"uv": [14, 13, 15, 15], "rotation": 180, "texture": "#rail", "cullface": "down"}
			}
		}
	],
	"groups": [
		{
			"name": "Rails",
			"origin": [0, 0, 0],
			"color": 0,
			"children": [0, 1, 2]
		},
		{
			"name": "Crossbeams",
			"origin": [0, 0, 0],
			"color": 0,
			"children": [3, 4]
		},
		5,
		6,
		7,
		{
			"name": "Sticks",
			"origin": [0, 0, 0],
			"color": 0,
			"children": [8, 9, 10, 11, 12, 13, 14, 15]
		}
	]
}