{
	"credit": "Made with Blockbench",
	"parent": "block/block",
	"ambientocclusion": false,
	"textures": {
		"particle": "block/dragon_egg",
		"all": "block/dragon_egg"
	},
	"elements": [
		{
			"from": [6, 15, 6],
			"to": [10, 16, 10],
			"rotation": {"angle": -22.5, "axis": "y", "origin": [8, 8.42857, 8]},
			"faces": {
				"north": {"uv": [6, 15, 10, 16], "texture": "#all"},
				"east": {"uv": [6, 15, 10, 16], "texture": "#all"},
				"south": {"uv": [6, 15, 10, 16], "texture": "#all"},
				"west": {"uv": [6, 15, 10, 16], "texture": "#all"},
				"up": {"uv": [6, 6, 10, 10], "texture": "#all"}
			}
		},
		{
			"from": [5, 13, 5],
			"to": [11, 15, 11],
			"rotation": {"angle": -22.5, "axis": "y", "origin": [8, 8.42857, 8]},
			"faces": {
				"north": {"uv": [7, 1, 13, 3], "texture": "#all"},
				"east": {"uv": [7, 1, 13, 3], "texture": "#all"},
				"south": {"uv": [7, 1, 13, 3], "texture": "#all"},
				"west": {"uv": [7, 1, 13, 3], "texture": "#all"},
				"up": {"uv": [4, 4, 10, 10], "texture": "#all"}
			}
		},
		{
			"from": [4, 0, 4],
			"to": [12, 13, 12],
			"rotation": {"angle": -22.5, "axis": "y", "origin": [8, 8.42857, 8]},
			"faces": {
				"north": {"uv": [4, 3, 12, 16], "texture": "#all"},
				"east": {"uv": [4, 3, 12, 16], "texture": "#all"},
				"south": {"uv": [4, 3, 12, 16], "texture": "#all"},
				"west": {"uv": [4, 3, 12, 16], "texture": "#all"},
				"up": {"uv": [3, 3, 11, 11], "texture": "#all"},
				"down": {"uv": [3, 3, 11, 11], "texture": "#all", "cullface": "down"}
			}
		},
		{
			"from": [3, 1, 3],
			"to": [13, 11, 13],
			"rotation": {"angle": -22.5, "axis": "y", "origin": [8, 8.42857, 8]},
			"faces": {
				"north": {"uv": [3, 5, 13, 15], "texture": "#all"},
				"east": {"uv": [3, 5, 13, 15], "texture": "#all"},
				"south": {"uv": [3, 5, 13, 15], "texture": "#all"},
				"west": {"uv": [3, 5, 13, 15], "texture": "#all"},
				"up": {"uv": [4, 5, 14, 15], "texture": "#all"},
				"down": {"uv": [2, 2, 12, 12], "texture": "#all"}
			}
		},
		{
			"from": [2, 3, 2],
			"to": [14, 8, 14],
			"rotation": {"angle": -22.5, "axis": "y", "origin": [8, 8.42857, 8]},
			"faces": {
				"north": {"uv": [2, 8, 14, 13], "texture": "#all"},
				"east": {"uv": [2, 8, 14, 13], "texture": "#all"},
				"south": {"uv": [2, 8, 14, 13], "texture": "#all"},
				"west": {"uv": [2, 8, 14, 13], "texture": "#all"},
				"up": {"uv": [2, 2, 14, 14], "texture": "#all"},
				"down": {"uv": [2, 2, 14, 14], "texture": "#all"}
			}
		}
	]
}