{
    "acacia_body": {
        "keys": {
            "W": {
                "item": "minecraft:acacia_planks"
            }
        },
        "pattern": [
            "   ",
            "WW ",
            "WWW"
        ],
        "result": {
            "item": "car:acacia_body",
            "count": 1
        }
    },
    "acacia_bumper": {
        "keys": {
            "W": {
                "item": "minecraft:acacia_planks"
            },
            "I": {
                "tag": "forge:ingots/iron"
            }
        },
        "pattern": [
            " I ",
            "WWW",
            "   "
        ],
        "result": {
            "item": "car:acacia_bumper",
            "count": 1
        }
    },
    "acacia_license_plate_holder": {
        "keys": {
            "W": {
                "item": "minecraft:acacia_planks"
            },
            "I": {
                "tag": "forge:rods/iron"
            }
        },
        "pattern": [
            "   ",
            "WIW",
            "WWW"
        ],
        "result": {
            "item": "car:acacia_license_plate_holder",
            "count": 1
        }
    },
    "asphalt": {
        "keys": {
            "X": {
                "item": "minecraft:cobblestone"
            },
            "W": {
                "item": "minecraft:black_wool"
            }
        },
        "pattern": [
            "XXX",
            "XWX",
            "XXX"
        ],
        "result": {
            "item": "car:asphalt",
            "count": 8
        }
    },
    "asphalt_slab": {
        "keys": {
            "X": {
                "item": "car:asphalt"
            }
        },
        "pattern": [
            "XXX"
        ],
        "result": {
            "item": "car:asphalt_slab",
            "count": 6
        }
    },
    "asphalt_slope": {
        "keys": {
            "X": {
                "item": "car:asphalt"
            }
        },
        "pattern": [
            "X  ",
            "XX ",
            "XXX"
        ],
        "result": {
            "item": "car:asphalt_slope",
            "count": 6
        }
    },
    "asphalt_slope_flat_lower": {
        "keys": {
            "X": {
                "item": "car:asphalt"
            }
        },
        "pattern": [
            "X  ",
            "XXX"
        ],
        "result": {
            "item": "car:asphalt_slope_flat_lower",
            "count": 4
        }
    },
    "asphalt_slope_flat_upper": {
        "keys": {
            "X": {
                "item": "car:asphalt"
            }
        },
        "pattern": [
            "X ",
            "XX",
            "XX"
        ],
        "result": {
            "item": "car:asphalt_slope_flat_upper",
            "count": 4
        }
    },
    "backmix_reactor": {
        "keys": {
            "I": {
                "tag": "forge:ingots/iron"
            },
            "T": {
                "item": "car:tank"
            },
            "C": {
                "item": "minecraft:redstone"
            }
        },
        "pattern": [
            "ICI",
            "ITI",
            "III"
        ],
        "result": {
            "item": "car:backmix_reactor",
            "count": 1
        }
    },
    "battery": {
        "keys": {
            "I": {
                "tag": "forge:ingots/iron"
            },
            "S": {
                "tag": "forge:rods/iron"
            }
        },
        "pattern": [
            "S S",
            "III",
            "III"
        ],
        "result": {
            "item": "car:battery",
            "count": 1
        }
    },
    "big_acacia_body": {
        "keys": {
            "W": {
                "item": "minecraft:acacia_planks"
            }
        },
        "pattern": [
            "WW ",
            "WW ",
            "WWW"
        ],
        "result": {
            "item": "car:big_acacia_body",
            "count": 1
        }
    },
    "big_birch_body": {
        "keys": {
            "W": {
                "item": "minecraft:birch_planks"
            }
        },
        "pattern": [
            "WW ",
            "WW ",
            "WWW"
        ],
        "result": {
            "item": "car:big_birch_body",
            "count": 1
        }
    },
    "big_crimson_body": {
        "keys": {
            "W": {
                "item": "minecraft:crimson_planks"
            }
        },
        "pattern": [
            "WW ",
            "WW ",
            "WWW"
        ],
        "result": {
            "item": "car:big_crimson_body",
            "count": 1
        }
    },
    "big_dark_oak_body": {
        "keys": {
            "W": {
                "item": "minecraft:dark_oak_planks"
            }
        },
        "pattern": [
            "WW ",
            "WW ",
            "WWW"
        ],
        "result": {
            "item": "car:big_dark_oak_body",
            "count": 1
        }
    },
    "big_jungle_body": {
        "keys": {
            "W": {
                "item": "minecraft:jungle_planks"
            }
        },
        "pattern": [
            "WW ",
            "WW ",
            "WWW"
        ],
        "result": {
            "item": "car:big_jungle_body",
            "count": 1
        }
    },
    "big_oak_body": {
        "keys": {
            "W": {
                "item": "minecraft:oak_planks"
            }
        },
        "pattern": [
            "WW ",
            "WW ",
            "WWW"
        ],
        "result": {
            "item": "car:big_oak_body",
            "count": 1
        }
    },
    "big_spruce_body": {
        "keys": {
            "W": {
                "item": "minecraft:spruce_planks"
            }
        },
        "pattern": [
            "WW ",
            "WW ",
            "WWW"
        ],
        "result": {
            "item": "car:big_spruce_body",
            "count": 1
        }
    },
    "big_warped_body": {
        "keys": {
            "W": {
                "item": "minecraft:warped_planks"
            }
        },
        "pattern": [
            "WW ",
            "WW ",
            "WWW"
        ],
        "result": {
            "item": "car:big_warped_body",
            "count": 1
        }
    },
    "big_wheel": {
        "keys": {
            "W": {
                "item": "minecraft:black_wool"
            },
            "I": {
                "tag": "forge:ingots/iron"
            }
        },
        "pattern": [
            "WWW",
            "WIW",
            "WWW"
        ],
        "result": {
            "item": "car:big_wheel",
            "count": 1
        }
    },
    "birch_body": {
        "keys": {
            "W": {
                "item": "minecraft:birch_planks"
            }
        },
        "pattern": [
            "   ",
            "WW ",
            "WWW"
        ],
        "result": {
            "item": "car:birch_body",
            "count": 1
        }
    },
    "birch_bumper": {
        "keys": {
            "W": {
                "item": "minecraft:birch_planks"
            },
            "I": {
                "tag": "forge:ingots/iron"
            }
        },
        "pattern": [
            " I ",
            "WWW",
            "   "
        ],
        "result": {
            "item": "car:birch_bumper",
            "count": 1
        }
    },
    "birch_license_plate_holder": {
        "keys": {
            "W": {
                "item": "minecraft:birch_planks"
            },
            "I": {
                "tag": "forge:rods/iron"
            }
        },
        "pattern": [
            "   ",
            "WIW",
            "WWW"
        ],
        "result": {
            "item": "car:birch_license_plate_holder",
            "count": 1
        }
    },
    "black_container": {
        "keys": {
            "C": {
                "item": "minecraft:black_concrete"
            },
            "H": {
                "item": "minecraft:chest"
            },
            "I": {
                "tag": "forge:ingots/iron"
            }
        },
        "pattern": [
            "CIC",
            "IHI",
            "CIC"
        ],
        "result": {
            "item": "car:black_container",
            "count": 1
        }
    },
    "black_sport_body": {
        "keys": {
            "C": {
                "item": "minecraft:black_concrete"
            }
        },
        "pattern": [
            "   ",
            "C  ",
            "CCC"
        ],
        "result": {
            "item": "car:black_sport_body",
            "count": 1
        }
    },
    "black_suv_body": {
        "keys": {
            "C": {
                "item": "minecraft:black_concrete"
            }
        },
        "pattern": [
            "CC ",
            "CCC",
            "CCC"
        ],
        "result": {
            "item": "car:black_suv_body",
            "count": 1
        }
    },
    "black_tank_container": {
        "keys": {
            "C": {
                "item": "minecraft:black_concrete"
            },
            "T": {
                "item": "car:tank"
            }
        },
        "pattern": [
            "CTC",
            "TTT",
            "CTC"
        ],
        "result": {
            "item": "car:black_tank_container",
            "count": 1
        }
    },
    "black_transporter_body": {
        "keys": {
            "C": {
                "item": "minecraft:black_concrete"
            }
        },
        "pattern": [
            "CC ",
            "CC ",
            "CCC"
        ],
        "result": {
            "item": "car:black_transporter_body",
            "count": 1
        }
    },
    "blastfurnace": {
        "keys": {
            "I": {
                "item": "minecraft:iron_ingot"
            },
            "F": {
                "item": "minecraft:furnace"
            }
        },
        "pattern": [
            "III",
            "IFI",
            "III"
        ],
        "result": {
            "item": "car:blastfurnace",
            "count": 1
        }
    },
    "blue_container": {
        "keys": {
            "C": {
                "item": "minecraft:blue_concrete"
            },
            "H": {
                "item": "minecraft:chest"
            },
            "I": {
                "tag": "forge:ingots/iron"
            }
        },
        "pattern": [
            "CIC",
            "IHI",
            "CIC"
        ],
        "result": {
            "item": "car:blue_container",
            "count": 1
        }
    },
    "blue_sport_body": {
        "keys": {
            "C": {
                "item": "minecraft:blue_concrete"
            }
        },
        "pattern": [
            "   ",
            "C  ",
            "CCC"
        ],
        "result": {
            "item": "car:blue_sport_body",
            "count": 1
        }
    },
    "blue_suv_body": {
        "keys": {
            "C": {
                "item": "minecraft:blue_concrete"
            }
        },
        "pattern": [
            "CC ",
            "CCC",
            "CCC"
        ],
        "result": {
            "item": "car:blue_suv_body",
            "count": 1
        }
    },
    "blue_tank_container": {
        "keys": {
            "C": {
                "item": "minecraft:blue_concrete"
            },
            "T": {
                "item": "car:tank"
            }
        },
        "pattern": [
            "CTC",
            "TTT",
            "CTC"
        ],
        "result": {
            "item": "car:blue_tank_container",
            "count": 1
        }
    },
    "blue_transporter_body": {
        "keys": {
            "C": {
                "item": "minecraft:blue_concrete"
            }
        },
        "pattern": [
            "CC ",
            "CC ",
            "CCC"
        ],
        "result": {
            "item": "car:blue_transporter_body",
            "count": 1
        }
    },
    "brown_container": {
        "keys": {
            "C": {
                "item": "minecraft:brown_concrete"
            },
            "H": {
                "item": "minecraft:chest"
            },
            "I": {
                "tag": "forge:ingots/iron"
            }
        },
        "pattern": [
            "CIC",
            "IHI",
            "CIC"
        ],
        "result": {
            "item": "car:brown_container",
            "count": 1
        }
    },
    "brown_sport_body": {
        "keys": {
            "C": {
                "item": "minecraft:brown_concrete"
            }
        },
        "pattern": [
            "   ",
            "C  ",
            "CCC"
        ],
        "result": {
            "item": "car:brown_sport_body",
            "count": 1
        }
    },
    "brown_suv_body": {
        "keys": {
            "C": {
                "item": "minecraft:brown_concrete"
            }
        },
        "pattern": [
            "CC ",
            "CCC",
            "CCC"
        ],
        "result": {
            "item": "car:brown_suv_body",
            "count": 1
        }
    },
    "brown_tank_container": {
        "keys": {
            "C": {
                "item": "minecraft:brown_concrete"
            },
            "T": {
                "item": "car:tank"
            }
        },
        "pattern": [
            "CTC",
            "TTT",
            "CTC"
        ],
        "result": {
            "item": "car:brown_tank_container",
            "count": 1
        }
    },
    "brown_transporter_body": {
        "keys": {
            "C": {
                "item": "minecraft:brown_concrete"
            }
        },
        "pattern": [
            "CC ",
            "CC ",
            "CCC"
        ],
        "result": {
            "item": "car:brown_transporter_body",
            "count": 1
        }
    },
    "cable": {
        "keys": {
            "I": {
                "item": "car:cable_insulator"
            },
            "R": {
                "item": "minecraft:redstone"
            }
        },
        "pattern": [
            "III",
            "RRR",
            "III"
        ],
        "result": {
            "item": "car:cable",
            "count": 8
        }
    },
    "cable_insulator": {
        "keys": {
            "W": {
                "tag": "minecraft:wool"
            }
        },
        "pattern": [
            "WWW"
        ],
        "result": {
            "item": "car:cable_insulator",
            "count": 16
        }
    },
    "canister": {
        "keys": {
            "I": {
                "tag": "forge:ingots/iron"
            },
            "T": {
                "item": "car:tank"
            }
        },
        "pattern": [
            "II ",
            "ITI",
            "III"
        ],
        "result": {
            "item": "car:canister",
            "count": 1
        }
    },
    "car_pressure_plate": {
        "keys": {
            "X": {
                "item": "car:asphalt"
            }
        },
        "pattern": [
            "XX"
        ],
        "result": {
            "item": "car:car_pressure_plate",
            "count": 1
        }
    },
    "car_workshop": {
        "keys": {
            "I": {
                "tag": "forge:ingots/iron"
            },
            "P": {
                "item": "minecraft:piston"
            }
        },
        "pattern": [
            "III",
            " P ",
            "III"
        ],
        "result": {
            "item": "car:car_workshop",
            "count": 1
        }
    },
    "car_workshop_outter": {
        "keys": {
            "I": {
                "tag": "forge:ingots/iron"
            }
        },
        "pattern": [
            "III",
            " I ",
            "III"
        ],
        "result": {
            "item": "car:car_workshop_outter",
            "count": 1
        }
    },
    "crank": {
        "keys": {
            "S": {
                "tag": "forge:rods/wooden"
            }
        },
        "pattern": [
            "SS",
            " S"
        ],
        "result": {
            "item": "car:crank",
            "count": 1
        }
    },
    "crimson_body": {
        "keys": {
            "W": {
                "item": "minecraft:crimson_planks"
            }
        },
        "pattern": [
            "   ",
            "WW ",
            "WWW"
        ],
        "result": {
            "item": "car:crimson_body",
            "count": 1
        }
    },
    "crimson_bumper": {
        "keys": {
            "W": {
                "item": "minecraft:crimson_planks"
            },
            "I": {
                "tag": "forge:ingots/iron"
            }
        },
        "pattern": [
            " I ",
            "WWW",
            "   "
        ],
        "result": {
            "item": "car:crimson_bumper",
            "count": 1
        }
    },
    "crimson_license_plate_holder": {
        "keys": {
            "W": {
                "item": "minecraft:crimson_planks"
            },
            "I": {
                "tag": "forge:rods/iron"
            }
        },
        "pattern": [
            "   ",
            "WIW",
            "WWW"
        ],
        "result": {
            "item": "car:crimson_license_plate_holder",
            "count": 1
        }
    },
    "cyan_container": {
        "keys": {
            "C": {
                "item": "minecraft:cyan_concrete"
            },
            "H": {
                "item": "minecraft:chest"
            },
            "I": {
                "tag": "forge:ingots/iron"
            }
        },
        "pattern": [
            "CIC",
            "IHI",
            "CIC"
        ],
        "result": {
            "item": "car:cyan_container",
            "count": 1
        }
    },
    "cyan_sport_body": {
        "keys": {
            "C": {
                "item": "minecraft:cyan_concrete"
            }
        },
        "pattern": [
            "   ",
            "C  ",
            "CCC"
        ],
        "result": {
            "item": "car:cyan_sport_body",
            "count": 1
        }
    },
    "cyan_suv_body": {
        "keys": {
            "C": {
                "item": "minecraft:cyan_concrete"
            }
        },
        "pattern": [
            "CC ",
            "CCC",
            "CCC"
        ],
        "result": {
            "item": "car:cyan_suv_body",
            "count": 1
        }
    },
    "cyan_tank_container": {
        "keys": {
            "C": {
                "item": "minecraft:cyan_concrete"
            },
            "T": {
                "item": "car:tank"
            }
        },
        "pattern": [
            "CTC",
            "TTT",
            "CTC"
        ],
        "result": {
            "item": "car:cyan_tank_container",
            "count": 1
        }
    },
    "cyan_transporter_body": {
        "keys": {
            "C": {
                "item": "minecraft:cyan_concrete"
            }
        },
        "pattern": [
            "CC ",
            "CC ",
            "CCC"
        ],
        "result": {
            "item": "car:cyan_transporter_body",
            "count": 1
        }
    },
    "dark_oak_body": {
        "keys": {
            "W": {
                "item": "minecraft:dark_oak_planks"
            }
        },
        "pattern": [
            "   ",
            "WW ",
            "WWW"
        ],
        "result": {
            "item": "car:dark_oak_body",
            "count": 1
        }
    },
    "dark_oak_bumper": {
        "keys": {
            "W": {
                "item": "minecraft:dark_oak_planks"
            },
            "I": {
                "tag": "forge:ingots/iron"
            }
        },
        "pattern": [
            " I ",
            "WWW",
            "   "
        ],
        "result": {
            "item": "car:dark_oak_bumper",
            "count": 1
        }
    },
    "dark_oak_license_plate_holder": {
        "keys": {
            "W": {
                "item": "minecraft:dark_oak_planks"
            },
            "I": {
                "tag": "forge:rods/iron"
            }
        },
        "pattern": [
            "   ",
            "WIW",
            "WWW"
        ],
        "result": {
            "item": "car:dark_oak_license_plate_holder",
            "count": 1
        }
    },
    "diamond_license_plate_holder": {
        "keys": {
            "W": {
                "item": "minecraft:diamond"
            },
            "I": {
                "tag": "forge:rods/iron"
            }
        },
        "pattern": [
            "   ",
            "WIW",
            "WWW"
        ],
        "result": {
            "item": "car:diamond_license_plate_holder",
            "count": 1
        }
    },
    "dynamo": {
        "keys": {
            "I": {
                "tag": "forge:ingots/iron"
            },
            "C": {
                "item": "minecraft:redstone"
            }
        },
        "pattern": [
            "ICI",
            "I I",
            "III"
        ],
        "result": {
            "item": "car:dynamo",
            "count": 1
        }
    },
    "emerald_license_plate_holder": {
        "keys": {
            "W": {
                "item": "minecraft:emerald"
            },
            "I": {
                "tag": "forge:rods/iron"
            }
        },
        "pattern": [
            "   ",
            "WIW",
            "WWW"
        ],
        "result": {
            "item": "car:emerald_license_plate_holder",
            "count": 1
        }
    },
    "engine_3_cylinder": {
        "keys": {
            "F": {
                "item": "minecraft:flint"
            },
            "P": {
                "item": "car:engine_piston"
            },
            "B": {
                "item": "minecraft:iron_block"
            }
        },
        "pattern": [
            "FFF",
            "PPP",
            "BBB"
        ],
        "result": {
            "item": "car:engine_3_cylinder",
            "count": 1
        }
    },
    "engine_6_cylinder": {
        "keys": {
            "I": {
                "tag": "forge:ingots/iron"
            },
            "E": {
                "item": "car:engine_3_cylinder"
            }
        },
        "pattern": [
            "III",
            "EIE",
            "III"
        ],
        "result": {
            "item": "car:engine_6_cylinder",
            "count": 1
        }
    },
    "engine_piston": {
        "keys": {
            "I": {
                "tag": "forge:ingots/iron"
            },
            "S": {
                "tag": "forge:rods/iron"
            }
        },
        "pattern": [
            "  I",
            " S ",
            "S  "
        ],
        "result": {
            "item": "car:engine_piston",
            "count": 1
        }
    },
    "engine_truck": {
        "keys": {
            "F": {
                "item": "minecraft:flint"
            },
            "I": {
                "tag": "forge:ingots/iron"
            },
            "P": {
                "item": "car:engine_piston"
            },
            "B": {
                "item": "minecraft:iron_block"
            }
        },
        "pattern": [
            "FIF",
            "PPP",
            "BBB"
        ],
        "result": {
            "item": "car:engine_truck",
            "count": 1
        }
    },
    "fluid_extractor": {
        "keys": {
            "I": {
                "tag": "forge:ingots/iron"
            },
            "P": {
                "item": "car:fluid_pipe"
            }
        },
        "pattern": [
            "I  ",
            "IPP",
            "I  "
        ],
        "result": {
            "item": "car:fluid_extractor",
            "count": 4
        }
    },
    "fluid_pipe": {
        "keys": {
            "I": {
                "tag": "forge:ingots/iron"
            }
        },
        "pattern": [
            "III",
            "   ",
            "III"
        ],
        "result": {
            "item": "car:fluid_pipe",
            "count": 16
        }
    },
    "gas_station": {
        "keys": {
            "I": {
                "tag": "forge:ingots/iron"
            },
            "B": {
                "item": "minecraft:iron_block"
            },
            "C": {
                "item": "minecraft:redstone"
            },
            "T": {
                "item": "car:tank"
            },
            "S": {
                "item": "minecraft:smooth_stone_slab"
            }
        },
        "pattern": [
            "IBI",
            "ICI",
            "STS"
        ],
        "result": {
            "item": "car:gas_station",
            "count": 1
        }
    },
    "generator": {
        "keys": {
            "I": {
                "tag": "forge:ingots/iron"
            },
            "T": {
                "item": "car:tank"
            },
            "E": {
                "item": "car:engine_3_cylinder"
            },
            "C": {
                "item": "minecraft:redstone"
            }
        },
        "pattern": [
            "ICI",
            "IEI",
            "ITI"
        ],
        "result": {
            "item": "car:generator",
            "count": 1
        }
    },
    "gold_license_plate_holder": {
        "keys": {
            "W": {
                "item": "minecraft:gold_ingot"
            },
            "I": {
                "tag": "forge:rods/iron"
            }
        },
        "pattern": [
            "   ",
            "WIW",
            "WWW"
        ],
        "result": {
            "item": "car:gold_license_plate_holder",
            "count": 1
        }
    },
    "gray_container": {
        "keys": {
            "C": {
                "item": "minecraft:gray_concrete"
            },
            "H": {
                "item": "minecraft:chest"
            },
            "I": {
                "tag": "forge:ingots/iron"
            }
        },
        "pattern": [
            "CIC",
            "IHI",
            "CIC"
        ],
        "result": {
            "item": "car:gray_container",
            "count": 1
        }
    },
    "gray_sport_body": {
        "keys": {
            "C": {
                "item": "minecraft:gray_concrete"
            }
        },
        "pattern": [
            "   ",
            "C  ",
            "CCC"
        ],
        "result": {
            "item": "car:gray_sport_body",
            "count": 1
        }
    },
    "gray_suv_body": {
        "keys": {
            "C": {
                "item": "minecraft:gray_concrete"
            }
        },
        "pattern": [
            "CC ",
            "CCC",
            "CCC"
        ],
        "result": {
            "item": "car:gray_suv_body",
            "count": 1
        }
    },
    "gray_tank_container": {
        "keys": {
            "C": {
                "item": "minecraft:gray_concrete"
            },
            "T": {
                "item": "car:tank"
            }
        },
        "pattern": [
            "CTC",
            "TTT",
            "CTC"
        ],
        "result": {
            "item": "car:gray_tank_container",
            "count": 1
        }
    },
    "gray_transporter_body": {
        "keys": {
            "C": {
                "item": "minecraft:gray_concrete"
            }
        },
        "pattern": [
            "CC ",
            "CC ",
            "CCC"
        ],
        "result": {
            "item": "car:gray_transporter_body",
            "count": 1
        }
    },
    "green_container": {
        "keys": {
            "C": {
                "item": "minecraft:green_concrete"
            },
            "H": {
                "item": "minecraft:chest"
            },
            "I": {
                "tag": "forge:ingots/iron"
            }
        },
        "pattern": [
            "CIC",
            "IHI",
            "CIC"
        ],
        "result": {
            "item": "car:green_container",
            "count": 1
        }
    },
    "green_sport_body": {
        "keys": {
            "C": {
                "item": "minecraft:green_concrete"
            }
        },
        "pattern": [
            "   ",
            "C  ",
            "CCC"
        ],
        "result": {
            "item": "car:green_sport_body",
            "count": 1
        }
    },
    "green_suv_body": {
        "keys": {
            "C": {
                "item": "minecraft:green_concrete"
            }
        },
        "pattern": [
            "CC ",
            "CCC",
            "CCC"
        ],
        "result": {
            "item": "car:green_suv_body",
            "count": 1
        }
    },
    "green_tank_container": {
        "keys": {
            "C": {
                "item": "minecraft:green_concrete"
            },
            "T": {
                "item": "car:tank"
            }
        },
        "pattern": [
            "CTC",
            "TTT",
            "CTC"
        ],
        "result": {
            "item": "car:green_tank_container",
            "count": 1
        }
    },
    "green_transporter_body": {
        "keys": {
            "C": {
                "item": "minecraft:green_concrete"
            }
        },
        "pattern": [
            "CC ",
            "CC ",
            "CCC"
        ],
        "result": {
            "item": "car:green_transporter_body",
            "count": 1
        }
    },
    "guard_rail": {
        "keys": {
            "I": {
                "tag": "forge:ingots/iron"
            }
        },
        "pattern": [
            "III",
            "III",
            "I I"
        ],
        "result": {
            "item": "car:guard_rail",
            "count": 32
        }
    },
    "hammer": {
        "keys": {
            "I": {
                "tag": "forge:ingots/iron"
            },
            "S": {
                "tag": "forge:rods/iron"
            }
        },
        "pattern": [
            "III",
            " S ",
            " S "
        ],
        "result": {
            "item": "car:hammer",
            "count": 1
        }
    },
    "iron_license_plate_holder": {
        "keys": {
            "W": {
                "item": "minecraft:iron_ingot"
            },
            "I": {
                "tag": "forge:rods/iron"
            }
        },
        "pattern": [
            "   ",
            "WIW",
            "WWW"
        ],
        "result": {
            "item": "car:iron_license_plate_holder",
            "count": 1
        }
    },
    "iron_stick": {
        "keys": {
            "I": {
                "tag": "forge:ingots/iron"
            }
        },
        "pattern": [
            "I",
            "I"
        ],
        "result": {
            "item": "car:iron_stick",
            "count": 1
        }
    },
    "jungle_body": {
        "keys": {
            "W": {
                "item": "minecraft:jungle_planks"
            }
        },
        "pattern": [
            "   ",
            "WW ",
            "WWW"
        ],
        "result": {
            "item": "car:jungle_body",
            "count": 1
        }
    },
    "jungle_bumper": {
        "keys": {
            "W": {
                "item": "minecraft:jungle_planks"
            },
            "I": {
                "tag": "forge:ingots/iron"
            }
        },
        "pattern": [
            " I ",
            "WWW",
            "   "
        ],
        "result": {
            "item": "car:jungle_bumper",
            "count": 1
        }
    },
    "jungle_license_plate_holder": {
        "keys": {
            "W": {
                "item": "minecraft:jungle_planks"
            },
            "I": {
                "tag": "forge:rods/iron"
            }
        },
        "pattern": [
            "   ",
            "WIW",
            "WWW"
        ],
        "result": {
            "item": "car:jungle_license_plate_holder",
            "count": 1
        }
    },
    "large_tank": {
        "keys": {
            "I": {
                "item": "minecraft:iron_block"
            },
            "T": {
                "item": "car:tank"
            }
        },
        "pattern": [
            "III",
            "TTT",
            "III"
        ],
        "result": {
            "item": "car:large_tank",
            "count": 1
        }
    },
    "license_plate": {
        "keys": {
            "I": {
                "tag": "forge:ingots/iron"
            },
            "S": {
                "tag": "forge:rods/iron"
            }
        },
        "pattern": [
            "III",
            "ISI",
            "III"
        ],
        "result": {
            "item": "car:license_plate",
            "count": 4
        }
    },
    "light_blue_container": {
        "keys": {
            "C": {
                "item": "minecraft:light_blue_concrete"
            },
            "H": {
                "item": "minecraft:chest"
            },
            "I": {
                "tag": "forge:ingots/iron"
            }
        },
        "pattern": [
            "CIC",
            "IHI",
            "CIC"
        ],
        "result": {
            "item": "car:light_blue_container",
            "count": 1
        }
    },
    "light_blue_sport_body": {
        "keys": {
            "C": {
                "item": "minecraft:light_blue_concrete"
            }
        },
        "pattern": [
            "   ",
            "C  ",
            "CCC"
        ],
        "result": {
            "item": "car:light_blue_sport_body",
            "count": 1
        }
    },
    "light_blue_suv_body": {
        "keys": {
            "C": {
                "item": "minecraft:light_blue_concrete"
            }
        },
        "pattern": [
            "CC ",
            "CCC",
            "CCC"
        ],
        "result": {
            "item": "car:light_blue_suv_body",
            "count": 1
        }
    },
    "light_blue_tank_container": {
        "keys": {
            "C": {
                "item": "minecraft:light_blue_concrete"
            },
            "T": {
                "item": "car:tank"
            }
        },
        "pattern": [
            "CTC",
            "TTT",
            "CTC"
        ],
        "result": {
            "item": "car:light_blue_tank_container",
            "count": 1
        }
    },
    "light_blue_transporter_body": {
        "keys": {
            "C": {
                "item": "minecraft:light_blue_concrete"
            }
        },
        "pattern": [
            "CC ",
            "CC ",
            "CCC"
        ],
        "result": {
            "item": "car:light_blue_transporter_body",
            "count": 1
        }
    },
    "light_gray_container": {
        "keys": {
            "C": {
                "item": "minecraft:light_gray_concrete"
            },
            "H": {
                "item": "minecraft:chest"
            },
            "I": {
                "tag": "forge:ingots/iron"
            }
        },
        "pattern": [
            "CIC",
            "IHI",
            "CIC"
        ],
        "result": {
            "item": "car:light_gray_container",
            "count": 1
        }
    },
    "light_gray_sport_body": {
        "keys": {
            "C": {
                "item": "minecraft:light_gray_concrete"
            }
        },
        "pattern": [
            "   ",
            "C  ",
            "CCC"
        ],
        "result": {
            "item": "car:light_gray_sport_body",
            "count": 1
        }
    },
    "light_gray_suv_body": {
        "keys": {
            "C": {
                "item": "minecraft:light_gray_concrete"
            }
        },
        "pattern": [
            "CC ",
            "CCC",
            "CCC"
        ],
        "result": {
            "item": "car:light_gray_suv_body",
            "count": 1
        }
    },
    "light_gray_tank_container": {
        "keys": {
            "C": {
                "item": "minecraft:light_gray_concrete"
            },
            "T": {
                "item": "car:tank"
            }
        },
        "pattern": [
            "CTC",
            "TTT",
            "CTC"
        ],
        "result": {
            "item": "car:light_gray_tank_container",
            "count": 1
        }
    },
    "light_gray_transporter_body": {
        "keys": {
            "C": {
                "item": "minecraft:light_gray_concrete"
            }
        },
        "pattern": [
            "CC ",
            "CC ",
            "CCC"
        ],
        "result": {
            "item": "car:light_gray_transporter_body",
            "count": 1
        }
    },
    "lime_container": {
        "keys": {
            "C": {
                "item": "minecraft:lime_concrete"
            },
            "H": {
                "item": "minecraft:chest"
            },
            "I": {
                "tag": "forge:ingots/iron"
            }
        },
        "pattern": [
            "CIC",
            "IHI",
            "CIC"
        ],
        "result": {
            "item": "car:lime_container",
            "count": 1
        }
    },
    "lime_sport_body": {
        "keys": {
            "C": {
                "item": "minecraft:lime_concrete"
            }
        },
        "pattern": [
            "   ",
            "C  ",
            "CCC"
        ],
        "result": {
            "item": "car:lime_sport_body",
            "count": 1
        }
    },
    "lime_suv_body": {
        "keys": {
            "C": {
                "item": "minecraft:lime_concrete"
            }
        },
        "pattern": [
            "CC ",
            "CCC",
            "CCC"
        ],
        "result": {
            "item": "car:lime_suv_body",
            "count": 1
        }
    },
    "lime_tank_container": {
        "keys": {
            "C": {
                "item": "minecraft:lime_concrete"
            },
            "T": {
                "item": "car:tank"
            }
        },
        "pattern": [
            "CTC",
            "TTT",
            "CTC"
        ],
        "result": {
            "item": "car:lime_tank_container",
            "count": 1
        }
    },
    "lime_transporter_body": {
        "keys": {
            "C": {
                "item": "minecraft:lime_concrete"
            }
        },
        "pattern": [
            "CC ",
            "CC ",
            "CCC"
        ],
        "result": {
            "item": "car:lime_transporter_body",
            "count": 1
        }
    },
    "magenta_container": {
        "keys": {
            "C": {
                "item": "minecraft:magenta_concrete"
            },
            "H": {
                "item": "minecraft:chest"
            },
            "I": {
                "tag": "forge:ingots/iron"
            }
        },
        "pattern": [
            "CIC",
            "IHI",
            "CIC"
        ],
        "result": {
            "item": "car:magenta_container",
            "count": 1
        }
    },
    "magenta_sport_body": {
        "keys": {
            "C": {
                "item": "minecraft:magenta_concrete"
            }
        },
        "pattern": [
            "   ",
            "C  ",
            "CCC"
        ],
        "result": {
            "item": "car:magenta_sport_body",
            "count": 1
        }
    },
    "magenta_suv_body": {
        "keys": {
            "C": {
                "item": "minecraft:magenta_concrete"
            }
        },
        "pattern": [
            "CC ",
            "CCC",
            "CCC"
        ],
        "result": {
            "item": "car:magenta_suv_body",
            "count": 1
        }
    },
    "magenta_tank_container": {
        "keys": {
            "C": {
                "item": "minecraft:magenta_concrete"
            },
            "T": {
                "item": "car:tank"
            }
        },
        "pattern": [
            "CTC",
            "TTT",
            "CTC"
        ],
        "result": {
            "item": "car:magenta_tank_container",
            "count": 1
        }
    },
    "magenta_transporter_body": {
        "keys": {
            "C": {
                "item": "minecraft:magenta_concrete"
            }
        },
        "pattern": [
            "CC ",
            "CC ",
            "CCC"
        ],
        "result": {
            "item": "car:magenta_transporter_body",
            "count": 1
        }
    },
    "medium_tank": {
        "keys": {
            "I": {
                "tag": "forge:ingots/iron"
            },
            "T": {
                "item": "car:tank"
            }
        },
        "pattern": [
            "III",
            "TTT",
            "III"
        ],
        "result": {
            "item": "car:medium_tank",
            "count": 1
        }
    },
    "oak_body": {
        "keys": {
            "W": {
                "item": "minecraft:oak_planks"
            }
        },
        "pattern": [
            "   ",
            "WW ",
            "WWW"
        ],
        "result": {
            "item": "car:oak_body",
            "count": 1
        }
    },
    "oak_bumper": {
        "keys": {
            "W": {
                "item": "minecraft:oak_planks"
            },
            "I": {
                "tag": "forge:ingots/iron"
            }
        },
        "pattern": [
            " I ",
            "WWW",
            "   "
        ],
        "result": {
            "item": "car:oak_bumper",
            "count": 1
        }
    },
    "oak_license_plate_holder": {
        "keys": {
            "W": {
                "item": "minecraft:oak_planks"
            },
            "I": {
                "tag": "forge:rods/iron"
            }
        },
        "pattern": [
            "   ",
            "WIW",
            "WWW"
        ],
        "result": {
            "item": "car:oak_license_plate_holder",
            "count": 1
        }
    },
    "oilmill": {
        "keys": {
            "I": {
                "tag": "forge:ingots/iron"
            },
            "P": {
                "item": "minecraft:piston"
            }
        },
        "pattern": [
            "III",
            "IPI",
            "III"
        ],
        "result": {
            "item": "car:oilmill",
            "count": 1
        }
    },
    "orange_container": {
        "keys": {
            "C": {
                "item": "minecraft:orange_concrete"
            },
            "H": {
                "item": "minecraft:chest"
            },
            "I": {
                "tag": "forge:ingots/iron"
            }
        },
        "pattern": [
            "CIC",
            "IHI",
            "CIC"
        ],
        "result": {
            "item": "car:orange_container",
            "count": 1
        }
    },
    "orange_sport_body": {
        "keys": {
            "C": {
                "item": "minecraft:orange_concrete"
            }
        },
        "pattern": [
            "   ",
            "C  ",
            "CCC"
        ],
        "result": {
            "item": "car:orange_sport_body",
            "count": 1
        }
    },
    "orange_suv_body": {
        "keys": {
            "C": {
                "item": "minecraft:orange_concrete"
            }
        },
        "pattern": [
            "CC ",
            "CCC",
            "CCC"
        ],
        "result": {
            "item": "car:orange_suv_body",
            "count": 1
        }
    },
    "orange_tank_container": {
        "keys": {
            "C": {
                "item": "minecraft:orange_concrete"
            },
            "T": {
                "item": "car:tank"
            }
        },
        "pattern": [
            "CTC",
            "TTT",
            "CTC"
        ],
        "result": {
            "item": "car:orange_tank_container",
            "count": 1
        }
    },
    "orange_transporter_body": {
        "keys": {
            "C": {
                "item": "minecraft:orange_concrete"
            }
        },
        "pattern": [
            "CC ",
            "CC ",
            "CCC"
        ],
        "result": {
            "item": "car:orange_transporter_body",
            "count": 1
        }
    },
    "painter": {
        "keys": {
            "S": {
                "tag": "forge:rods/wooden"
            },
            "B": {
                "tag": "forge:dyes/white"
            }
        },
        "pattern": [
            " B ",
            " SB",
            "S  "
        ],
        "result": {
            "item": "car:painter",
            "count": 1
        }
    },
    "painter_yellow": {
        "keys": {
            "S": {
                "tag": "forge:rods/wooden"
            },
            "B": {
                "tag": "forge:dyes/yellow"
            }
        },
        "pattern": [
            " B ",
            " SB",
            "S  "
        ],
        "result": {
            "item": "car:painter_yellow",
            "count": 1
        }
    },
    "pink_container": {
        "keys": {
            "C": {
                "item": "minecraft:pink_concrete"
            },
            "H": {
                "item": "minecraft:chest"
            },
            "I": {
                "tag": "forge:ingots/iron"
            }
        },
        "pattern": [
            "CIC",
            "IHI",
            "CIC"
        ],
        "result": {
            "item": "car:pink_container",
            "count": 1
        }
    },
    "pink_sport_body": {
        "keys": {
            "C": {
                "item": "minecraft:pink_concrete"
            }
        },
        "pattern": [
            "   ",
            "C  ",
            "CCC"
        ],
        "result": {
            "item": "car:pink_sport_body",
            "count": 1
        }
    },
    "pink_suv_body": {
        "keys": {
            "C": {
                "item": "minecraft:pink_concrete"
            }
        },
        "pattern": [
            "CC ",
            "CCC",
            "CCC"
        ],
        "result": {
            "item": "car:pink_suv_body",
            "count": 1
        }
    },
    "pink_tank_container": {
        "keys": {
            "C": {
                "item": "minecraft:pink_concrete"
            },
            "T": {
                "item": "car:tank"
            }
        },
        "pattern": [
            "CTC",
            "TTT",
            "CTC"
        ],
        "result": {
            "item": "car:pink_tank_container",
            "count": 1
        }
    },
    "pink_transporter_body": {
        "keys": {
            "C": {
                "item": "minecraft:pink_concrete"
            }
        },
        "pattern": [
            "CC ",
            "CC ",
            "CCC"
        ],
        "result": {
            "item": "car:pink_transporter_body",
            "count": 1
        }
    },
    "purple_container": {
        "keys": {
            "C": {
                "item": "minecraft:purple_concrete"
            },
            "H": {
                "item": "minecraft:chest"
            },
            "I": {
                "tag": "forge:ingots/iron"
            }
        },
        "pattern": [
            "CIC",
            "IHI",
            "CIC"
        ],
        "result": {
            "item": "car:purple_container",
            "count": 1
        }
    },
    "purple_sport_body": {
        "keys": {
            "C": {
                "item": "minecraft:purple_concrete"
            }
        },
        "pattern": [
            "   ",
            "C  ",
            "CCC"
        ],
        "result": {
            "item": "car:purple_sport_body",
            "count": 1
        }
    },
    "purple_suv_body": {
        "keys": {
            "C": {
                "item": "minecraft:purple_concrete"
            }
        },
        "pattern": [
            "CC ",
            "CCC",
            "CCC"
        ],
        "result": {
            "item": "car:purple_suv_body",
            "count": 1
        }
    },
    "purple_tank_container": {
        "keys": {
            "C": {
                "item": "minecraft:purple_concrete"
            },
            "T": {
                "item": "car:tank"
            }
        },
        "pattern": [
            "CTC",
            "TTT",
            "CTC"
        ],
        "result": {
            "item": "car:purple_tank_container",
            "count": 1
        }
    },
    "purple_transporter_body": {
        "keys": {
            "C": {
                "item": "minecraft:purple_concrete"
            }
        },
        "pattern": [
            "CC ",
            "CC ",
            "CCC"
        ],
        "result": {
            "item": "car:purple_transporter_body",
            "count": 1
        }
    },
    "red_container": {
        "keys": {
            "C": {
                "item": "minecraft:red_concrete"
            },
            "H": {
                "item": "minecraft:chest"
            },
            "I": {
                "tag": "forge:ingots/iron"
            }
        },
        "pattern": [
            "CIC",
            "IHI",
            "CIC"
        ],
        "result": {
            "item": "car:red_container",
            "count": 1
        }
    },
    "red_sport_body": {
        "keys": {
            "C": {
                "item": "minecraft:red_concrete"
            }
        },
        "pattern": [
            "   ",
            "C  ",
            "CCC"
        ],
        "result": {
            "item": "car:red_sport_body",
            "count": 1
        }
    },
    "red_suv_body": {
        "keys": {
            "C": {
                "item": "minecraft:red_concrete"
            }
        },
        "pattern": [
            "CC ",
            "CCC",
            "CCC"
        ],
        "result": {
            "item": "car:red_suv_body",
            "count": 1
        }
    },
    "red_tank_container": {
        "keys": {
            "C": {
                "item": "minecraft:red_concrete"
            },
            "T": {
                "item": "car:tank"
            }
        },
        "pattern": [
            "CTC",
            "TTT",
            "CTC"
        ],
        "result": {
            "item": "car:red_tank_container",
            "count": 1
        }
    },
    "red_transporter_body": {
        "keys": {
            "C": {
                "item": "minecraft:red_concrete"
            }
        },
        "pattern": [
            "CC ",
            "CC ",
            "CCC"
        ],
        "result": {
            "item": "car:red_transporter_body",
            "count": 1
        }
    },
    "repair_kit": {
        "keys": {
            "I": {
                "tag": "forge:ingots/iron"
            },
            "S": {
                "item": "car:screw_driver"
            },
            "W": {
                "item": "car:wrench"
            },
            "H": {
                "item": "car:hammer"
            }
        },
        "pattern": [
            "III",
            "SWH",
            "III"
        ],
        "result": {
            "item": "car:repair_kit",
            "count": 1
        }
    },
    "screw_driver": {
        "keys": {
            "I": {
                "tag": "forge:ingots/iron"
            },
            "S": {
                "tag": "forge:rods/iron"
            }
        },
        "pattern": [
            "S",
            "S",
            "I"
        ],
        "result": {
            "item": "car:screw_driver",
            "count": 1
        }
    },
    "sign": {
        "keys": {
            "I": {
                "tag": "forge:ingots/iron"
            },
            "S": {
                "tag": "forge:rods/iron"
            }
        },
        "pattern": [
            "III",
            "III",
            " S "
        ],
        "result": {
            "item": "car:sign",
            "count": 3
        }
    },
    "sign_post": {
        "keys": {
            "I": {
                "tag": "forge:rods/iron"
            }
        },
        "pattern": [
            "I",
            "I"
        ],
        "result": {
            "item": "car:sign_post",
            "count": 3
        }
    },
    "small_tank": {
        "keys": {
            "I": {
                "tag": "forge:ingots/iron"
            },
            "T": {
                "item": "car:tank"
            }
        },
        "pattern": [
            "III",
            "ITI",
            "III"
        ],
        "result": {
            "item": "car:small_tank",
            "count": 1
        }
    },
    "split_tank": {
        "keys": {
            "I": {
                "tag": "forge:ingots/iron"
            },
            "T": {
                "item": "car:tank"
            },
            "G": {
                "item": "minecraft:glass"
            }
        },
        "pattern": [
            "III",
            "GTG",
            "GTG"
        ],
        "result": {
            "item": "car:split_tank",
            "count": 1
        }
    },
    "spruce_body": {
        "keys": {
            "W": {
                "item": "minecraft:spruce_planks"
            }
        },
        "pattern": [
            "   ",
            "WW ",
            "WWW"
        ],
        "result": {
            "item": "car:spruce_body",
            "count": 1
        }
    },
    "spruce_bumper": {
        "keys": {
            "W": {
                "item": "minecraft:spruce_planks"
            },
            "I": {
                "tag": "forge:ingots/iron"
            }
        },
        "pattern": [
            " I ",
            "WWW",
            "   "
        ],
        "result": {
            "item": "car:spruce_bumper",
            "count": 1
        }
    },
    "spruce_license_plate_holder": {
        "keys": {
            "W": {
                "item": "minecraft:spruce_planks"
            },
            "I": {
                "tag": "forge:rods/iron"
            }
        },
        "pattern": [
            "   ",
            "WIW",
            "WWW"
        ],
        "result": {
            "item": "car:spruce_license_plate_holder",
            "count": 1
        }
    },
    "tank": {
        "keys": {
            "G": {
                "item": "minecraft:glass"
            },
            "I": {
                "tag": "forge:ingots/iron"
            }
        },
        "pattern": [
            "IGI",
            "G G",
            "IGI"
        ],
        "result": {
            "item": "car:tank",
            "count": 1
        }
    },
    "warped_body": {
        "keys": {
            "W": {
                "item": "minecraft:warped_planks"
            }
        },
        "pattern": [
            "   ",
            "WW ",
            "WWW"
        ],
        "result": {
            "item": "car:warped_body",
            "count": 1
        }
    },
    "warped_bumper": {
        "keys": {
            "W": {
                "item": "minecraft:warped_planks"
            },
            "I": {
                "tag": "forge:ingots/iron"
            }
        },
        "pattern": [
            " I ",
            "WWW",
            "   "
        ],
        "result": {
            "item": "car:warped_bumper",
            "count": 1
        }
    },
    "warped_license_plate_holder": {
        "keys": {
            "W": {
                "item": "minecraft:warped_planks"
            },
            "I": {
                "tag": "forge:rods/iron"
            }
        },
        "pattern": [
            "   ",
            "WIW",
            "WWW"
        ],
        "result": {
            "item": "car:warped_license_plate_holder",
            "count": 1
        }
    },
    "wheel": {
        "keys": {
            "W": {
                "item": "minecraft:black_wool"
            },
            "I": {
                "tag": "forge:ingots/iron"
            }
        },
        "pattern": [
            " W ",
            "WIW",
            " W "
        ],
        "result": {
            "item": "car:wheel",
            "count": 1
        }
    },
    "white_container": {
        "keys": {
            "C": {
                "item": "minecraft:white_concrete"
            },
            "H": {
                "item": "minecraft:chest"
            },
            "I": {
                "tag": "forge:ingots/iron"
            }
        },
        "pattern": [
            "CIC",
            "IHI",
            "CIC"
        ],
        "result": {
            "item": "car:white_container",
            "count": 1
        }
    },
    "white_sport_body": {
        "keys": {
            "C": {
                "item": "minecraft:white_concrete"
            }
        },
        "pattern": [
            "   ",
            "C  ",
            "CCC"
        ],
        "result": {
            "item": "car:white_sport_body",
            "count": 1
        }
    },
    "white_suv_body": {
        "keys": {
            "C": {
                "item": "minecraft:white_concrete"
            }
        },
        "pattern": [
            "CC ",
            "CCC",
            "CCC"
        ],
        "result": {
            "item": "car:white_suv_body",
            "count": 1
        }
    },
    "white_tank_container": {
        "keys": {
            "C": {
                "item": "minecraft:white_concrete"
            },
            "T": {
                "item": "car:tank"
            }
        },
        "pattern": [
            "CTC",
            "TTT",
            "CTC"
        ],
        "result": {
            "item": "car:white_tank_container",
            "count": 1
        }
    },
    "white_transporter_body": {
        "keys": {
            "C": {
                "item": "minecraft:white_concrete"
            }
        },
        "pattern": [
            "CC ",
            "CC ",
            "CCC"
        ],
        "result": {
            "item": "car:white_transporter_body",
            "count": 1
        }
    },
    "wrench": {
        "keys": {
            "I": {
                "tag": "forge:ingots/iron"
            },
            "S": {
                "tag": "forge:rods/iron"
            }
        },
        "pattern": [
            " I ",
            " SI",
            "S  "
        ],
        "result": {
            "item": "car:wrench",
            "count": 1
        }
    },
    "yellow_container": {
        "keys": {
            "C": {
                "item": "minecraft:yellow_concrete"
            },
            "H": {
                "item": "minecraft:chest"
            },
            "I": {
                "tag": "forge:ingots/iron"
            }
        },
        "pattern": [
            "CIC",
            "IHI",
            "CIC"
        ],
        "result": {
            "item": "car:yellow_container",
            "count": 1
        }
    },
    "yellow_sport_body": {
        "keys": {
            "C": {
                "item": "minecraft:yellow_concrete"
            }
        },
        "pattern": [
            "   ",
            "C  ",
            "CCC"
        ],
        "result": {
            "item": "car:yellow_sport_body",
            "count": 1
        }
    },
    "yellow_suv_body": {
        "keys": {
            "C": {
                "item": "minecraft:yellow_concrete"
            }
        },
        "pattern": [
            "CC ",
            "CCC",
            "CCC"
        ],
        "result": {
            "item": "car:yellow_suv_body",
            "count": 1
        }
    },
    "yellow_tank_container": {
        "keys": {
            "C": {
                "item": "minecraft:yellow_concrete"
            },
            "T": {
                "item": "car:tank"
            }
        },
        "pattern": [
            "CTC",
            "TTT",
            "CTC"
        ],
        "result": {
            "item": "car:yellow_tank_container",
            "count": 1
        }
    },
    "yellow_transporter_body": {
        "keys": {
            "C": {
                "item": "minecraft:yellow_concrete"
            }
        },
        "pattern": [
            "CC ",
            "CC ",
            "CCC"
        ],
        "result": {
            "item": "car:yellow_transporter_body",
            "count": 1
        }
    }
}