{
    "acacia_window": {
        "keys": {
            "#": {
                "item": "minecraft:acacia_planks"
            },
            "X": {
                "tag": "forge:glass/colorless"
            }
        },
        "pattern": [
            " # ",
            "#X#"
        ],
        "result": {
            "count": 2,
            "item": "create:acacia_window"
        }
    },
    "acacia_window_pane": {
        "keys": {
            "#": {
                "item": "create:acacia_window"
            }
        },
        "pattern": [
            "###",
            "###"
        ],
        "result": {
            "count": 16,
            "item": "create:acacia_window_pane"
        }
    },
    "bamboo_window": {
        "keys": {
            "#": {
                "item": "minecraft:bamboo_planks"
            },
            "X": {
                "tag": "forge:glass/colorless"
            }
        },
        "pattern": [
            " # ",
            "#X#"
        ],
        "result": {
            "count": 2,
            "item": "create:bamboo_window"
        }
    },
    "bamboo_window_pane": {
        "keys": {
            "#": {
                "item": "create:bamboo_window"
            }
        },
        "pattern": [
            "###",
            "###"
        ],
        "result": {
            "count": 16,
            "item": "create:bamboo_window_pane"
        }
    },
    "birch_window": {
        "keys": {
            "#": {
                "item": "minecraft:birch_planks"
            },
            "X": {
                "tag": "forge:glass/colorless"
            }
        },
        "pattern": [
            " # ",
            "#X#"
        ],
        "result": {
            "count": 2,
            "item": "create:birch_window"
        }
    },
    "birch_window_pane": {
        "keys": {
            "#": {
                "item": "create:birch_window"
            }
        },
        "pattern": [
            "###",
            "###"
        ],
        "result": {
            "count": 16,
            "item": "create:birch_window_pane"
        }
    },
    "cherry_window": {
        "keys": {
            "#": {
                "item": "minecraft:cherry_planks"
            },
            "X": {
                "tag": "forge:glass/colorless"
            }
        },
        "pattern": [
            " # ",
            "#X#"
        ],
        "result": {
            "count": 2,
            "item": "create:cherry_window"
        }
    },
    "cherry_window_pane": {
        "keys": {
            "#": {
                "item": "create:cherry_window"
            }
        },
        "pattern": [
            "###",
            "###"
        ],
        "result": {
            "count": 16,
            "item": "create:cherry_window_pane"
        }
    },
    "copper_shingle_slab": {
        "keys": {
            "X": {
                "item": "create:copper_shingles"
            }
        },
        "pattern": [
            "XXX"
        ],
        "result": {
            "count": 6,
            "item": "create:copper_shingle_slab"
        }
    },
    "copper_shingle_stairs": {
        "keys": {
            "X": {
                "item": "create:copper_shingles"
            }
        },
        "pattern": [
            "X  ",
            "XX ",
            "XXX"
        ],
        "result": {
            "count": 4,
            "item": "create:copper_shingle_stairs"
        }
    },
    "copper_tile_slab": {
        "keys": {
            "X": {
                "item": "create:copper_tiles"
            }
        },
        "pattern": [
            "XXX"
        ],
        "result": {
            "count": 6,
            "item": "create:copper_tile_slab"
        }
    },
    "copper_tile_stairs": {
        "keys": {
            "X": {
                "item": "create:copper_tiles"
            }
        },
        "pattern": [
            "X  ",
            "XX ",
            "XXX"
        ],
        "result": {
            "count": 4,
            "item": "create:copper_tile_stairs"
        }
    },
    "crimson_window": {
        "keys": {
            "#": {
                "item": "minecraft:crimson_planks"
            },
            "X": {
                "tag": "forge:glass/colorless"
            }
        },
        "pattern": [
            " # ",
            "#X#"
        ],
        "result": {
            "count": 2,
            "item": "create:crimson_window"
        }
    },
    "crimson_window_pane": {
        "keys": {
            "#": {
                "item": "create:crimson_window"
            }
        },
        "pattern": [
            "###",
            "###"
        ],
        "result": {
            "count": 16,
            "item": "create:crimson_window_pane"
        }
    },
    "cut_andesite_brick_slab": {
        "keys": {
            "X": {
                "item": "create:cut_andesite_bricks"
            }
        },
        "pattern": [
            "XXX"
        ],
        "result": {
            "count": 6,
            "item": "create:cut_andesite_brick_slab"
        }
    },
    "cut_andesite_brick_stairs": {
        "keys": {
            "X": {
                "item": "create:cut_andesite_bricks"
            }
        },
        "pattern": [
            "X  ",
            "XX ",
            "XXX"
        ],
        "result": {
            "count": 4,
            "item": "create:cut_andesite_brick_stairs"
        }
    },
    "cut_andesite_brick_wall": {
        "keys": {
            "X": {
                "item": "create:cut_andesite_bricks"
            }
        },
        "pattern": [
            "XXX",
            "XXX"
        ],
        "result": {
            "count": 6,
            "item": "create:cut_andesite_brick_wall"
        }
    },
    "cut_andesite_slab": {
        "keys": {
            "X": {
                "item": "create:cut_andesite"
            }
        },
        "pattern": [
            "XXX"
        ],
        "result": {
            "count": 6,
            "item": "create:cut_andesite_slab"
        }
    },
    "cut_andesite_stairs": {
        "keys": {
            "X": {
                "item": "create:cut_andesite"
            }
        },
        "pattern": [
            "X  ",
            "XX ",
            "XXX"
        ],
        "result": {
            "count": 4,
            "item": "create:cut_andesite_stairs"
        }
    },
    "cut_andesite_wall": {
        "keys": {
            "X": {
                "item": "create:cut_andesite"
            }
        },
        "pattern": [
            "XXX",
            "XXX"
        ],
        "result": {
            "count": 6,
            "item": "create:cut_andesite_wall"
        }
    },
    "cut_asurine_brick_slab": {
        "keys": {
            "X": {
                "item": "create:cut_asurine_bricks"
            }
        },
        "pattern": [
            "XXX"
        ],
        "result": {
            "count": 6,
            "item": "create:cut_asurine_brick_slab"
        }
    },
    "cut_asurine_brick_stairs": {
        "keys": {
            "X": {
                "item": "create:cut_asurine_bricks"
            }
        },
        "pattern": [
            "X  ",
            "XX ",
            "XXX"
        ],
        "result": {
            "count": 4,
            "item": "create:cut_asurine_brick_stairs"
        }
    },
    "cut_asurine_brick_wall": {
        "keys": {
            "X": {
                "item": "create:cut_asurine_bricks"
            }
        },
        "pattern": [
            "XXX",
            "XXX"
        ],
        "result": {
            "count": 6,
            "item": "create:cut_asurine_brick_wall"
        }
    },
    "cut_asurine_slab": {
        "keys": {
            "X": {
                "item": "create:cut_asurine"
            }
        },
        "pattern": [
            "XXX"
        ],
        "result": {
            "count": 6,
            "item": "create:cut_asurine_slab"
        }
    },
    "cut_asurine_stairs": {
        "keys": {
            "X": {
                "item": "create:cut_asurine"
            }
        },
        "pattern": [
            "X  ",
            "XX ",
            "XXX"
        ],
        "result": {
            "count": 4,
            "item": "create:cut_asurine_stairs"
        }
    },
    "cut_asurine_wall": {
        "keys": {
            "X": {
                "item": "create:cut_asurine"
            }
        },
        "pattern": [
            "XXX",
            "XXX"
        ],
        "result": {
            "count": 6,
            "item": "create:cut_asurine_wall"
        }
    },
    "cut_calcite_brick_slab": {
        "keys": {
            "X": {
                "item": "create:cut_calcite_bricks"
            }
        },
        "pattern": [
            "XXX"
        ],
        "result": {
            "count": 6,
            "item": "create:cut_calcite_brick_slab"
        }
    },
    "cut_calcite_brick_stairs": {
        "keys": {
            "X": {
                "item": "create:cut_calcite_bricks"
            }
        },
        "pattern": [
            "X  ",
            "XX ",
            "XXX"
        ],
        "result": {
            "count": 4,
            "item": "create:cut_calcite_brick_stairs"
        }
    },
    "cut_calcite_brick_wall": {
        "keys": {
            "X": {
                "item": "create:cut_calcite_bricks"
            }
        },
        "pattern": [
            "XXX",
            "XXX"
        ],
        "result": {
            "count": 6,
            "item": "create:cut_calcite_brick_wall"
        }
    },
    "cut_calcite_slab": {
        "keys": {
            "X": {
                "item": "create:cut_calcite"
            }
        },
        "pattern": [
            "XXX"
        ],
        "result": {
            "count": 6,
            "item": "create:cut_calcite_slab"
        }
    },
    "cut_calcite_stairs": {
        "keys": {
            "X": {
                "item": "create:cut_calcite"
            }
        },
        "pattern": [
            "X  ",
            "XX ",
            "XXX"
        ],
        "result": {
            "count": 4,
            "item": "create:cut_calcite_stairs"
        }
    },
    "cut_calcite_wall": {
        "keys": {
            "X": {
                "item": "create:cut_calcite"
            }
        },
        "pattern": [
            "XXX",
            "XXX"
        ],
        "result": {
            "count": 6,
            "item": "create:cut_calcite_wall"
        }
    },
    "cut_crimsite_brick_slab": {
        "keys": {
            "X": {
                "item": "create:cut_crimsite_bricks"
            }
        },
        "pattern": [
            "XXX"
        ],
        "result": {
            "count": 6,
            "item": "create:cut_crimsite_brick_slab"
        }
    },
    "cut_crimsite_brick_stairs": {
        "keys": {
            "X": {
                "item": "create:cut_crimsite_bricks"
            }
        },
        "pattern": [
            "X  ",
            "XX ",
            "XXX"
        ],
        "result": {
            "count": 4,
            "item": "create:cut_crimsite_brick_stairs"
        }
    },
    "cut_crimsite_brick_wall": {
        "keys": {
            "X": {
                "item": "create:cut_crimsite_bricks"
            }
        },
        "pattern": [
            "XXX",
            "XXX"
        ],
        "result": {
            "count": 6,
            "item": "create:cut_crimsite_brick_wall"
        }
    },
    "cut_crimsite_slab": {
        "keys": {
            "X": {
                "item": "create:cut_crimsite"
            }
        },
        "pattern": [
            "XXX"
        ],
        "result": {
            "count": 6,
            "item": "create:cut_crimsite_slab"
        }
    },
    "cut_crimsite_stairs": {
        "keys": {
            "X": {
                "item": "create:cut_crimsite"
            }
        },
        "pattern": [
            "X  ",
            "XX ",
            "XXX"
        ],
        "result": {
            "count": 4,
            "item": "create:cut_crimsite_stairs"
        }
    },
    "cut_crimsite_wall": {
        "keys": {
            "X": {
                "item": "create:cut_crimsite"
            }
        },
        "pattern": [
            "XXX",
            "XXX"
        ],
        "result": {
            "count": 6,
            "item": "create:cut_crimsite_wall"
        }
    },
    "cut_deepslate_brick_slab": {
        "keys": {
            "X": {
                "item": "create:cut_deepslate_bricks"
            }
        },
        "pattern": [
            "XXX"
        ],
        "result": {
            "count": 6,
            "item": "create:cut_deepslate_brick_slab"
        }
    },
    "cut_deepslate_brick_stairs": {
        "keys": {
            "X": {
                "item": "create:cut_deepslate_bricks"
            }
        },
        "pattern": [
            "X  ",
            "XX ",
            "XXX"
        ],
        "result": {
            "count": 4,
            "item": "create:cut_deepslate_brick_stairs"
        }
    },
    "cut_deepslate_brick_wall": {
        "keys": {
            "X": {
                "item": "create:cut_deepslate_bricks"
            }
        },
        "pattern": [
            "XXX",
            "XXX"
        ],
        "result": {
            "count": 6,
            "item": "create:cut_deepslate_brick_wall"
        }
    },
    "cut_deepslate_slab": {
        "keys": {
            "X": {
                "item": "create:cut_deepslate"
            }
        },
        "pattern": [
            "XXX"
        ],
        "result": {
            "count": 6,
            "item": "create:cut_deepslate_slab"
        }
    },
    "cut_deepslate_stairs": {
        "keys": {
            "X": {
                "item": "create:cut_deepslate"
            }
        },
        "pattern": [
            "X  ",
            "XX ",
            "XXX"
        ],
        "result": {
            "count": 4,
            "item": "create:cut_deepslate_stairs"
        }
    },
    "cut_deepslate_wall": {
        "keys": {
            "X": {
                "item": "create:cut_deepslate"
            }
        },
        "pattern": [
            "XXX",
            "XXX"
        ],
        "result": {
            "count": 6,
            "item": "create:cut_deepslate_wall"
        }
    },
    "cut_diorite_brick_slab": {
        "keys": {
            "X": {
                "item": "create:cut_diorite_bricks"
            }
        },
        "pattern": [
            "XXX"
        ],
        "result": {
            "count": 6,
            "item": "create:cut_diorite_brick_slab"
        }
    },
    "cut_diorite_brick_stairs": {
        "keys": {
            "X": {
                "item": "create:cut_diorite_bricks"
            }
        },
        "pattern": [
            "X  ",
            "XX ",
            "XXX"
        ],
        "result": {
            "count": 4,
            "item": "create:cut_diorite_brick_stairs"
        }
    },
    "cut_diorite_brick_wall": {
        "keys": {
            "X": {
                "item": "create:cut_diorite_bricks"
            }
        },
        "pattern": [
            "XXX",
            "XXX"
        ],
        "result": {
            "count": 6,
            "item": "create:cut_diorite_brick_wall"
        }
    },
    "cut_diorite_slab": {
        "keys": {
            "X": {
                "item": "create:cut_diorite"
            }
        },
        "pattern": [
            "XXX"
        ],
        "result": {
            "count": 6,
            "item": "create:cut_diorite_slab"
        }
    },
    "cut_diorite_stairs": {
        "keys": {
            "X": {
                "item": "create:cut_diorite"
            }
        },
        "pattern": [
            "X  ",
            "XX ",
            "XXX"
        ],
        "result": {
            "count": 4,
            "item": "create:cut_diorite_stairs"
        }
    },
    "cut_diorite_wall": {
        "keys": {
            "X": {
                "item": "create:cut_diorite"
            }
        },
        "pattern": [
            "XXX",
            "XXX"
        ],
        "result": {
            "count": 6,
            "item": "create:cut_diorite_wall"
        }
    },
    "cut_dripstone_brick_slab": {
        "keys": {
            "X": {
                "item": "create:cut_dripstone_bricks"
            }
        },
        "pattern": [
            "XXX"
        ],
        "result": {
            "count": 6,
            "item": "create:cut_dripstone_brick_slab"
        }
    },
    "cut_dripstone_brick_stairs": {
        "keys": {
            "X": {
                "item": "create:cut_dripstone_bricks"
            }
        },
        "pattern": [
            "X  ",
            "XX ",
            "XXX"
        ],
        "result": {
            "count": 4,
            "item": "create:cut_dripstone_brick_stairs"
        }
    },
    "cut_dripstone_brick_wall": {
        "keys": {
            "X": {
                "item": "create:cut_dripstone_bricks"
            }
        },
        "pattern": [
            "XXX",
            "XXX"
        ],
        "result": {
            "count": 6,
            "item": "create:cut_dripstone_brick_wall"
        }
    },
    "cut_dripstone_slab": {
        "keys": {
            "X": {
                "item": "create:cut_dripstone"
            }
        },
        "pattern": [
            "XXX"
        ],
        "result": {
            "count": 6,
            "item": "create:cut_dripstone_slab"
        }
    },
    "cut_dripstone_stairs": {
        "keys": {
            "X": {
                "item": "create:cut_dripstone"
            }
        },
        "pattern": [
            "X  ",
            "XX ",
            "XXX"
        ],
        "result": {
            "count": 4,
            "item": "create:cut_dripstone_stairs"
        }
    },
    "cut_dripstone_wall": {
        "keys": {
            "X": {
                "item": "create:cut_dripstone"
            }
        },
        "pattern": [
            "XXX",
            "XXX"
        ],
        "result": {
            "count": 6,
            "item": "create:cut_dripstone_wall"
        }
    },
    "cut_granite_brick_slab": {
        "keys": {
            "X": {
                "item": "create:cut_granite_bricks"
            }
        },
        "pattern": [
            "XXX"
        ],
        "result": {
            "count": 6,
            "item": "create:cut_granite_brick_slab"
        }
    },
    "cut_granite_brick_stairs": {
        "keys": {
            "X": {
                "item": "create:cut_granite_bricks"
            }
        },
        "pattern": [
            "X  ",
            "XX ",
            "XXX"
        ],
        "result": {
            "count": 4,
            "item": "create:cut_granite_brick_stairs"
        }
    },
    "cut_granite_brick_wall": {
        "keys": {
            "X": {
                "item": "create:cut_granite_bricks"
            }
        },
        "pattern": [
            "XXX",
            "XXX"
        ],
        "result": {
            "count": 6,
            "item": "create:cut_granite_brick_wall"
        }
    },
    "cut_granite_slab": {
        "keys": {
            "X": {
                "item": "create:cut_granite"
            }
        },
        "pattern": [
            "XXX"
        ],
        "result": {
            "count": 6,
            "item": "create:cut_granite_slab"
        }
    },
    "cut_granite_stairs": {
        "keys": {
            "X": {
                "item": "create:cut_granite"
            }
        },
        "pattern": [
            "X  ",
            "XX ",
            "XXX"
        ],
        "result": {
            "count": 4,
            "item": "create:cut_granite_stairs"
        }
    },
    "cut_granite_wall": {
        "keys": {
            "X": {
                "item": "create:cut_granite"
            }
        },
        "pattern": [
            "XXX",
            "XXX"
        ],
        "result": {
            "count": 6,
            "item": "create:cut_granite_wall"
        }
    },
    "cut_limestone_brick_slab": {
        "keys": {
            "X": {
                "item": "create:cut_limestone_bricks"
            }
        },
        "pattern": [
            "XXX"
        ],
        "result": {
            "count": 6,
            "item": "create:cut_limestone_brick_slab"
        }
    },
    "cut_limestone_brick_stairs": {
        "keys": {
            "X": {
                "item": "create:cut_limestone_bricks"
            }
        },
        "pattern": [
            "X  ",
            "XX ",
            "XXX"
        ],
        "result": {
            "count": 4,
            "item": "create:cut_limestone_brick_stairs"
        }
    },
    "cut_limestone_brick_wall": {
        "keys": {
            "X": {
                "item": "create:cut_limestone_bricks"
            }
        },
        "pattern": [
            "XXX",
            "XXX"
        ],
        "result": {
            "count": 6,
            "item": "create:cut_limestone_brick_wall"
        }
    },
    "cut_limestone_slab": {
        "keys": {
            "X": {
                "item": "create:cut_limestone"
            }
        },
        "pattern": [
            "XXX"
        ],
        "result": {
            "count": 6,
            "item": "create:cut_limestone_slab"
        }
    },
    "cut_limestone_stairs": {
        "keys": {
            "X": {
                "item": "create:cut_limestone"
            }
        },
        "pattern": [
            "X  ",
            "XX ",
            "XXX"
        ],
        "result": {
            "count": 4,
            "item": "create:cut_limestone_stairs"
        }
    },
    "cut_limestone_wall": {
        "keys": {
            "X": {
                "item": "create:cut_limestone"
            }
        },
        "pattern": [
            "XXX",
            "XXX"
        ],
        "result": {
            "count": 6,
            "item": "create:cut_limestone_wall"
        }
    },
    "cut_ochrum_brick_slab": {
        "keys": {
            "X": {
                "item": "create:cut_ochrum_bricks"
            }
        },
        "pattern": [
            "XXX"
        ],
        "result": {
            "count": 6,
            "item": "create:cut_ochrum_brick_slab"
        }
    },
    "cut_ochrum_brick_stairs": {
        "keys": {
            "X": {
                "item": "create:cut_ochrum_bricks"
            }
        },
        "pattern": [
            "X  ",
            "XX ",
            "XXX"
        ],
        "result": {
            "count": 4,
            "item": "create:cut_ochrum_brick_stairs"
        }
    },
    "cut_ochrum_brick_wall": {
        "keys": {
            "X": {
                "item": "create:cut_ochrum_bricks"
            }
        },
        "pattern": [
            "XXX",
            "XXX"
        ],
        "result": {
            "count": 6,
            "item": "create:cut_ochrum_brick_wall"
        }
    },
    "cut_ochrum_slab": {
        "keys": {
            "X": {
                "item": "create:cut_ochrum"
            }
        },
        "pattern": [
            "XXX"
        ],
        "result": {
            "count": 6,
            "item": "create:cut_ochrum_slab"
        }
    },
    "cut_ochrum_stairs": {
        "keys": {
            "X": {
                "item": "create:cut_ochrum"
            }
        },
        "pattern": [
            "X  ",
            "XX ",
            "XXX"
        ],
        "result": {
            "count": 4,
            "item": "create:cut_ochrum_stairs"
        }
    },
    "cut_ochrum_wall": {
        "keys": {
            "X": {
                "item": "create:cut_ochrum"
            }
        },
        "pattern": [
            "XXX",
            "XXX"
        ],
        "result": {
            "count": 6,
            "item": "create:cut_ochrum_wall"
        }
    },
    "cut_scorchia_brick_slab": {
        "keys": {
            "X": {
                "item": "create:cut_scorchia_bricks"
            }
        },
        "pattern": [
            "XXX"
        ],
        "result": {
            "count": 6,
            "item": "create:cut_scorchia_brick_slab"
        }
    },
    "cut_scorchia_brick_stairs": {
        "keys": {
            "X": {
                "item": "create:cut_scorchia_bricks"
            }
        },
        "pattern": [
            "X  ",
            "XX ",
            "XXX"
        ],
        "result": {
            "count": 4,
            "item": "create:cut_scorchia_brick_stairs"
        }
    },
    "cut_scorchia_brick_wall": {
        "keys": {
            "X": {
                "item": "create:cut_scorchia_bricks"
            }
        },
        "pattern": [
            "XXX",
            "XXX"
        ],
        "result": {
            "count": 6,
            "item": "create:cut_scorchia_brick_wall"
        }
    },
    "cut_scorchia_slab": {
        "keys": {
            "X": {
                "item": "create:cut_scorchia"
            }
        },
        "pattern": [
            "XXX"
        ],
        "result": {
            "count": 6,
            "item": "create:cut_scorchia_slab"
        }
    },
    "cut_scorchia_stairs": {
        "keys": {
            "X": {
                "item": "create:cut_scorchia"
            }
        },
        "pattern": [
            "X  ",
            "XX ",
            "XXX"
        ],
        "result": {
            "count": 4,
            "item": "create:cut_scorchia_stairs"
        }
    },
    "cut_scorchia_wall": {
        "keys": {
            "X": {
                "item": "create:cut_scorchia"
            }
        },
        "pattern": [
            "XXX",
            "XXX"
        ],
        "result": {
            "count": 6,
            "item": "create:cut_scorchia_wall"
        }
    },
    "cut_scoria_brick_slab": {
        "keys": {
            "X": {
                "item": "create:cut_scoria_bricks"
            }
        },
        "pattern": [
            "XXX"
        ],
        "result": {
            "count": 6,
            "item": "create:cut_scoria_brick_slab"
        }
    },
    "cut_scoria_brick_stairs": {
        "keys": {
            "X": {
                "item": "create:cut_scoria_bricks"
            }
        },
        "pattern": [
            "X  ",
            "XX ",
            "XXX"
        ],
        "result": {
            "count": 4,
            "item": "create:cut_scoria_brick_stairs"
        }
    },
    "cut_scoria_brick_wall": {
        "keys": {
            "X": {
                "item": "create:cut_scoria_bricks"
            }
        },
        "pattern": [
            "XXX",
            "XXX"
        ],
        "result": {
            "count": 6,
            "item": "create:cut_scoria_brick_wall"
        }
    },
    "cut_scoria_slab": {
        "keys": {
            "X": {
                "item": "create:cut_scoria"
            }
        },
        "pattern": [
            "XXX"
        ],
        "result": {
            "count": 6,
            "item": "create:cut_scoria_slab"
        }
    },
    "cut_scoria_stairs": {
        "keys": {
            "X": {
                "item": "create:cut_scoria"
            }
        },
        "pattern": [
            "X  ",
            "XX ",
            "XXX"
        ],
        "result": {
            "count": 4,
            "item": "create:cut_scoria_stairs"
        }
    },
    "cut_scoria_wall": {
        "keys": {
            "X": {
                "item": "create:cut_scoria"
            }
        },
        "pattern": [
            "XXX",
            "XXX"
        ],
        "result": {
            "count": 6,
            "item": "create:cut_scoria_wall"
        }
    },
    "cut_tuff_brick_slab": {
        "keys": {
            "X": {
                "item": "create:cut_tuff_bricks"
            }
        },
        "pattern": [
            "XXX"
        ],
        "result": {
            "count": 6,
            "item": "create:cut_tuff_brick_slab"
        }
    },
    "cut_tuff_brick_stairs": {
        "keys": {
            "X": {
                "item": "create:cut_tuff_bricks"
            }
        },
        "pattern": [
            "X  ",
            "XX ",
            "XXX"
        ],
        "result": {
            "count": 4,
            "item": "create:cut_tuff_brick_stairs"
        }
    },
    "cut_tuff_brick_wall": {
        "keys": {
            "X": {
                "item": "create:cut_tuff_bricks"
            }
        },
        "pattern": [
            "XXX",
            "XXX"
        ],
        "result": {
            "count": 6,
            "item": "create:cut_tuff_brick_wall"
        }
    },
    "cut_tuff_slab": {
        "keys": {
            "X": {
                "item": "create:cut_tuff"
            }
        },
        "pattern": [
            "XXX"
        ],
        "result": {
            "count": 6,
            "item": "create:cut_tuff_slab"
        }
    },
    "cut_tuff_stairs": {
        "keys": {
            "X": {
                "item": "create:cut_tuff"
            }
        },
        "pattern": [
            "X  ",
            "XX ",
            "XXX"
        ],
        "result": {
            "count": 4,
            "item": "create:cut_tuff_stairs"
        }
    },
    "cut_tuff_wall": {
        "keys": {
            "X": {
                "item": "create:cut_tuff"
            }
        },
        "pattern": [
            "XXX",
            "XXX"
        ],
        "result": {
            "count": 6,
            "item": "create:cut_tuff_wall"
        }
    },
    "cut_veridium_brick_slab": {
        "keys": {
            "X": {
                "item": "create:cut_veridium_bricks"
            }
        },
        "pattern": [
            "XXX"
        ],
        "result": {
            "count": 6,
            "item": "create:cut_veridium_brick_slab"
        }
    },
    "cut_veridium_brick_stairs": {
        "keys": {
            "X": {
                "item": "create:cut_veridium_bricks"
            }
        },
        "pattern": [
            "X  ",
            "XX ",
            "XXX"
        ],
        "result": {
            "count": 4,
            "item": "create:cut_veridium_brick_stairs"
        }
    },
    "cut_veridium_brick_wall": {
        "keys": {
            "X": {
                "item": "create:cut_veridium_bricks"
            }
        },
        "pattern": [
            "XXX",
            "XXX"
        ],
        "result": {
            "count": 6,
            "item": "create:cut_veridium_brick_wall"
        }
    },
    "cut_veridium_slab": {
        "keys": {
            "X": {
                "item": "create:cut_veridium"
            }
        },
        "pattern": [
            "XXX"
        ],
        "result": {
            "count": 6,
            "item": "create:cut_veridium_slab"
        }
    },
    "cut_veridium_stairs": {
        "keys": {
            "X": {
                "item": "create:cut_veridium"
            }
        },
        "pattern": [
            "X  ",
            "XX ",
            "XXX"
        ],
        "result": {
            "count": 4,
            "item": "create:cut_veridium_stairs"
        }
    },
    "cut_veridium_wall": {
        "keys": {
            "X": {
                "item": "create:cut_veridium"
            }
        },
        "pattern": [
            "XXX",
            "XXX"
        ],
        "result": {
            "count": 6,
            "item": "create:cut_veridium_wall"
        }
    },
    "dark_oak_window": {
        "keys": {
            "#": {
                "item": "minecraft:dark_oak_planks"
            },
            "X": {
                "tag": "forge:glass/colorless"
            }
        },
        "pattern": [
            " # ",
            "#X#"
        ],
        "result": {
            "count": 2,
            "item": "create:dark_oak_window"
        }
    },
    "dark_oak_window_pane": {
        "keys": {
            "#": {
                "item": "create:dark_oak_window"
            }
        },
        "pattern": [
            "###",
            "###"
        ],
        "result": {
            "count": 16,
            "item": "create:dark_oak_window_pane"
        }
    },
    "exposed_copper_shingle_slab": {
        "keys": {
            "X": {
                "item": "create:exposed_copper_shingles"
            }
        },
        "pattern": [
            "XXX"
        ],
        "result": {
            "count": 6,
            "item": "create:exposed_copper_shingle_slab"
        }
    },
    "exposed_copper_shingle_stairs": {
        "keys": {
            "X": {
                "item": "create:exposed_copper_shingles"
            }
        },
        "pattern": [
            "X  ",
            "XX ",
            "XXX"
        ],
        "result": {
            "count": 4,
            "item": "create:exposed_copper_shingle_stairs"
        }
    },
    "exposed_copper_tile_slab": {
        "keys": {
            "X": {
                "item": "create:exposed_copper_tiles"
            }
        },
        "pattern": [
            "XXX"
        ],
        "result": {
            "count": 6,
            "item": "create:exposed_copper_tile_slab"
        }
    },
    "exposed_copper_tile_stairs": {
        "keys": {
            "X": {
                "item": "create:exposed_copper_tiles"
            }
        },
        "pattern": [
            "X  ",
            "XX ",
            "XXX"
        ],
        "result": {
            "count": 4,
            "item": "create:exposed_copper_tile_stairs"
        }
    },
    "framed_glass_pane": {
        "keys": {
            "#": {
                "item": "create:framed_glass"
            }
        },
        "pattern": [
            "###",
            "###"
        ],
        "result": {
            "count": 16,
            "item": "create:framed_glass_pane"
        }
    },
    "horizontal_framed_glass_pane": {
        "keys": {
            "#": {
                "item": "create:horizontal_framed_glass"
            }
        },
        "pattern": [
            "###",
            "###"
        ],
        "result": {
            "count": 16,
            "item": "create:horizontal_framed_glass_pane"
        }
    },
    "industrial_iron_window": {
        "keys": {
            "#": {
                "item": "create:industrial_iron_block"
            },
            "X": {
                "tag": "forge:glass/colorless"
            }
        },
        "pattern": [
            " # ",
            "#X#"
        ],
        "result": {
            "count": 2,
            "item": "create:industrial_iron_window"
        }
    },
    "industrial_iron_window_pane": {
        "keys": {
            "#": {
                "item": "create:industrial_iron_window"
            }
        },
        "pattern": [
            "###",
            "###"
        ],
        "result": {
            "count": 16,
            "item": "create:industrial_iron_window_pane"
        }
    },
    "jungle_window": {
        "keys": {
            "#": {
                "item": "minecraft:jungle_planks"
            },
            "X": {
                "tag": "forge:glass/colorless"
            }
        },
        "pattern": [
            " # ",
            "#X#"
        ],
        "result": {
            "count": 2,
            "item": "create:jungle_window"
        }
    },
    "jungle_window_pane": {
        "keys": {
            "#": {
                "item": "create:jungle_window"
            }
        },
        "pattern": [
            "###",
            "###"
        ],
        "result": {
            "count": 16,
            "item": "create:jungle_window_pane"
        }
    },
    "mangrove_window": {
        "keys": {
            "#": {
                "item": "minecraft:mangrove_planks"
            },
            "X": {
                "tag": "forge:glass/colorless"
            }
        },
        "pattern": [
            " # ",
            "#X#"
        ],
        "result": {
            "count": 2,
            "item": "create:mangrove_window"
        }
    },
    "mangrove_window_pane": {
        "keys": {
            "#": {
                "item": "create:mangrove_window"
            }
        },
        "pattern": [
            "###",
            "###"
        ],
        "result": {
            "count": 16,
            "item": "create:mangrove_window_pane"
        }
    },
    "oak_window": {
        "keys": {
            "#": {
                "item": "minecraft:oak_planks"
            },
            "X": {
                "tag": "forge:glass/colorless"
            }
        },
        "pattern": [
            " # ",
            "#X#"
        ],
        "result": {
            "count": 2,
            "item": "create:oak_window"
        }
    },
    "oak_window_pane": {
        "keys": {
            "#": {
                "item": "create:oak_window"
            }
        },
        "pattern": [
            "###",
            "###"
        ],
        "result": {
            "count": 16,
            "item": "create:oak_window_pane"
        }
    },
    "ornate_iron_window": {
        "keys": {
            "#": {
                "item": "minecraft:iron_nugget"
            },
            "X": {
                "tag": "forge:glass/colorless"
            }
        },
        "pattern": [
            " # ",
            "#X#"
        ],
        "result": {
            "count": 2,
            "item": "create:ornate_iron_window"
        }
    },
    "ornate_iron_window_pane": {
        "keys": {
            "#": {
                "item": "create:ornate_iron_window"
            }
        },
        "pattern": [
            "###",
            "###"
        ],
        "result": {
            "count": 16,
            "item": "create:ornate_iron_window_pane"
        }
    },
    "oxidized_copper_shingle_slab": {
        "keys": {
            "X": {
                "item": "create:oxidized_copper_shingles"
            }
        },
        "pattern": [
            "XXX"
        ],
        "result": {
            "count": 6,
            "item": "create:oxidized_copper_shingle_slab"
        }
    },
    "oxidized_copper_shingle_stairs": {
        "keys": {
            "X": {
                "item": "create:oxidized_copper_shingles"
            }
        },
        "pattern": [
            "X  ",
            "XX ",
            "XXX"
        ],
        "result": {
            "count": 4,
            "item": "create:oxidized_copper_shingle_stairs"
        }
    },
    "oxidized_copper_tile_slab": {
        "keys": {
            "X": {
                "item": "create:oxidized_copper_tiles"
            }
        },
        "pattern": [
            "XXX"
        ],
        "result": {
            "count": 6,
            "item": "create:oxidized_copper_tile_slab"
        }
    },
    "oxidized_copper_tile_stairs": {
        "keys": {
            "X": {
                "item": "create:oxidized_copper_tiles"
            }
        },
        "pattern": [
            "X  ",
            "XX ",
            "XXX"
        ],
        "result": {
            "count": 4,
            "item": "create:oxidized_copper_tile_stairs"
        }
    },
    "polished_cut_andesite_slab": {
        "keys": {
            "X": {
                "item": "create:polished_cut_andesite"
            }
        },
        "pattern": [
            "XXX"
        ],
        "result": {
            "count": 6,
            "item": "create:polished_cut_andesite_slab"
        }
    },
    "polished_cut_andesite_stairs": {
        "keys": {
            "X": {
                "item": "create:polished_cut_andesite"
            }
        },
        "pattern": [
            "X  ",
            "XX ",
            "XXX"
        ],
        "result": {
            "count": 4,
            "item": "create:polished_cut_andesite_stairs"
        }
    },
    "polished_cut_andesite_wall": {
        "keys": {
            "X": {
                "item": "create:polished_cut_andesite"
            }
        },
        "pattern": [
            "XXX",
            "XXX"
        ],
        "result": {
            "count": 6,
            "item": "create:polished_cut_andesite_wall"
        }
    },
    "polished_cut_asurine_slab": {
        "keys": {
            "X": {
                "item": "create:polished_cut_asurine"
            }
        },
        "pattern": [
            "XXX"
        ],
        "result": {
            "count": 6,
            "item": "create:polished_cut_asurine_slab"
        }
    },
    "polished_cut_asurine_stairs": {
        "keys": {
            "X": {
                "item": "create:polished_cut_asurine"
            }
        },
        "pattern": [
            "X  ",
            "XX ",
            "XXX"
        ],
        "result": {
            "count": 4,
            "item": "create:polished_cut_asurine_stairs"
        }
    },
    "polished_cut_asurine_wall": {
        "keys": {
            "X": {
                "item": "create:polished_cut_asurine"
            }
        },
        "pattern": [
            "XXX",
            "XXX"
        ],
        "result": {
            "count": 6,
            "item": "create:polished_cut_asurine_wall"
        }
    },
    "polished_cut_calcite_slab": {
        "keys": {
            "X": {
                "item": "create:polished_cut_calcite"
            }
        },
        "pattern": [
            "XXX"
        ],
        "result": {
            "count": 6,
            "item": "create:polished_cut_calcite_slab"
        }
    },
    "polished_cut_calcite_stairs": {
        "keys": {
            "X": {
                "item": "create:polished_cut_calcite"
            }
        },
        "pattern": [
            "X  ",
            "XX ",
            "XXX"
        ],
        "result": {
            "count": 4,
            "item": "create:polished_cut_calcite_stairs"
        }
    },
    "polished_cut_calcite_wall": {
        "keys": {
            "X": {
                "item": "create:polished_cut_calcite"
            }
        },
        "pattern": [
            "XXX",
            "XXX"
        ],
        "result": {
            "count": 6,
            "item": "create:polished_cut_calcite_wall"
        }
    },
    "polished_cut_crimsite_slab": {
        "keys": {
            "X": {
                "item": "create:polished_cut_crimsite"
            }
        },
        "pattern": [
            "XXX"
        ],
        "result": {
            "count": 6,
            "item": "create:polished_cut_crimsite_slab"
        }
    },
    "polished_cut_crimsite_stairs": {
        "keys": {
            "X": {
                "item": "create:polished_cut_crimsite"
            }
        },
        "pattern": [
            "X  ",
            "XX ",
            "XXX"
        ],
        "result": {
            "count": 4,
            "item": "create:polished_cut_crimsite_stairs"
        }
    },
    "polished_cut_crimsite_wall": {
        "keys": {
            "X": {
                "item": "create:polished_cut_crimsite"
            }
        },
        "pattern": [
            "XXX",
            "XXX"
        ],
        "result": {
            "count": 6,
            "item": "create:polished_cut_crimsite_wall"
        }
    },
    "polished_cut_deepslate_slab": {
        "keys": {
            "X": {
                "item": "create:polished_cut_deepslate"
            }
        },
        "pattern": [
            "XXX"
        ],
        "result": {
            "count": 6,
            "item": "create:polished_cut_deepslate_slab"
        }
    },
    "polished_cut_deepslate_stairs": {
        "keys": {
            "X": {
                "item": "create:polished_cut_deepslate"
            }
        },
        "pattern": [
            "X  ",
            "XX ",
            "XXX"
        ],
        "result": {
            "count": 4,
            "item": "create:polished_cut_deepslate_stairs"
        }
    },
    "polished_cut_deepslate_wall": {
        "keys": {
            "X": {
                "item": "create:polished_cut_deepslate"
            }
        },
        "pattern": [
            "XXX",
            "XXX"
        ],
        "result": {
            "count": 6,
            "item": "create:polished_cut_deepslate_wall"
        }
    },
    "polished_cut_diorite_slab": {
        "keys": {
            "X": {
                "item": "create:polished_cut_diorite"
            }
        },
        "pattern": [
            "XXX"
        ],
        "result": {
            "count": 6,
            "item": "create:polished_cut_diorite_slab"
        }
    },
    "polished_cut_diorite_stairs": {
        "keys": {
            "X": {
                "item": "create:polished_cut_diorite"
            }
        },
        "pattern": [
            "X  ",
            "XX ",
            "XXX"
        ],
        "result": {
            "count": 4,
            "item": "create:polished_cut_diorite_stairs"
        }
    },
    "polished_cut_diorite_wall": {
        "keys": {
            "X": {
                "item": "create:polished_cut_diorite"
            }
        },
        "pattern": [
            "XXX",
            "XXX"
        ],
        "result": {
            "count": 6,
            "item": "create:polished_cut_diorite_wall"
        }
    },
    "polished_cut_dripstone_slab": {
        "keys": {
            "X": {
                "item": "create:polished_cut_dripstone"
            }
        },
        "pattern": [
            "XXX"
        ],
        "result": {
            "count": 6,
            "item": "create:polished_cut_dripstone_slab"
        }
    },
    "polished_cut_dripstone_stairs": {
        "keys": {
            "X": {
                "item": "create:polished_cut_dripstone"
            }
        },
        "pattern": [
            "X  ",
            "XX ",
            "XXX"
        ],
        "result": {
            "count": 4,
            "item": "create:polished_cut_dripstone_stairs"
        }
    },
    "polished_cut_dripstone_wall": {
        "keys": {
            "X": {
                "item": "create:polished_cut_dripstone"
            }
        },
        "pattern": [
            "XXX",
            "XXX"
        ],
        "result": {
            "count": 6,
            "item": "create:polished_cut_dripstone_wall"
        }
    },
    "polished_cut_granite_slab": {
        "keys": {
            "X": {
                "item": "create:polished_cut_granite"
            }
        },
        "pattern": [
            "XXX"
        ],
        "result": {
            "count": 6,
            "item": "create:polished_cut_granite_slab"
        }
    },
    "polished_cut_granite_stairs": {
        "keys": {
            "X": {
                "item": "create:polished_cut_granite"
            }
        },
        "pattern": [
            "X  ",
            "XX ",
            "XXX"
        ],
        "result": {
            "count": 4,
            "item": "create:polished_cut_granite_stairs"
        }
    },
    "polished_cut_granite_wall": {
        "keys": {
            "X": {
                "item": "create:polished_cut_granite"
            }
        },
        "pattern": [
            "XXX",
            "XXX"
        ],
        "result": {
            "count": 6,
            "item": "create:polished_cut_granite_wall"
        }
    },
    "polished_cut_limestone_slab": {
        "keys": {
            "X": {
                "item": "create:polished_cut_limestone"
            }
        },
        "pattern": [
            "XXX"
        ],
        "result": {
            "count": 6,
            "item": "create:polished_cut_limestone_slab"
        }
    },
    "polished_cut_limestone_stairs": {
        "keys": {
            "X": {
                "item": "create:polished_cut_limestone"
            }
        },
        "pattern": [
            "X  ",
            "XX ",
            "XXX"
        ],
        "result": {
            "count": 4,
            "item": "create:polished_cut_limestone_stairs"
        }
    },
    "polished_cut_limestone_wall": {
        "keys": {
            "X": {
                "item": "create:polished_cut_limestone"
            }
        },
        "pattern": [
            "XXX",
            "XXX"
        ],
        "result": {
            "count": 6,
            "item": "create:polished_cut_limestone_wall"
        }
    },
    "polished_cut_ochrum_slab": {
        "keys": {
            "X": {
                "item": "create:polished_cut_ochrum"
            }
        },
        "pattern": [
            "XXX"
        ],
        "result": {
            "count": 6,
            "item": "create:polished_cut_ochrum_slab"
        }
    },
    "polished_cut_ochrum_stairs": {
        "keys": {
            "X": {
                "item": "create:polished_cut_ochrum"
            }
        },
        "pattern": [
            "X  ",
            "XX ",
            "XXX"
        ],
        "result": {
            "count": 4,
            "item": "create:polished_cut_ochrum_stairs"
        }
    },
    "polished_cut_ochrum_wall": {
        "keys": {
            "X": {
                "item": "create:polished_cut_ochrum"
            }
        },
        "pattern": [
            "XXX",
            "XXX"
        ],
        "result": {
            "count": 6,
            "item": "create:polished_cut_ochrum_wall"
        }
    },
    "polished_cut_scorchia_slab": {
        "keys": {
            "X": {
                "item": "create:polished_cut_scorchia"
            }
        },
        "pattern": [
            "XXX"
        ],
        "result": {
            "count": 6,
            "item": "create:polished_cut_scorchia_slab"
        }
    },
    "polished_cut_scorchia_stairs": {
        "keys": {
            "X": {
                "item": "create:polished_cut_scorchia"
            }
        },
        "pattern": [
            "X  ",
            "XX ",
            "XXX"
        ],
        "result": {
            "count": 4,
            "item": "create:polished_cut_scorchia_stairs"
        }
    },
    "polished_cut_scorchia_wall": {
        "keys": {
            "X": {
                "item": "create:polished_cut_scorchia"
            }
        },
        "pattern": [
            "XXX",
            "XXX"
        ],
        "result": {
            "count": 6,
            "item": "create:polished_cut_scorchia_wall"
        }
    },
    "polished_cut_scoria_slab": {
        "keys": {
            "X": {
                "item": "create:polished_cut_scoria"
            }
        },
        "pattern": [
            "XXX"
        ],
        "result": {
            "count": 6,
            "item": "create:polished_cut_scoria_slab"
        }
    },
    "polished_cut_scoria_stairs": {
        "keys": {
            "X": {
                "item": "create:polished_cut_scoria"
            }
        },
        "pattern": [
            "X  ",
            "XX ",
            "XXX"
        ],
        "result": {
            "count": 4,
            "item": "create:polished_cut_scoria_stairs"
        }
    },
    "polished_cut_scoria_wall": {
        "keys": {
            "X": {
                "item": "create:polished_cut_scoria"
            }
        },
        "pattern": [
            "XXX",
            "XXX"
        ],
        "result": {
            "count": 6,
            "item": "create:polished_cut_scoria_wall"
        }
    },
    "polished_cut_tuff_slab": {
        "keys": {
            "X": {
                "item": "create:polished_cut_tuff"
            }
        },
        "pattern": [
            "XXX"
        ],
        "result": {
            "count": 6,
            "item": "create:polished_cut_tuff_slab"
        }
    },
    "polished_cut_tuff_stairs": {
        "keys": {
            "X": {
                "item": "create:polished_cut_tuff"
            }
        },
        "pattern": [
            "X  ",
            "XX ",
            "XXX"
        ],
        "result": {
            "count": 4,
            "item": "create:polished_cut_tuff_stairs"
        }
    },
    "polished_cut_tuff_wall": {
        "keys": {
            "X": {
                "item": "create:polished_cut_tuff"
            }
        },
        "pattern": [
            "XXX",
            "XXX"
        ],
        "result": {
            "count": 6,
            "item": "create:polished_cut_tuff_wall"
        }
    },
    "polished_cut_veridium_slab": {
        "keys": {
            "X": {
                "item": "create:polished_cut_veridium"
            }
        },
        "pattern": [
            "XXX"
        ],
        "result": {
            "count": 6,
            "item": "create:polished_cut_veridium_slab"
        }
    },
    "polished_cut_veridium_stairs": {
        "keys": {
            "X": {
                "item": "create:polished_cut_veridium"
            }
        },
        "pattern": [
            "X  ",
            "XX ",
            "XXX"
        ],
        "result": {
            "count": 4,
            "item": "create:polished_cut_veridium_stairs"
        }
    },
    "polished_cut_veridium_wall": {
        "keys": {
            "X": {
                "item": "create:polished_cut_veridium"
            }
        },
        "pattern": [
            "XXX",
            "XXX"
        ],
        "result": {
            "count": 6,
            "item": "create:polished_cut_veridium_wall"
        }
    },
    "small_andesite_brick_slab": {
        "keys": {
            "X": {
                "item": "create:small_andesite_bricks"
            }
        },
        "pattern": [
            "XXX"
        ],
        "result": {
            "count": 6,
            "item": "create:small_andesite_brick_slab"
        }
    },
    "small_andesite_brick_stairs": {
        "keys": {
            "X": {
                "item": "create:small_andesite_bricks"
            }
        },
        "pattern": [
            "X  ",
            "XX ",
            "XXX"
        ],
        "result": {
            "count": 4,
            "item": "create:small_andesite_brick_stairs"
        }
    },
    "small_andesite_brick_wall": {
        "keys": {
            "X": {
                "item": "create:small_andesite_bricks"
            }
        },
        "pattern": [
            "XXX",
            "XXX"
        ],
        "result": {
            "count": 6,
            "item": "create:small_andesite_brick_wall"
        }
    },
    "small_asurine_brick_slab": {
        "keys": {
            "X": {
                "item": "create:small_asurine_bricks"
            }
        },
        "pattern": [
            "XXX"
        ],
        "result": {
            "count": 6,
            "item": "create:small_asurine_brick_slab"
        }
    },
    "small_asurine_brick_stairs": {
        "keys": {
            "X": {
                "item": "create:small_asurine_bricks"
            }
        },
        "pattern": [
            "X  ",
            "XX ",
            "XXX"
        ],
        "result": {
            "count": 4,
            "item": "create:small_asurine_brick_stairs"
        }
    },
    "small_asurine_brick_wall": {
        "keys": {
            "X": {
                "item": "create:small_asurine_bricks"
            }
        },
        "pattern": [
            "XXX",
            "XXX"
        ],
        "result": {
            "count": 6,
            "item": "create:small_asurine_brick_wall"
        }
    },
    "small_calcite_brick_slab": {
        "keys": {
            "X": {
                "item": "create:small_calcite_bricks"
            }
        },
        "pattern": [
            "XXX"
        ],
        "result": {
            "count": 6,
            "item": "create:small_calcite_brick_slab"
        }
    },
    "small_calcite_brick_stairs": {
        "keys": {
            "X": {
                "item": "create:small_calcite_bricks"
            }
        },
        "pattern": [
            "X  ",
            "XX ",
            "XXX"
        ],
        "result": {
            "count": 4,
            "item": "create:small_calcite_brick_stairs"
        }
    },
    "small_calcite_brick_wall": {
        "keys": {
            "X": {
                "item": "create:small_calcite_bricks"
            }
        },
        "pattern": [
            "XXX",
            "XXX"
        ],
        "result": {
            "count": 6,
            "item": "create:small_calcite_brick_wall"
        }
    },
    "small_crimsite_brick_slab": {
        "keys": {
            "X": {
                "item": "create:small_crimsite_bricks"
            }
        },
        "pattern": [
            "XXX"
        ],
        "result": {
            "count": 6,
            "item": "create:small_crimsite_brick_slab"
        }
    },
    "small_crimsite_brick_stairs": {
        "keys": {
            "X": {
                "item": "create:small_crimsite_bricks"
            }
        },
        "pattern": [
            "X  ",
            "XX ",
            "XXX"
        ],
        "result": {
            "count": 4,
            "item": "create:small_crimsite_brick_stairs"
        }
    },
    "small_crimsite_brick_wall": {
        "keys": {
            "X": {
                "item": "create:small_crimsite_bricks"
            }
        },
        "pattern": [
            "XXX",
            "XXX"
        ],
        "result": {
            "count": 6,
            "item": "create:small_crimsite_brick_wall"
        }
    },
    "small_deepslate_brick_slab": {
        "keys": {
            "X": {
                "item": "create:small_deepslate_bricks"
            }
        },
        "pattern": [
            "XXX"
        ],
        "result": {
            "count": 6,
            "item": "create:small_deepslate_brick_slab"
        }
    },
    "small_deepslate_brick_stairs": {
        "keys": {
            "X": {
                "item": "create:small_deepslate_bricks"
            }
        },
        "pattern": [
            "X  ",
            "XX ",
            "XXX"
        ],
        "result": {
            "count": 4,
            "item": "create:small_deepslate_brick_stairs"
        }
    },
    "small_deepslate_brick_wall": {
        "keys": {
            "X": {
                "item": "create:small_deepslate_bricks"
            }
        },
        "pattern": [
            "XXX",
            "XXX"
        ],
        "result": {
            "count": 6,
            "item": "create:small_deepslate_brick_wall"
        }
    },
    "small_diorite_brick_slab": {
        "keys": {
            "X": {
                "item": "create:small_diorite_bricks"
            }
        },
        "pattern": [
            "XXX"
        ],
        "result": {
            "count": 6,
            "item": "create:small_diorite_brick_slab"
        }
    },
    "small_diorite_brick_stairs": {
        "keys": {
            "X": {
                "item": "create:small_diorite_bricks"
            }
        },
        "pattern": [
            "X  ",
            "XX ",
            "XXX"
        ],
        "result": {
            "count": 4,
            "item": "create:small_diorite_brick_stairs"
        }
    },
    "small_diorite_brick_wall": {
        "keys": {
            "X": {
                "item": "create:small_diorite_bricks"
            }
        },
        "pattern": [
            "XXX",
            "XXX"
        ],
        "result": {
            "count": 6,
            "item": "create:small_diorite_brick_wall"
        }
    },
    "small_dripstone_brick_slab": {
        "keys": {
            "X": {
                "item": "create:small_dripstone_bricks"
            }
        },
        "pattern": [
            "XXX"
        ],
        "result": {
            "count": 6,
            "item": "create:small_dripstone_brick_slab"
        }
    },
    "small_dripstone_brick_stairs": {
        "keys": {
            "X": {
                "item": "create:small_dripstone_bricks"
            }
        },
        "pattern": [
            "X  ",
            "XX ",
            "XXX"
        ],
        "result": {
            "count": 4,
            "item": "create:small_dripstone_brick_stairs"
        }
    },
    "small_dripstone_brick_wall": {
        "keys": {
            "X": {
                "item": "create:small_dripstone_bricks"
            }
        },
        "pattern": [
            "XXX",
            "XXX"
        ],
        "result": {
            "count": 6,
            "item": "create:small_dripstone_brick_wall"
        }
    },
    "small_granite_brick_slab": {
        "keys": {
            "X": {
                "item": "create:small_granite_bricks"
            }
        },
        "pattern": [
            "XXX"
        ],
        "result": {
            "count": 6,
            "item": "create:small_granite_brick_slab"
        }
    },
    "small_granite_brick_stairs": {
        "keys": {
            "X": {
                "item": "create:small_granite_bricks"
            }
        },
        "pattern": [
            "X  ",
            "XX ",
            "XXX"
        ],
        "result": {
            "count": 4,
            "item": "create:small_granite_brick_stairs"
        }
    },
    "small_granite_brick_wall": {
        "keys": {
            "X": {
                "item": "create:small_granite_bricks"
            }
        },
        "pattern": [
            "XXX",
            "XXX"
        ],
        "result": {
            "count": 6,
            "item": "create:small_granite_brick_wall"
        }
    },
    "small_limestone_brick_slab": {
        "keys": {
            "X": {
                "item": "create:small_limestone_bricks"
            }
        },
        "pattern": [
            "XXX"
        ],
        "result": {
            "count": 6,
            "item": "create:small_limestone_brick_slab"
        }
    },
    "small_limestone_brick_stairs": {
        "keys": {
            "X": {
                "item": "create:small_limestone_bricks"
            }
        },
        "pattern": [
            "X  ",
            "XX ",
            "XXX"
        ],
        "result": {
            "count": 4,
            "item": "create:small_limestone_brick_stairs"
        }
    },
    "small_limestone_brick_wall": {
        "keys": {
            "X": {
                "item": "create:small_limestone_bricks"
            }
        },
        "pattern": [
            "XXX",
            "XXX"
        ],
        "result": {
            "count": 6,
            "item": "create:small_limestone_brick_wall"
        }
    },
    "small_ochrum_brick_slab": {
        "keys": {
            "X": {
                "item": "create:small_ochrum_bricks"
            }
        },
        "pattern": [
            "XXX"
        ],
        "result": {
            "count": 6,
            "item": "create:small_ochrum_brick_slab"
        }
    },
    "small_ochrum_brick_stairs": {
        "keys": {
            "X": {
                "item": "create:small_ochrum_bricks"
            }
        },
        "pattern": [
            "X  ",
            "XX ",
            "XXX"
        ],
        "result": {
            "count": 4,
            "item": "create:small_ochrum_brick_stairs"
        }
    },
    "small_ochrum_brick_wall": {
        "keys": {
            "X": {
                "item": "create:small_ochrum_bricks"
            }
        },
        "pattern": [
            "XXX",
            "XXX"
        ],
        "result": {
            "count": 6,
            "item": "create:small_ochrum_brick_wall"
        }
    },
    "small_scorchia_brick_slab": {
        "keys": {
            "X": {
                "item": "create:small_scorchia_bricks"
            }
        },
        "pattern": [
            "XXX"
        ],
        "result": {
            "count": 6,
            "item": "create:small_scorchia_brick_slab"
        }
    },
    "small_scorchia_brick_stairs": {
        "keys": {
            "X": {
                "item": "create:small_scorchia_bricks"
            }
        },
        "pattern": [
            "X  ",
            "XX ",
            "XXX"
        ],
        "result": {
            "count": 4,
            "item": "create:small_scorchia_brick_stairs"
        }
    },
    "small_scorchia_brick_wall": {
        "keys": {
            "X": {
                "item": "create:small_scorchia_bricks"
            }
        },
        "pattern": [
            "XXX",
            "XXX"
        ],
        "result": {
            "count": 6,
            "item": "create:small_scorchia_brick_wall"
        }
    },
    "small_scoria_brick_slab": {
        "keys": {
            "X": {
                "item": "create:small_scoria_bricks"
            }
        },
        "pattern": [
            "XXX"
        ],
        "result": {
            "count": 6,
            "item": "create:small_scoria_brick_slab"
        }
    },
    "small_scoria_brick_stairs": {
        "keys": {
            "X": {
                "item": "create:small_scoria_bricks"
            }
        },
        "pattern": [
            "X  ",
            "XX ",
            "XXX"
        ],
        "result": {
            "count": 4,
            "item": "create:small_scoria_brick_stairs"
        }
    },
    "small_scoria_brick_wall": {
        "keys": {
            "X": {
                "item": "create:small_scoria_bricks"
            }
        },
        "pattern": [
            "XXX",
            "XXX"
        ],
        "result": {
            "count": 6,
            "item": "create:small_scoria_brick_wall"
        }
    },
    "small_tuff_brick_slab": {
        "keys": {
            "X": {
                "item": "create:small_tuff_bricks"
            }
        },
        "pattern": [
            "XXX"
        ],
        "result": {
            "count": 6,
            "item": "create:small_tuff_brick_slab"
        }
    },
    "small_tuff_brick_stairs": {
        "keys": {
            "X": {
                "item": "create:small_tuff_bricks"
            }
        },
        "pattern": [
            "X  ",
            "XX ",
            "XXX"
        ],
        "result": {
            "count": 4,
            "item": "create:small_tuff_brick_stairs"
        }
    },
    "small_tuff_brick_wall": {
        "keys": {
            "X": {
                "item": "create:small_tuff_bricks"
            }
        },
        "pattern": [
            "XXX",
            "XXX"
        ],
        "result": {
            "count": 6,
            "item": "create:small_tuff_brick_wall"
        }
    },
    "small_veridium_brick_slab": {
        "keys": {
            "X": {
                "item": "create:small_veridium_bricks"
            }
        },
        "pattern": [
            "XXX"
        ],
        "result": {
            "count": 6,
            "item": "create:small_veridium_brick_slab"
        }
    },
    "small_veridium_brick_stairs": {
        "keys": {
            "X": {
                "item": "create:small_veridium_bricks"
            }
        },
        "pattern": [
            "X  ",
            "XX ",
            "XXX"
        ],
        "result": {
            "count": 4,
            "item": "create:small_veridium_brick_stairs"
        }
    },
    "small_veridium_brick_wall": {
        "keys": {
            "X": {
                "item": "create:small_veridium_bricks"
            }
        },
        "pattern": [
            "XXX",
            "XXX"
        ],
        "result": {
            "count": 6,
            "item": "create:small_veridium_brick_wall"
        }
    },
    "spruce_window": {
        "keys": {
            "#": {
                "item": "minecraft:spruce_planks"
            },
            "X": {
                "tag": "forge:glass/colorless"
            }
        },
        "pattern": [
            " # ",
            "#X#"
        ],
        "result": {
            "count": 2,
            "item": "create:spruce_window"
        }
    },
    "spruce_window_pane": {
        "keys": {
            "#": {
                "item": "create:spruce_window"
            }
        },
        "pattern": [
            "###",
            "###"
        ],
        "result": {
            "count": 16,
            "item": "create:spruce_window_pane"
        }
    },
    "tiled_glass_pane": {
        "keys": {
            "#": {
                "item": "create:tiled_glass"
            }
        },
        "pattern": [
            "###",
            "###"
        ],
        "result": {
            "count": 16,
            "item": "create:tiled_glass_pane"
        }
    },
    "vertical_framed_glass_pane": {
        "keys": {
            "#": {
                "item": "create:vertical_framed_glass"
            }
        },
        "pattern": [
            "###",
            "###"
        ],
        "result": {
            "count": 16,
            "item": "create:vertical_framed_glass_pane"
        }
    },
    "warped_window": {
        "keys": {
            "#": {
                "item": "minecraft:warped_planks"
            },
            "X": {
                "tag": "forge:glass/colorless"
            }
        },
        "pattern": [
            " # ",
            "#X#"
        ],
        "result": {
            "count": 2,
            "item": "create:warped_window"
        }
    },
    "warped_window_pane": {
        "keys": {
            "#": {
                "item": "create:warped_window"
            }
        },
        "pattern": [
            "###",
            "###"
        ],
        "result": {
            "count": 16,
            "item": "create:warped_window_pane"
        }
    },
    "weathered_copper_shingle_slab": {
        "keys": {
            "X": {
                "item": "create:weathered_copper_shingles"
            }
        },
        "pattern": [
            "XXX"
        ],
        "result": {
            "count": 6,
            "item": "create:weathered_copper_shingle_slab"
        }
    },
    "weathered_copper_shingle_stairs": {
        "keys": {
            "X": {
                "item": "create:weathered_copper_shingles"
            }
        },
        "pattern": [
            "X  ",
            "XX ",
            "XXX"
        ],
        "result": {
            "count": 4,
            "item": "create:weathered_copper_shingle_stairs"
        }
    },
    "weathered_copper_tile_slab": {
        "keys": {
            "X": {
                "item": "create:weathered_copper_tiles"
            }
        },
        "pattern": [
            "XXX"
        ],
        "result": {
            "count": 6,
            "item": "create:weathered_copper_tile_slab"
        }
    },
    "weathered_copper_tile_stairs": {
        "keys": {
            "X": {
                "item": "create:weathered_copper_tiles"
            }
        },
        "pattern": [
            "X  ",
            "XX ",
            "XXX"
        ],
        "result": {
            "count": 4,
            "item": "create:weathered_copper_tile_stairs"
        }
    },
    "weathered_iron_window": {
        "keys": {
            "#": {
                "item": "create:weathered_iron_block"
            },
            "X": {
                "tag": "forge:glass/colorless"
            }
        },
        "pattern": [
            " # ",
            "#X#"
        ],
        "result": {
            "count": 2,
            "item": "create:weathered_iron_window"
        }
    },
    "weathered_iron_window_pane": {
        "keys": {
            "#": {
                "item": "create:weathered_iron_window"
            }
        },
        "pattern": [
            "###",
            "###"
        ],
        "result": {
            "count": 16,
            "item": "create:weathered_iron_window_pane"
        }
    }
}