{
    "beam_extractor": {
        "keys": {
            "*": {
                "tag": "forge:obsidian"
            },
            "#": {
                "item": "crossroads:lens_array"
            }
        },
        "pattern": [
            "***",
            "*# ",
            "***"
        ],
        "result": {
            "item": "crossroads:beam_extractor",
            "count": 1
        }
    },
    "beam_redirector": {
        "keys": {
            "B": {
                "tag": "crossroads:gems/bright_quartz"
            },
            "Q": {
                "tag": "crossroads:gems/pure_quartz"
            },
            "R": {
                "tag": "forge:dusts/redstone"
            }
        },
        "pattern": [
            "BRB",
            "QQQ",
            "BRB"
        ],
        "result": {
            "item": "crossroads:beam_redirector",
            "count": 1
        }
    },
    "beam_reflector": {
        "keys": {
            "Q": {
                "tag": "crossroads:gems/pure_quartz"
            },
            "B": {
                "tag": "forge:ingots/bronze"
            }
        },
        "pattern": [
            "QBQ",
            "QQQ"
        ],
        "result": {
            "item": "crossroads:beam_reflector",
            "count": 4
        }
    },
    "beam_reflector_sensitive": {
        "keys": {
            "A": {
                "item": "crossroads:lens_array"
            },
            "Q": {
                "tag": "crossroads:gems/pure_quartz"
            },
            "B": {
                "tag": "forge:ingots/bronze"
            }
        },
        "pattern": [
            " A ",
            "QBQ",
            "QQQ"
        ],
        "result": {
            "item": "crossroads:beam_reflector_sensitive",
            "count": 4
        }
    },
    "beam_siphon": {
        "keys": {
            "B": {
                "tag": "crossroads:gems/bright_quartz"
            },
            "Q": {
                "tag": "crossroads:gems/pure_quartz"
            },
            "A": {
                "item": "crossroads:lens_array"
            }
        },
        "pattern": [
            "B B",
            "QAQ",
            "B B"
        ],
        "result": {
            "item": "crossroads:beam_siphon",
            "count": 1
        }
    },
    "beam_splitter": {
        "keys": {
            "B": {
                "tag": "crossroads:gems/bright_quartz"
            },
            "Q": {
                "tag": "crossroads:gems/pure_quartz"
            },
            "A": {
                "item": "crossroads:lens_array"
            },
            "R": {
                "tag": "forge:dusts/redstone"
            }
        },
        "pattern": [
            "BRB",
            "QAQ",
            "BRB"
        ],
        "result": {
            "item": "crossroads:beam_splitter",
            "count": 1
        }
    },
    "blast_furnace": {
        "keys": {
            "A": {
                "item": "crossroads:axle"
            },
            "T": {
                "item": "crossroads:fluid_tube"
            },
            "I": {
                "tag": "forge:ingots/iron"
            },
            "B": {
                "item": "minecraft:bricks"
            }
        },
        "pattern": [
            "IAI",
            "B B",
            "BTB"
        ],
        "result": {
            "item": "crossroads:blast_furnace",
            "count": 1
        }
    },
    "bobo_rod": {
        "keys": {
            "s": {
                "tag": "forge:rods/wooden"
            },
            "B": {
                "tag": "crossroads:bobo_unlock_key"
            }
        },
        "pattern": [
            "B",
            "s",
            "s"
        ],
        "result": {
            "item": "crossroads:bobo_rod",
            "count": 1
        }
    },
    "steam_boiler": {
        "keys": {
            "*": {
                "tag": "forge:ingots/bronze"
            },
            "C": {
                "tag": "forge:ingots/copper"
            },
            "#": {
                "item": "minecraft:cauldron"
            }
        },
        "pattern": [
            "***",
            "* *",
            "C#C"
        ],
        "result": {
            "item": "crossroads:steam_boiler",
            "count": 1
        }
    },
    "color_chart": {
        "keys": {
            "R": {
                "tag": "forge:dyes/red"
            },
            "G": {
                "tag": "forge:dyes/lime"
            },
            "B": {
                "tag": "forge:dyes/blue"
            },
            "P": {
                "item": "minecraft:paper"
            },
            "W": {
                "tag": "minecraft:wooden_slabs"
            }
        },
        "pattern": [
            "RGB",
            "PPP",
            "WWW"
        ],
        "result": {
            "item": "crossroads:color_chart",
            "count": 1
        }
    },
    "heating_crucible": {
        "keys": {
            "*": {
                "item": "minecraft:terracotta"
            },
            "#": {
                "item": "minecraft:cauldron"
            }
        },
        "pattern": [
            "* *",
            "*#*",
            "***"
        ],
        "result": {
            "item": "crossroads:heating_crucible",
            "count": 1
        }
    },
    "crystalline_prism": {
        "keys": {
            "Q": {
                "tag": "crossroads:gems/pure_quartz"
            },
            "B": {
                "tag": "crossroads:gems/bright_quartz"
            },
            "A": {
                "item": "crossroads:lens_array"
            }
        },
        "pattern": [
            "QBQ",
            "BAB",
            "QBQ"
        ],
        "result": {
            "item": "crossroads:crystalline_prism",
            "count": 1
        }
    },
    "detailed_crafter": {
        "keys": {
            "T": {
                "tag": "forge:ingots/tin"
            },
            "C": {
                "item": "minecraft:crafting_table"
            },
            "O": {
                "tag": "forge:obsidian"
            },
            "D": {
                "item": "crossroads:lens_array"
            }
        },
        "pattern": [
            "OCO",
            "ODO",
            "TTT"
        ],
        "result": {
            "item": "crossroads:detailed_crafter",
            "count": 1
        }
    },
    "dynamo": {
        "keys": {
            "A": {
                "item": "crossroads:axle"
            },
            "G": {
                "item": "crossroads:gear_base"
            },
            "I": {
                "tag": "forge:ingots/iron"
            }
        },
        "pattern": [
            "AGA",
            "III"
        ],
        "result": {
            "item": "crossroads:dynamo",
            "count": 1
        }
    },
    "fat_collector": {
        "keys": {
            "C": {
                "tag": "forge:ingots/copper"
            },
            "T": {
                "tag": "forge:ingots/tin"
            },
            "N": {
                "tag": "forge:netherrack"
            }
        },
        "pattern": [
            "TTT",
            "N N",
            "TCT"
        ],
        "result": {
            "item": "crossroads:fat_collector",
            "count": 1
        }
    },
    "fat_congealer": {
        "keys": {
            "A": {
                "item": "crossroads:axle"
            },
            "T": {
                "tag": "forge:ingots/tin"
            },
            "N": {
                "tag": "forge:netherrack"
            }
        },
        "pattern": [
            "TAT",
            "N N",
            "T T"
        ],
        "result": {
            "item": "crossroads:fat_congealer",
            "count": 1
        }
    },
    "fat_feeder": {
        "keys": {
            "A": {
                "tag": "crossroads:golden_apple"
            },
            "T": {
                "tag": "forge:ingots/tin"
            },
            "N": {
                "tag": "forge:netherrack"
            }
        },
        "pattern": [
            "TTT",
            "NAN",
            "TTT"
        ],
        "result": {
            "item": "crossroads:fat_feeder",
            "count": 1
        }
    },
    "firebox": {
        "keys": {
            "*": {
                "tag": "forge:cobblestone"
            },
            "C": {
                "tag": "forge:ingots/copper"
            },
            "#": {
                "item": "minecraft:furnace"
            }
        },
        "pattern": [
            "*C*",
            "*#*",
            "***"
        ],
        "result": {
            "item": "crossroads:firebox",
            "count": 1
        }
    },
    "fluid_cooling_chamber": {
        "keys": {
            "I": {
                "tag": "forge:ingots/iron"
            },
            "C": {
                "tag": "forge:ingots/copper"
            }
        },
        "pattern": [
            "III",
            "I I",
            "ICI"
        ],
        "result": {
            "item": "crossroads:fluid_cooling_chamber",
            "count": 1
        }
    },
    "fluid_tank": {
        "keys": {
            "*": {
                "tag": "forge:ingots/gold"
            },
            "B": {
                "tag": "forge:ingots/bronze"
            }
        },
        "pattern": [
            " * ",
            "*B*",
            " * "
        ],
        "result": {
            "item": "crossroads:fluid_tank",
            "count": 1
        }
    },
    "fluid_tube": {
        "keys": {
            "*": {
                "tag": "forge:ingots/bronze"
            }
        },
        "pattern": [
            "***",
            "   ",
            "***"
        ],
        "result": {
            "item": "crossroads:fluid_tube",
            "count": 10
        }
    },
    "gear_facade": {
        "keys": {
            "G": {
                "tag": "forge:glass/colorless"
            },
            "B": {
                "item": "stone_bricks"
            },
            "I": {
                "tag": "forge:ingots/iron"
            }
        },
        "pattern": [
            "BGB",
            " I "
        ],
        "result": {
            "item": "crossroads:gear_facade",
            "count": 8
        }
    },
    "hand_crank": {
        "keys": {
            "*": {
                "tag": "forge:cobblestone"
            },
            "|": {
                "tag": "forge:rods/wooden"
            }
        },
        "pattern": [
            " |",
            "||",
            "* "
        ],
        "result": {
            "item": "crossroads:hand_crank",
            "count": 1
        }
    },
    "heat_reservoir": {
        "keys": {
            "C": {
                "tag": "forge:ingots/copper"
            },
            "S": {
                "tag": "forge:dusts/salt"
            }
        },
        "pattern": [
            "CSC",
            "SSS",
            "CSC"
        ],
        "result": {
            "item": "crossroads:heat_reservoir",
            "count": 1
        }
    },
    "heat_sink": {
        "keys": {
            "*": {
                "item": "minecraft:iron_bars"
            },
            "C": {
                "tag": "forge:ingots/copper"
            }
        },
        "pattern": [
            "***",
            "*C*",
            "***"
        ],
        "result": {
            "item": "crossroads:heat_sink",
            "count": 1
        }
    },
    "icebox": {
        "keys": {
            "*": {
                "tag": "minecraft:planks"
            },
            "C": {
                "tag": "forge:ingots/copper"
            },
            "#": {
                "item": "minecraft:furnace"
            }
        },
        "pattern": [
            "*C*",
            "*#*",
            "***"
        ],
        "result": {
            "item": "crossroads:icebox",
            "count": 1
        }
    },
    "lens_array": {
        "keys": {
            "D": {
                "tag": "forge:gems/diamond"
            },
            "E": {
                "tag": "forge:gems/emerald"
            },
            "R": {
                "tag": "forge:gems/ruby"
            },
            "Q": {
                "tag": "crossroads:gems/pure_quartz"
            }
        },
        "pattern": [
            "QEQ",
            "R D",
            "QQQ"
        ],
        "result": {
            "item": "crossroads:lens_array",
            "count": 2
        }
    },
    "lens_frame": {
        "keys": {
            "B": {
                "tag": "forge:nuggets/bronze"
            },
            "Q": {
                "tag": "crossroads:gems/pure_quartz"
            }
        },
        "pattern": [
            "BBB",
            "BQB",
            "BBB"
        ],
        "result": {
            "item": "crossroads:lens_frame",
            "count": 1
        }
    },
    "leyden_jar": {
        "keys": {
            "I": {
                "tag": "forge:nuggets/iron"
            },
            "R": {
                "tag": "forge:dusts/redstone"
            },
            "G": {
                "tag": "forge:glass/colorless"
            }
        },
        "pattern": [
            " G ",
            "IRI",
            "III"
        ],
        "result": {
            "item": "crossroads:leyden_jar",
            "count": 1
        }
    },
    "mainspring": {
        "keys": {
            "i": {
                "tag": "forge:nuggets/iron"
            },
            "T": {
                "tag": "forge:ingots/tin"
            }
        },
        "pattern": [
            "iii",
            "iTi",
            "iii"
        ],
        "result": {
            "item": "crossroads:mainspring",
            "count": 1
        }
    },
    "master_axis": {
        "keys": {
            "*": {
                "tag": "forge:ingots/iron"
            },
            "A": {
                "item": "crossroads:axle"
            },
            "C": {
                "tag": "forge:cobblestone"
            }
        },
        "pattern": [
            "CCC",
            "C C",
            "*A*"
        ],
        "result": {
            "item": "crossroads:master_axis",
            "count": 1
        }
    },
    "master_axis_crystal": {
        "keys": {
            "Q": {
                "tag": "crossroads:gems/pure_quartz"
            },
            "A": {
                "item": "crossroads:lens_array"
            },
            "a": {
                "item": "crossroads:master_axis"
            }
        },
        "pattern": [
            "QAQ",
            "QaQ",
            "QQQ"
        ],
        "result": {
            "item": "crossroads:master_axis_crystal",
            "count": 1
        }
    },
    "millstone": {
        "keys": {
            "*": {
                "tag": "forge:cobblestone"
            },
            "A": {
                "item": "crossroads:axle"
            },
            "P": {
                "item": "minecraft:piston"
            }
        },
        "pattern": [
            "*P*",
            "*A*",
            "*P*"
        ],
        "result": {
            "item": "crossroads:millstone",
            "count": 1
        }
    },
    "omnimeter": {
        "keys": {
            "*": {
                "tag": "forge:ingots/bronze"
            },
            "C": {
                "item": "minecraft:compass"
            }
        },
        "pattern": [
            " * ",
            "*C*",
            " * "
        ],
        "result": {
            "item": "crossroads:omnimeter",
            "count": 1
        }
    },
    "ore_cleanser": {
        "keys": {
            "W": {
                "item": "crossroads:water_centrifuge"
            },
            "C": {
                "item": "crossroads:fluid_cooling_chamber"
            },
            "T": {
                "tag": "forge:ingots/tin"
            }
        },
        "pattern": [
            "TWT",
            "T T",
            "TCT"
        ],
        "result": {
            "item": "crossroads:ore_cleanser",
            "count": 1
        }
    },
    "permeable_glass": {
        "keys": {
            "G": {
                "tag": "forge:glass/colorless"
            },
            "Q": {
                "tag": "crossroads:gems/pure_quartz"
            }
        },
        "pattern": [
            " G ",
            "GQG",
            " G "
        ],
        "result": {
            "item": "crossroads:permeable_glass",
            "count": 4
        }
    },
    "permeable_obsidian": {
        "keys": {
            "G": {
                "item": "minecraft:crying_obsidian"
            },
            "Q": {
                "tag": "crossroads:storage_blocks/pure_quartz"
            }
        },
        "pattern": [
            " Q ",
            "QGQ",
            " Q "
        ],
        "result": {
            "item": "crossroads:permeable_obsidian",
            "count": 4
        }
    },
    "permeable_quartz": {
        "keys": {
            "G": {
                "tag": "forge:glass/colorless"
            },
            "Q": {
                "tag": "crossroads:storage_blocks/pure_quartz"
            }
        },
        "pattern": [
            " Q ",
            "QGQ",
            " Q "
        ],
        "result": {
            "item": "crossroads:permeable_quartz",
            "count": 4
        }
    },
    "quartz_stabilizer": {
        "keys": {
            "Q": {
                "tag": "crossroads:gems/pure_quartz"
            },
            "B": {
                "tag": "crossroads:gems/bright_quartz"
            }
        },
        "pattern": [
            " B ",
            "QBQ",
            "QQQ"
        ],
        "result": {
            "item": "crossroads:quartz_stabilizer",
            "count": 1
        }
    },
    "radiator": {
        "keys": {
            "I": {
                "tag": "forge:ingots/iron"
            },
            "C": {
                "tag": "forge:ingots/copper"
            },
            "|": {
                "item": "crossroads:fluid_tube"
            }
        },
        "pattern": [
            "I|I",
            "C|C",
            "I|I"
        ],
        "result": {
            "item": "crossroads:radiator",
            "count": 1
        }
    },
    "rotary_drill": {
        "keys": {
            "I": {
                "tag": "forge:ingots/iron"
            },
            "B": {
                "tag": "forge:storage_blocks/iron"
            }
        },
        "pattern": [
            " I ",
            "IBI"
        ],
        "result": {
            "item": "crossroads:rotary_drill",
            "count": 2
        }
    },
    "rotary_drill_gold": {
        "keys": {
            "G": {
                "tag": "forge:ingots/gold"
            },
            "D": {
                "item": "crossroads:rotary_drill"
            }
        },
        "pattern": [
            " G ",
            "GDG"
        ],
        "result": {
            "item": "crossroads:rotary_drill_gold",
            "count": 1
        }
    },
    "rotary_pump": {
        "keys": {
            "B": {
                "tag": "forge:ingots/bronze"
            },
            "A": {
                "item": "crossroads:axle"
            },
            "G": {
                "tag": "forge:glass/colorless"
            }
        },
        "pattern": [
            "BAB",
            "BAB",
            "GAG"
        ],
        "result": {
            "item": "crossroads:rotary_pump",
            "count": 1
        }
    },
    "salt_reactor": {
        "keys": {
            "I": {
                "tag": "forge:ingots/iron"
            },
            "C": {
                "tag": "forge:ingots/copper"
            },
            "S": {
                "tag": "forge:storage_blocks/salt"
            },
            "|": {
                "item": "crossroads:fluid_tube"
            }
        },
        "pattern": [
            "I|I",
            "|S|",
            "ICI"
        ],
        "result": {
            "item": "crossroads:salt_reactor",
            "count": 1
        }
    },
    "heating_chamber": {
        "keys": {
            "*": {
                "tag": "forge:ingots/iron"
            },
            "C": {
                "tag": "forge:ingots/copper"
            },
            "F": {
                "item": "minecraft:furnace"
            }
        },
        "pattern": [
            "*C*",
            "*F*",
            "***"
        ],
        "result": {
            "item": "crossroads:heating_chamber",
            "count": 1
        }
    },
    "solar_heater": {
        "keys": {
            "C": {
                "tag": "forge:ingots/copper"
            },
            "T": {
                "tag": "forge:ingots/tin"
            },
            "I": {
                "tag": "forge:ingots/iron"
            }
        },
        "pattern": [
            "T T",
            "TCT",
            "III"
        ],
        "result": {
            "item": "crossroads:solar_heater",
            "count": 1
        }
    },
    "soul_campfire": {
        "keys": {
            "C": {
                "item": "crossroads:soul_shard"
            },
            "W": {
                "tag": "forge:rods/wooden"
            },
            "L": {
                "tag": "minecraft:logs"
            }
        },
        "pattern": [
            " W ",
            "WCW",
            "LLL"
        ],
        "result": {
            "item": "soul_campfire",
            "count": 1
        }
    },
    "soul_torch": {
        "keys": {
            "C": {
                "item": "crossroads:soul_shard"
            },
            "W": {
                "tag": "forge:rods/wooden"
            }
        },
        "pattern": [
            "C",
            "W"
        ],
        "result": {
            "item": "soul_torch",
            "count": 4
        }
    },
    "spring_gun": {
        "keys": {
            "M": {
                "item": "crossroads:mainspring"
            },
            "T": {
                "tag": "forge:ingots/tin"
            },
            "I": {
                "tag": "forge:ingots/iron"
            },
            "C": {
                "item": "minecraft:crossbow"
            }
        },
        "pattern": [
            "TTT",
            "ICI",
            " M "
        ],
        "result": {
            "item": "crossroads:spring_gun",
            "count": 1
        }
    },
    "stamp_mill": {
        "keys": {
            "C": {
                "tag": "forge:cobblestone"
            },
            "W": {
                "tag": "minecraft:planks"
            },
            "A": {
                "item": "crossroads:axle"
            },
            "I": {
                "tag": "forge:storage_blocks/iron"
            }
        },
        "pattern": [
            "WAW",
            "WIW",
            "WCW"
        ],
        "result": {
            "item": "crossroads:stamp_mill",
            "count": 1
        }
    },
    "steamer": {
        "keys": {
            "*": {
                "tag": "forge:ingots/iron"
            },
            "P": {
                "item": "crossroads:fluid_tube"
            },
            "F": {
                "item": "minecraft:smoker"
            }
        },
        "pattern": [
            "*P*",
            "*F*",
            "*P*"
        ],
        "result": {
            "item": "crossroads:steamer",
            "count": 1
        }
    },
    "stirling_engine": {
        "keys": {
            "A": {
                "item": "crossroads:axle"
            },
            "T": {
                "tag": "forge:ingots/tin"
            },
            "I": {
                "tag": "forge:ingots/iron"
            },
            "C": {
                "tag": "forge:ingots/copper"
            }
        },
        "pattern": [
            "TAT",
            "CAC",
            "ICI"
        ],
        "result": {
            "item": "crossroads:stirling_engine",
            "count": 1
        }
    },
    "tesla_coil": {
        "keys": {
            "I": {
                "tag": "forge:ingots/iron"
            },
            "R": {
                "tag": "forge:dusts/redstone"
            },
            "C": {
                "tag": "forge:ingots/copper"
            }
        },
        "pattern": [
            "III",
            "RCR",
            "III"
        ],
        "result": {
            "item": "crossroads:tesla_coil",
            "count": 1
        }
    },
    "tesla_coil_top_normal": {
        "keys": {
            "I": {
                "tag": "forge:ingots/iron"
            },
            "R": {
                "tag": "forge:dusts/redstone"
            },
            "C": {
                "tag": "forge:ingots/copper"
            }
        },
        "pattern": [
            "III",
            " C ",
            "RCR"
        ],
        "result": {
            "item": "crossroads:tesla_coil_top_normal",
            "count": 2
        }
    },
    "vanadium_oxide": {
        "keys": {
            "V": {
                "tag": "crossroads:dusts/vanadium"
            },
            "C": {
                "tag": "minecraft:coals"
            }
        },
        "pattern": [
            " C ",
            "CVC",
            " C "
        ],
        "result": {
            "item": "crossroads:vanadium_oxide",
            "count": 2
        }
    },
    "water_centrifuge": {
        "keys": {
            "B": {
                "tag": "forge:ingots/bronze"
            },
            "T": {
                "tag": "forge:ingots/tin"
            },
            "A": {
                "item": "crossroads:axle"
            },
            "P": {
                "item": "crossroads:fluid_tube"
            }
        },
        "pattern": [
            "BAB",
            "P P",
            "TTT"
        ],
        "result": {
            "item": "crossroads:water_centrifuge",
            "count": 1
        }
    },
    "whirligig": {
        "keys": {
            "B": {
                "tag": "forge:ingots/bronze"
            },
            "I": {
                "tag": "forge:ingots/iron"
            },
            "M": {
                "item": "crossroads:mainspring"
            }
        },
        "pattern": [
            "BMB",
            " I ",
            " I "
        ],
        "result": {
            "item": "crossroads:whirligig",
            "count": 1
        }
    },
    "winding_table": {
        "keys": {
            "C": {
                "tag": "forge:cobblestone"
            },
            "I": {
                "tag": "forge:ingots/iron"
            },
            "A": {
                "item": "crossroads:axle"
            },
            "K": {
                "item": "crossroads:hand_crank"
            }
        },
        "pattern": [
            "CAC",
            "CKC",
            "III"
        ],
        "result": {
            "item": "crossroads:winding_table",
            "count": 1
        }
    },
    "wind_turbine": {
        "keys": {
            "C": {
                "tag": "minecraft:wool"
            },
            "W": {
                "tag": "minecraft:planks"
            },
            "A": {
                "item": "crossroads:axle"
            }
        },
        "pattern": [
            "CWC",
            "WAW",
            "CWC"
        ],
        "result": {
            "item": "crossroads:wind_turbine",
            "count": 1
        }
    }
}