{
    "block_gilded_portal": {
        "keys": {
            "G": {
                "tag": "forge:ingots/gold"
            },
            "S": {
                "item": "minecraft:chiseled_stone_bricks",
                "_comment": "in 1.13 the item here needs to be changed to minecraft:chiseled_stone_bricks and the data value of 3 omitted"
            }
        },
        "pattern": [
            "GGG",
            "GSG",
            "GGG"
        ],
        "result": {
            "item": "dimdungeons:block_gilded_portal"
        }
    },
    "item_blank_build_key": {
        "keys": {
            "G": {
                "item": "minecraft:grass_block"
            },
            "O": {
                "item": "minecraft:ender_pearl",
                "_comment": "in 1.19 these might become echo_shard"
            },
            "H": {
                "item": "dimdungeons:item_homeward_pearl"
            },
            "K": {
                "item": "minecraft:echo_shard"
            }
        },
        "pattern": [
            "OHO",
            "OKO",
            "OGO"
        ],
        "result": {
            "item": "dimdungeons:item_blank_build_key"
        }
    }
}