{
    "analog_lamp": {
        "keys": {
            "L": {
                "item": "minecraft:redstone_lamp"
            },
            "Q": {
                "tag": "forge:gems/quartz"
            }
        },
        "pattern": [
            " Q ",
            "QLQ",
            " Q "
        ],
        "result": {
            "item": "essentials:analog_lamp"
        }
    },
    "auto_crafter": {
        "keys": {
            "C": {
                "item": "minecraft:crafting_table"
            },
            "I": {
                "tag": "forge:ingots/iron"
            },
            "L": {
                "tag": "forge:gems/lapis"
            }
        },
        "pattern": [
            "ILI",
            "ICI",
            "ILI"
        ],
        "result": {
            "item": "essentials:auto_crafter"
        }
    },
    "basic_fluid_splitter": {
        "keys": {
            "G": {
                "tag": "forge:ingots/gold"
            },
            "*": {
                "tag": "forge:nuggets/iron"
            },
            "^": {
                "item": "minecraft:bucket"
            }
        },
        "pattern": [
            "*^*",
            "GGG",
            "*^*"
        ],
        "result": {
            "item": "essentials:basic_fluid_splitter"
        }
    },
    "basic_item_splitter": {
        "keys": {
            "G": {
                "tag": "forge:ingots/gold"
            },
            "*": {
                "tag": "forge:nuggets/iron"
            },
            "^": {
                "item": "minecraft:hopper"
            }
        },
        "pattern": [
            "*^*",
            "GGG",
            "*^*"
        ],
        "result": {
            "item": "essentials:basic_item_splitter"
        }
    },
    "brazier": {
        "keys": {
            "#": {
                "item": "minecraft:andesite"
            },
            "$": {
                "item": "minecraft:polished_andesite"
            }
        },
        "pattern": [
            "###",
            " $ ",
            " $ "
        ],
        "result": {
            "item": "essentials:brazier"
        }
    },
    "circuit_wrench": {
        "keys": {
            "R": {
                "tag": "forge:dusts/redstone"
            },
            "Y": {
                "item": "essentials:wrench"
            },
            "Q": {
                "tag": "forge:gems/quartz"
            },
            "D": {
                "tag": "forge:dyes/red"
            }
        },
        "pattern": [
            " RQ",
            " YR",
            "D  "
        ],
        "result": {
            "item": "essentials:circuit_wrench"
        }
    },
    "fertile_soil_acacia": {
        "keys": {
            "#": {
                "tag": "essentials:fertile_soil_filler"
            },
            "$": {
                "item": "minecraft:fermented_spider_eye"
            },
            "*": {
                "item": "minecraft:acacia_sapling"
            },
            "^": {
                "item": "minecraft:dirt"
            }
        },
        "pattern": [
            "#$#",
            "***",
            "^^^"
        ],
        "result": {
            "item": "essentials:fertile_soil_acacia",
            "count": 3
        }
    },
    "fertile_soil_beetroot": {
        "keys": {
            "#": {
                "tag": "essentials:fertile_soil_filler"
            },
            "$": {
                "item": "minecraft:fermented_spider_eye"
            },
            "*": {
                "item": "minecraft:beetroot_seeds"
            },
            "^": {
                "item": "minecraft:dirt"
            }
        },
        "pattern": [
            "#$#",
            "***",
            "^^^"
        ],
        "result": {
            "item": "essentials:fertile_soil_beetroot",
            "count": 3
        }
    },
    "fertile_soil_berry": {
        "keys": {
            "#": {
                "tag": "essentials:fertile_soil_filler"
            },
            "$": {
                "item": "minecraft:fermented_spider_eye"
            },
            "*": {
                "item": "minecraft:sweet_berries"
            },
            "^": {
                "item": "minecraft:dirt"
            }
        },
        "pattern": [
            "#$#",
            "***",
            "^^^"
        ],
        "result": {
            "item": "essentials:fertile_soil_berry",
            "count": 3
        }
    },
    "fertile_soil_birch": {
        "keys": {
            "#": {
                "tag": "essentials:fertile_soil_filler"
            },
            "$": {
                "item": "minecraft:fermented_spider_eye"
            },
            "*": {
                "item": "minecraft:birch_sapling"
            },
            "^": {
                "item": "minecraft:dirt"
            }
        },
        "pattern": [
            "#$#",
            "***",
            "^^^"
        ],
        "result": {
            "item": "essentials:fertile_soil_birch",
            "count": 3
        }
    },
    "fertile_soil_brown_mushroom": {
        "keys": {
            "#": {
                "tag": "essentials:fertile_soil_filler"
            },
            "$": {
                "item": "minecraft:fermented_spider_eye"
            },
            "*": {
                "item": "minecraft:brown_mushroom"
            },
            "^": {
                "item": "minecraft:dirt"
            }
        },
        "pattern": [
            "#$#",
            "***",
            "^^^"
        ],
        "result": {
            "item": "essentials:fertile_soil_brown_mushroom",
            "count": 3
        }
    },
    "fertile_soil_carrot": {
        "keys": {
            "#": {
                "tag": "essentials:fertile_soil_filler"
            },
            "$": {
                "item": "minecraft:fermented_spider_eye"
            },
            "*": {
                "item": "minecraft:carrot"
            },
            "^": {
                "item": "minecraft:dirt"
            }
        },
        "pattern": [
            "#$#",
            "***",
            "^^^"
        ],
        "result": {
            "item": "essentials:fertile_soil_carrot",
            "count": 3
        }
    },
    "fertile_soil_dark_oak": {
        "keys": {
            "#": {
                "tag": "essentials:fertile_soil_filler"
            },
            "$": {
                "item": "minecraft:fermented_spider_eye"
            },
            "*": {
                "item": "minecraft:dark_oak_sapling"
            },
            "^": {
                "item": "minecraft:dirt"
            }
        },
        "pattern": [
            "#$#",
            "***",
            "^^^"
        ],
        "result": {
            "item": "essentials:fertile_soil_dark_oak",
            "count": 3
        }
    },
    "fertile_soil_jungle": {
        "keys": {
            "#": {
                "tag": "essentials:fertile_soil_filler"
            },
            "$": {
                "item": "minecraft:fermented_spider_eye"
            },
            "*": {
                "item": "minecraft:jungle_sapling"
            },
            "^": {
                "item": "minecraft:dirt"
            }
        },
        "pattern": [
            "#$#",
            "***",
            "^^^"
        ],
        "result": {
            "item": "essentials:fertile_soil_jungle",
            "count": 3
        }
    },
    "fertile_soil_netherwart": {
        "keys": {
            "#": {
                "tag": "essentials:fertile_soil_filler"
            },
            "$": {
                "item": "minecraft:fermented_spider_eye"
            },
            "*": {
                "item": "minecraft:nether_wart"
            },
            "^": {
                "item": "minecraft:soul_soil"
            }
        },
        "pattern": [
            "#$#",
            "***",
            "^^^"
        ],
        "result": {
            "item": "essentials:fertile_soil_netherwart",
            "count": 3
        }
    },
    "fertile_soil_oak": {
        "keys": {
            "#": {
                "tag": "essentials:fertile_soil_filler"
            },
            "$": {
                "item": "minecraft:fermented_spider_eye"
            },
            "*": {
                "item": "minecraft:oak_sapling"
            },
            "^": {
                "item": "minecraft:dirt"
            }
        },
        "pattern": [
            "#$#",
            "***",
            "^^^"
        ],
        "result": {
            "item": "essentials:fertile_soil_oak",
            "count": 3
        }
    },
    "fertile_soil_potato": {
        "keys": {
            "#": {
                "tag": "essentials:fertile_soil_filler"
            },
            "$": {
                "item": "minecraft:fermented_spider_eye"
            },
            "*": {
                "item": "minecraft:potato"
            },
            "^": {
                "item": "minecraft:dirt"
            }
        },
        "pattern": [
            "#$#",
            "***",
            "^^^"
        ],
        "result": {
            "item": "essentials:fertile_soil_potato",
            "count": 3
        }
    },
    "fertile_soil_red_mushroom": {
        "keys": {
            "#": {
                "tag": "essentials:fertile_soil_filler"
            },
            "$": {
                "item": "minecraft:fermented_spider_eye"
            },
            "*": {
                "item": "minecraft:red_mushroom"
            },
            "^": {
                "item": "minecraft:dirt"
            }
        },
        "pattern": [
            "#$#",
            "***",
            "^^^"
        ],
        "result": {
            "item": "essentials:fertile_soil_red_mushroom",
            "count": 3
        }
    },
    "fertile_soil_spruce": {
        "keys": {
            "#": {
                "tag": "essentials:fertile_soil_filler"
            },
            "$": {
                "item": "minecraft:fermented_spider_eye"
            },
            "*": {
                "item": "minecraft:spruce_sapling"
            },
            "^": {
                "item": "minecraft:dirt"
            }
        },
        "pattern": [
            "#$#",
            "***",
            "^^^"
        ],
        "result": {
            "item": "essentials:fertile_soil_spruce",
            "count": 3
        }
    },
    "fertile_soil_wheat": {
        "keys": {
            "#": {
                "tag": "essentials:fertile_soil_filler"
            },
            "$": {
                "item": "minecraft:fermented_spider_eye"
            },
            "*": {
                "item": "minecraft:wheat_seeds"
            },
            "^": {
                "item": "minecraft:dirt"
            }
        },
        "pattern": [
            "#$#",
            "***",
            "^^^"
        ],
        "result": {
            "item": "essentials:fertile_soil_wheat",
            "count": 3
        }
    },
    "hopper_filter": {
        "keys": {
            "B": {
                "item": "minecraft:bricks"
            },
            "R": {
                "tag": "forge:dusts/redstone"
            },
            "G": {
                "item": "minecraft:glass"
            }
        },
        "pattern": [
            "BRB",
            " G ",
            "BRB"
        ],
        "result": {
            "item": "essentials:hopper_filter"
        }
    },
    "item_chute": {
        "keys": {
            "S": {
                "tag": "forge:cobblestone"
            },
            "I": {
                "tag": "forge:ingots/iron"
            }
        },
        "pattern": [
            "I I",
            "ISI",
            "I I"
        ],
        "result": {
            "item": "essentials:item_chute",
            "count": 6
        }
    },
    "linking_tool": {
        "keys": {
            "R": {
                "tag": "forge:dusts/redstone"
            },
            "Y": {
                "item": "essentials:wrench"
            },
            "Q": {
                "tag": "forge:ingots/gold"
            },
            "D": {
                "tag": "forge:dyes/red"
            }
        },
        "pattern": [
            " RQ",
            " YR",
            "D  "
        ],
        "result": {
            "item": "essentials:linking_tool"
        }
    },
    "name_tag": {
        "keys": {
            "*": {
                "item": "minecraft:paper"
            },
            "-": {
                "item": "minecraft:lead"
            }
        },
        "pattern": [
            "*",
            "*",
            "-"
        ],
        "result": {
            "item": "minecraft:name_tag"
        }
    },
    "obsidian_cutting_kit": {
        "keys": {
            "#": {
                "item": "minecraft:flint"
            },
            "$": {
                "item": "minecraft:obsidian"
            }
        },
        "pattern": [
            " # ",
            "#$#",
            " # "
        ],
        "result": {
            "item": "essentials:obsidian_cutting_kit",
            "count": 4
        }
    },
    "redstone_receiver": {
        "keys": {
            "S": {
                "item": "minecraft:smooth_stone"
            },
            "Q": {
                "tag": "forge:gems/quartz"
            },
            "#": {
                "tag": "forge:dusts/redstone"
            }
        },
        "pattern": [
            "#Q#",
            "QSQ",
            "#Q#"
        ],
        "result": {
            "item": "essentials:redstone_receiver"
        }
    },
    "redstone_transmitter": {
        "keys": {
            "S": {
                "item": "minecraft:smooth_stone"
            },
            "Q": {
                "tag": "forge:gems/quartz"
            },
            "#": {
                "item": "minecraft:redstone_torch"
            }
        },
        "pattern": [
            "#Q#",
            "QSQ",
            "#Q#"
        ],
        "result": {
            "item": "essentials:redstone_transmitter"
        }
    },
    "saddle": {
        "keys": {
            "*": {
                "item": "minecraft:leather"
            },
            "|": {
                "item": "minecraft:string"
            },
            "-": {
                "tag": "forge:ingots/iron"
            }
        },
        "pattern": [
            "***",
            "*|*",
            " - "
        ],
        "result": {
            "item": "minecraft:saddle"
        }
    },
    "slotted_chest": {
        "keys": {
            "@": {
                "tag": "forge:chests"
            },
            "#": {
                "tag": "minecraft:wooden_slabs"
            },
            "$": {
                "tag": "minecraft:wooden_trapdoors"
            }
        },
        "pattern": [
            "###",
            "$@$",
            "###"
        ],
        "result": {
            "item": "essentials:slotted_chest"
        }
    },
    "sorting_hopper": {
        "keys": {
            "#": {
                "tag": "forge:ingots/copper"
            },
            "C": {
                "tag": "forge:chests"
            }
        },
        "pattern": [
            "# #",
            "#C#",
            " # "
        ],
        "result": {
            "item": "essentials:sorting_hopper"
        }
    },
    "speed_hopper": {
        "keys": {
            "#": {
                "tag": "forge:ingots/gold"
            },
            "C": {
                "tag": "forge:chests"
            }
        },
        "pattern": [
            "# #",
            "#C#",
            " # "
        ],
        "result": {
            "item": "essentials:speed_hopper"
        }
    },
    "wire_circuit": {
        "keys": {
            "S": {
                "item": "minecraft:smooth_stone"
            },
            "R": {
                "tag": "forge:dusts/redstone"
            }
        },
        "pattern": [
            "RRR",
            "SSS"
        ],
        "result": {
            "item": "essentials:wire_circuit",
            "count": 2
        }
    },
    "wither_cannon": {
        "keys": {
            "#": {
                "item": "minecraft:obsidian"
            },
            "R": {
                "tag": "forge:dusts/redstone"
            },
            "S": {
                "item": "minecraft:nether_star"
            },
            "H": {
                "item": "minecraft:wither_skeleton_skull"
            }
        },
        "pattern": [
            "#S#",
            "#R#",
            "#H#"
        ],
        "result": {
            "item": "essentials:wither_cannon",
            "count": 1
        }
    },
    "wrench": {
        "keys": {
            "*": {
                "tag": "forge:ingots/iron"
            },
            "|": {
                "tag": "forge:rods/wooden"
            }
        },
        "pattern": [
            "* *",
            "*|*",
            " | "
        ],
        "result": {
            "item": "essentials:wrench"
        }
    }
}