{
    "ankh_charm": {
        "keys": {
            "a": {
                "item": "minecraft:gold_block"
            },
            "b": {
                "item": "moreartifacts:sculk_shades"
            },
            "c": {
                "item": "moreartifacts:shulked_clock"
            },
            "d": {
                "item": "moreartifacts:withered_bezoar"
            },
            "e": {
                "item": "moreartifacts:purification_charm"
            },
            "f": {
                "item": "moreartifacts:vitamins"
            }
        },
        "pattern": [
            "aba",
            "cde",
            "afa"
        ],
        "result": {
            "item": "moreartifacts:ankh_charm",
            "count": 1
        }
    },
    "artifact_upgrade_smithing_template": {
        "keys": {
            "a": {
                "item": "minecraft:iron_ingot"
            },
            "b": {
                "item": "moreartifacts:shadow_dust"
            },
            "c": {
                "item": "minecraft:stone"
            }
        },
        "pattern": [
            "cac",
            "aba",
            "cac"
        ],
        "result": {
            "item": "moreartifacts:artifact_upgrade_smithing_template",
            "count": 1
        }
    },
    "balloon": {
        "keys": {
            "a": {
                "item": "minecraft:red_wool"
            },
            "b": {
                "item": "minecraft:string"
            }
        },
        "pattern": [
            "aaa",
            "aba",
            "aaa"
        ],
        "result": {
            "item": "moreartifacts:balloon",
            "count": 1
        }
    },
    "blazing_treads": {
        "keys": {
            "a": {
                "item": "minecraft:blaze_powder"
            },
            "b": {
                "item": "minecraft:blaze_rod"
            },
            "c": {
                "item": "moreartifacts:shadow_dust"
            },
            "d": {
                "item": "moreartifacts:leather_treads"
            }
        },
        "pattern": [
            "bcb",
            "ada",
            "bab"
        ],
        "result": {
            "item": "moreartifacts:blazing_treads",
            "count": 1
        }
    },
    "decay_amulet": {
        "keys": {
            "a": {
                "item": "minecraft:string"
            },
            "b": {
                "item": "minecraft:wither_skeleton_skull"
            },
            "c": {
                "item": "minecraft:coal"
            }
        },
        "pattern": [
            " a ",
            "aba",
            " c "
        ],
        "result": {
            "item": "moreartifacts:decay_amulet",
            "count": 1
        }
    },
    "decay_stone": {
        "keys": {
            "a": {
                "item": "moreartifacts:wither_shard"
            },
            "b": {
                "item": "minecraft:wither_skeleton_skull"
            },
            "c": {
                "item": "moreartifacts:shadow_dust"
            }
        },
        "pattern": [
            "cbc",
            "bab",
            "cbc"
        ],
        "result": {
            "item": "moreartifacts:decay_stone",
            "count": 1
        }
    },
    "echo_glove": {
        "keys": {
            "a": {
                "item": "minecraft:sculk_sensor"
            },
            "b": {
                "item": "minecraft:echo_shard"
            },
            "c": {
                "item": "moreartifacts:mechanical_glove"
            },
            "d": {
                "item": "minecraft:sculk_shrieker"
            },
            "e": {
                "item": "moreartifacts:shadow_dust"
            }
        },
        "pattern": [
            "ada",
            "beb",
            "bcb"
        ],
        "result": {
            "item": "moreartifacts:echo_glove",
            "count": 1
        }
    },
    "enderian_eye": {
        "keys": {
            "a": {
                "item": "moreartifacts:shadow_dust"
            },
            "b": {
                "item": "minecraft:ender_pearl"
            },
            "c": {
                "item": "minecraft:ender_eye"
            }
        },
        "pattern": [
            "aba",
            "bcb",
            "aba"
        ],
        "result": {
            "item": "moreartifacts:enderian_eye",
            "count": 1
        }
    },
    "enderian_treads": {
        "keys": {
            "a": {
                "item": "minecraft:ender_pearl"
            },
            "b": {
                "item": "minecraft:dragon_breath"
            },
            "c": {
                "item": "moreartifacts:shadow_dust"
            },
            "d": {
                "item": "moreartifacts:leather_treads"
            }
        },
        "pattern": [
            "bcb",
            "ada",
            "bab"
        ],
        "result": {
            "item": "moreartifacts:enderian_treads",
            "count": 1
        }
    },
    "envenomed_quiver": {
        "keys": {
            "a": {
                "item": "minecraft:coal"
            },
            "b": {
                "item": "minecraft:wither_skeleton_skull"
            },
            "c": {
                "item": "moreartifacts:shadow_dust"
            },
            "d": {
                "item": "minecraft:fermented_spider_eye"
            },
            "e": {
                "item": "moreartifacts:magic_quiver"
            },
            "f": {
                "item": "minecraft:wither_rose"
            },
            "g": {
                "item": "minecraft:slime_ball"
            }
        },
        "pattern": [
            "abg",
            "ded",
            "cfa"
        ],
        "result": {
            "item": "moreartifacts:envenomed_quiver",
            "count": 1
        }
    },
    "fire_stone": {
        "keys": {
            "a": {
                "item": "moreartifacts:obsidian_skull"
            },
            "b": {
                "item": "minecraft:blaze_rod"
            },
            "c": {
                "item": "moreartifacts:shadow_dust"
            }
        },
        "pattern": [
            "cbc",
            "bab",
            "cbc"
        ],
        "result": {
            "item": "moreartifacts:fire_stone",
            "count": 1
        }
    },
    "gilded_scarf": {
        "keys": {
            "a": {
                "item": "minecraft:gilded_blackstone"
            },
            "b": {
                "item": "minecraft:netherite_ingot"
            },
            "c": {
                "item": "moreartifacts:shadow_dust"
            },
            "d": {
                "item": "moreartifacts:enderian_scarf"
            }
        },
        "pattern": [
            "aba",
            "cdc",
            "aba"
        ],
        "result": {
            "item": "moreartifacts:gilded_scarf",
            "count": 1
        }
    },
    "golden_headgear": {
        "keys": {
            "a": {
                "item": "minecraft:gold_ingot"
            },
            "b": {
                "item": "minecraft:diamond"
            },
            "c": {
                "item": "moreartifacts:wooden_headgear"
            }
        },
        "pattern": [
            "aba",
            "bcb",
            "aba"
        ],
        "result": {
            "item": "moreartifacts:golden_headgear",
            "count": 1
        }
    },
    "hero_shield": {
        "keys": {
            "a": {
                "item": "moreartifacts:shadow_dust"
            },
            "b": {
                "item": "minecraft:diamond_block"
            },
            "c": {
                "item": "minecraft:dragon_egg"
            }
        },
        "pattern": [
            "aba",
            "bcb",
            "aba"
        ],
        "result": {
            "item": "moreartifacts:hero_shield",
            "count": 1
        }
    },
    "high_jumpers": {
        "keys": {
            "a": {
                "item": "minecraft:white_wool"
            },
            "b": {
                "item": "minecraft:feather"
            },
            "c": {
                "item": "minecraft:slime_block"
            },
            "d": {
                "item": "moreartifacts:balloon"
            }
        },
        "pattern": [
            "b b",
            "ada",
            "c c"
        ],
        "result": {
            "item": "moreartifacts:high_jumpers",
            "count": 1
        }
    },
    "ice_stone": {
        "keys": {
            "a": {
                "item": "moreartifacts:ice_crystal"
            },
            "b": {
                "item": "minecraft:blue_ice"
            },
            "c": {
                "item": "moreartifacts:shadow_dust"
            }
        },
        "pattern": [
            "cbc",
            "bab",
            "cbc"
        ],
        "result": {
            "item": "moreartifacts:ice_stone",
            "count": 1
        }
    },
    "leather_treads": {
        "keys": {
            "a": {
                "item": "minecraft:leather"
            },
            "b": {
                "item": "minecraft:feather"
            }
        },
        "pattern": [
            "b b",
            "a a",
            "a a"
        ],
        "result": {
            "item": "moreartifacts:leather_treads",
            "count": 1
        }
    },
    "lucky_emerald_ring": {
        "keys": {
            "a": {
                "item": "minecraft:nether_star"
            },
            "b": {
                "item": "minecraft:emerald_block"
            },
            "c": {
                "item": "moreartifacts:shadow_dust"
            }
        },
        "pattern": [
            "ab ",
            "bcb",
            " b "
        ],
        "result": {
            "item": "moreartifacts:lucky_emerald_ring",
            "count": 1
        }
    },
    "mechanical_claw": {
        "keys": {
            "a": {
                "item": "minecraft:diamond"
            },
            "b": {
                "item": "moreartifacts:shadow_dust"
            },
            "c": {
                "item": "minecraft:diamond_sword"
            },
            "d": {
                "item": "moreartifacts:mechanical_glove"
            }
        },
        "pattern": [
            "aaa",
            "bcb",
            " d "
        ],
        "result": {
            "item": "moreartifacts:mechanical_claw",
            "count": 1
        }
    },
    "mechanical_gears": {
        "keys": {
            "a": {
                "item": "minecraft:redstone_block"
            },
            "b": {
                "item": "minecraft:iron_ingot"
            },
            "c": {
                "item": "minecraft:redstone"
            },
            "d": {
                "item": "minecraft:repeater"
            }
        },
        "pattern": [
            "bcb",
            "ada",
            "bcb"
        ],
        "result": {
            "item": "moreartifacts:mechanical_gears",
            "count": 1
        }
    },
    "mechanical_glove": {
        "keys": {
            "a": {
                "item": "minecraft:iron_nugget"
            },
            "b": {
                "item": "minecraft:iron_ingot"
            },
            "c": {
                "item": "minecraft:leather"
            }
        },
        "pattern": [
            "aaa",
            "bbb",
            "bcb"
        ],
        "result": {
            "item": "moreartifacts:mechanical_glove",
            "count": 1
        }
    },
    "molten_quiver": {
        "keys": {
            "a": {
                "item": "minecraft:netherite_scrap"
            },
            "b": {
                "item": "minecraft:magma_cream"
            },
            "c": {
                "item": "minecraft:blaze_rod"
            },
            "d": {
                "item": "moreartifacts:magic_quiver"
            },
            "e": {
                "item": "moreartifacts:shadow_dust"
            }
        },
        "pattern": [
            "abc",
            "bdb",
            "eba"
        ],
        "result": {
            "item": "moreartifacts:molten_quiver",
            "count": 1
        }
    },
    "natures_mantle": {
        "keys": {
            "a": {
                "item": "minecraft:green_wool"
            },
            "b": {
                "item": "minecraft:vine"
            },
            "c": {
                "item": "minecraft:slime_ball"
            },
            "d": {
                "item": "minecraft:poisonous_potato"
            }
        },
        "pattern": [
            "cbc",
            "bab",
            "ada"
        ],
        "result": {
            "item": "moreartifacts:natures_mantle",
            "count": 1
        }
    },
    "nectar": {
        "keys": {
            "a": {
                "item": "minecraft:honey_bottle"
            },
            "b": {
                "item": "minecraft:honeycomb"
            },
            "c": {
                "item": "minecraft:white_tulip"
            }
        },
        "pattern": [
            "aba",
            " c ",
            " c "
        ],
        "result": {
            "item": "moreartifacts:nectar",
            "count": 1
        }
    },
    "obsidian_skull": {
        "keys": {
            "a": {
                "item": "minecraft:obsidian"
            },
            "b": {
                "item": "minecraft:blaze_powder"
            },
            "c": {
                "item": "minecraft:skeleton_skull"
            }
        },
        "pattern": [
            "aba",
            "bcb",
            "aba"
        ],
        "result": {
            "item": "moreartifacts:obsidian_skull",
            "count": 1
        }
    },
    "sculk_lens": {
        "keys": {
            "a": {
                "item": "minecraft:echo_shard"
            },
            "b": {
                "item": "minecraft:sculk"
            },
            "c": {
                "item": "minecraft:tinted_glass"
            }
        },
        "pattern": [
            "aba",
            "bcb",
            "aba"
        ],
        "result": {
            "item": "moreartifacts:sculk_lens",
            "count": 1
        }
    },
    "sculk_treads": {
        "keys": {
            "a": {
                "item": "minecraft:echo_shard"
            },
            "b": {
                "item": "minecraft:sculk_catalyst"
            },
            "c": {
                "item": "moreartifacts:shadow_dust"
            },
            "d": {
                "item": "moreartifacts:leather_treads"
            }
        },
        "pattern": [
            "bcb",
            "ada",
            "bab"
        ],
        "result": {
            "item": "moreartifacts:sculk_treads",
            "count": 1
        }
    },
    "shadow_dust": {
        "keys": {
            "a": {
                "item": "minecraft:redstone"
            },
            "b": {
                "item": "minecraft:ender_pearl"
            },
            "c": {
                "item": "minecraft:diamond"
            }
        },
        "pattern": [
            "aba",
            "bcb",
            "aba"
        ],
        "result": {
            "item": "moreartifacts:shadow_dust",
            "count": 1
        }
    },
    "spectre_amulet": {
        "keys": {
            "a": {
                "item": "minecraft:string"
            },
            "b": {
                "item": "minecraft:ender_eye"
            },
            "c": {
                "item": "minecraft:diamond"
            }
        },
        "pattern": [
            " a ",
            "aba",
            " c "
        ],
        "result": {
            "item": "moreartifacts:spectre_amulet",
            "count": 1
        }
    },
    "sunglasses": {
        "keys": {
            "a": {
                "item": "minecraft:stick"
            },
            "b": {
                "item": "minecraft:black_dye"
            },
            "c": {
                "item": "minecraft:tinted_glass"
            }
        },
        "pattern": [
            "aba",
            "c c"
        ],
        "result": {
            "item": "moreartifacts:sunglasses",
            "count": 1
        }
    },
    "true_enderian_scarf": {
        "keys": {
            "a": {
                "item": "minecraft:ender_pearl"
            },
            "b": {
                "item": "minecraft:dragon_breath"
            },
            "c": {
                "item": "moreartifacts:shadow_dust"
            },
            "d": {
                "item": "moreartifacts:enderian_scarf"
            }
        },
        "pattern": [
            "aba",
            "cdc",
            "aba"
        ],
        "result": {
            "item": "moreartifacts:true_enderian_scarf",
            "count": 1
        }
    },
    "venom_amulet": {
        "keys": {
            "a": {
                "item": "minecraft:string"
            },
            "b": {
                "item": "minecraft:spider_eye"
            },
            "c": {
                "item": "minecraft:slime_ball"
            }
        },
        "pattern": [
            " a ",
            "aba",
            " c "
        ],
        "result": {
            "item": "moreartifacts:venom_amulet",
            "count": 1
        }
    },
    "venom_stone": {
        "keys": {
            "a": {
                "item": "moreartifacts:bezoar"
            },
            "b": {
                "item": "minecraft:fermented_spider_eye"
            },
            "c": {
                "item": "moreartifacts:shadow_dust"
            }
        },
        "pattern": [
            "cbc",
            "bab",
            "cbc"
        ],
        "result": {
            "item": "moreartifacts:venom_stone",
            "count": 1
        }
    },
    "wooden_headgear": {
        "keys": {
            "a": {
                "tag": "minecraft:logs"
            },
            "b": {
                "item": "minecraft:leather"
            },
            "c": {
                "item": "minecraft:shield"
            }
        },
        "pattern": [
            "aba",
            "bcb",
            "aba"
        ],
        "result": {
            "item": "moreartifacts:wooden_headgear",
            "count": 1
        }
    }
}