{
    "blowgun": {
        "keys": {
            "S": {
                "item": "minecraft:string"
            },
            "B": {
                "item": "minecraft:bamboo"
            }
        },
        "pattern": [
            " B ",
            "SBS",
            " B "
        ],
        "result": {
            "item": "mowziesmobs:blowgun"
        }
    },
    "dart": {
        "keys": {
            "S": {
                "item": "minecraft:stick"
            },
            "F": {
                "item": "mowziesmobs:naga_fang"
            },
            "E": {
                "item": "minecraft:feather"
            }
        },
        "pattern": [
            " F ",
            " S ",
            " E "
        ],
        "result": {
            "item": "mowziesmobs:dart",
            "count": 8
        }
    },
    "naga_fang_dagger": {
        "keys": {
            "S": {
                "item": "minecraft:stick"
            },
            "I": {
                "item": "minecraft:iron_ingot"
            },
            "F": {
                "item": "mowziesmobs:naga_fang"
            }
        },
        "pattern": [
            "F",
            "I",
            "S"
        ],
        "result": {
            "item": "mowziesmobs:naga_fang_dagger",
            "count": 1
        }
    },
    "painted_acacia": {
        "keys": {
            "S": {
                "item": "mowziesmobs:painted_acacia_slab"
            }
        },
        "pattern": [
            "S",
            "S"
        ],
        "result": {
            "item": "mowziesmobs:painted_acacia",
            "count": 1
        }
    },
    "painted_acacia_slab": {
        "keys": {
            "#": {
                "item": "mowziesmobs:painted_acacia"
            }
        },
        "pattern": [
            "###"
        ],
        "result": {
            "item": "mowziesmobs:painted_acacia_slab",
            "count": 6
        }
    },
    "spear": {
        "keys": {
            "S": {
                "item": "minecraft:stick"
            },
            "F": {
                "item": "minecraft:flint"
            },
            "E": {
                "item": "minecraft:feather"
            }
        },
        "pattern": [
            " F ",
            "ES ",
            " S "
        ],
        "result": {
            "item": "mowziesmobs:spear"
        }
    },
    "thatch_block": {
        "keys": {
            "#": [
                {
                    "item": "minecraft:grass"
                },
                {
                    "item": "minecraft:tall_grass"
                }
            ]
        },
        "pattern": [
            "###",
            "###",
            "###"
        ],
        "result": {
            "item": "mowziesmobs:thatch_block"
        }
    }
}