{
    "acacia_brigg": {
        "keys": {
            "l": {
                "item": "minecraft:lead"
            },
            "s": {
                "item": "smallships:sail"
            },
            "b": {
                "item": "minecraft:acacia_chest_boat"
            }
        },
        "pattern": [
            "sls",
            "bbb"
        ],
        "result": {
            "item": "smallships:acacia_brigg"
        }
    },
    "acacia_cog": {
        "keys": {
            "s": {
                "item": "smallships:sail"
            },
            "l": {
                "item": "minecraft:lead"
            },
            "b": {
                "item": "minecraft:acacia_boat"
            }
        },
        "pattern": [
            "lsl",
            "bbb"
        ],
        "result": {
            "item": "smallships:acacia_cog"
        }
    },
    "acacia_drakkar": {
        "keys": {
            "y": {
                "item": "smallships:sail"
            },
            "x": {
                "item": "minecraft:chest"
            },
            "l": {
                "item": "minecraft:lead"
            },
            "s": {
                "item": "minecraft:string"
            },
            "b": {
                "item": "minecraft:acacia_boat"
            }
        },
        "pattern": [
            "sys",
            "xlx",
            "bbb"
        ],
        "result": {
            "item": "smallships:acacia_drakkar"
        }
    },
    "acacia_galley": {
        "keys": {
            "s": {
                "item": "smallships:sail"
            },
            "c": {
                "item": "minecraft:chest"
            },
            "l": {
                "item": "minecraft:lead"
            },
            "b": {
                "item": "minecraft:acacia_boat"
            }
        },
        "pattern": [
            "lll",
            "csc",
            "bbb"
        ],
        "result": {
            "item": "smallships:acacia_galley"
        }
    },
    "bamboo_brigg": {
        "keys": {
            "l": {
                "item": "minecraft:lead"
            },
            "s": {
                "item": "smallships:sail"
            },
            "b": {
                "item": "minecraft:bamboo_chest_raft"
            }
        },
        "pattern": [
            "sls",
            "bbb"
        ],
        "result": {
            "item": "smallships:bamboo_brigg"
        }
    },
    "bamboo_cog": {
        "keys": {
            "s": {
                "item": "smallships:sail"
            },
            "c": {
                "item": "minecraft:chest"
            },
            "l": {
                "item": "minecraft:lead"
            },
            "b": {
                "item": "minecraft:bamboo_raft"
            }
        },
        "pattern": [
            "lll",
            "csc",
            "bbb"
        ],
        "result": {
            "item": "smallships:bamboo_cog"
        }
    },
    "bamboo_drakkar": {
        "keys": {
            "y": {
                "item": "smallships:sail"
            },
            "x": {
                "item": "minecraft:chest"
            },
            "l": {
                "item": "minecraft:lead"
            },
            "s": {
                "item": "minecraft:string"
            },
            "b": {
                "item": "minecraft:bamboo_raft"
            }
        },
        "pattern": [
            "sys",
            "xlx",
            "bbb"
        ],
        "result": {
            "item": "smallships:bamboo_drakkar"
        }
    },
    "birch_brigg": {
        "keys": {
            "l": {
                "item": "minecraft:lead"
            },
            "s": {
                "item": "smallships:sail"
            },
            "b": {
                "item": "minecraft:birch_chest_boat"
            }
        },
        "pattern": [
            "sls",
            "bbb"
        ],
        "result": {
            "item": "smallships:birch_brigg"
        }
    },
    "birch_cog": {
        "keys": {
            "l": {
                "item": "minecraft:lead"
            },
            "s": {
                "item": "smallships:sail"
            },
            "b": {
                "item": "minecraft:birch_boat"
            }
        },
        "pattern": [
            "lsl",
            "bbb"
        ],
        "result": {
            "item": "smallships:birch_cog"
        }
    },
    "birch_drakkar": {
        "keys": {
            "y": {
                "item": "smallships:sail"
            },
            "x": {
                "item": "minecraft:chest"
            },
            "l": {
                "item": "minecraft:lead"
            },
            "s": {
                "item": "minecraft:string"
            },
            "b": {
                "item": "minecraft:birch_boat"
            }
        },
        "pattern": [
            "sys",
            "xlx",
            "bbb"
        ],
        "result": {
            "item": "smallships:birch_drakkar"
        }
    },
    "birch_galley": {
        "keys": {
            "s": {
                "item": "smallships:sail"
            },
            "c": {
                "item": "minecraft:chest"
            },
            "l": {
                "item": "minecraft:lead"
            },
            "b": {
                "item": "minecraft:birch_boat"
            }
        },
        "pattern": [
            "lll",
            "csc",
            "bbb"
        ],
        "result": {
            "item": "smallships:birch_galley"
        }
    },
    "cannon": {
        "keys": {
            "L": {
                "tag": "minecraft:logs"
            },
            "S": {
                "item": "minecraft:string"
            },
            "I": {
                "item": "minecraft:iron_block"
            }
        },
        "pattern": [
            "  S",
            "III",
            " LL"
        ],
        "result": {
            "item": "smallships:cannon"
        }
    },
    "cannon_ball": {
        "keys": {
            "#": {
                "item": "minecraft:iron_nugget"
            },
            "G": {
                "item": "minecraft:gunpowder"
            }
        },
        "pattern": [
            "###",
            "#G#",
            "###"
        ],
        "result": {
            "item": "smallships:cannon_ball",
            "count": 2
        }
    },
    "cherry_brigg": {
        "keys": {
            "l": {
                "item": "minecraft:lead"
            },
            "s": {
                "item": "smallships:sail"
            },
            "b": {
                "item": "minecraft:cherry_chest_boat"
            }
        },
        "pattern": [
            "sls",
            "bbb"
        ],
        "result": {
            "item": "smallships:cherry_brigg"
        }
    },
    "cherry_cog": {
        "keys": {
            "l": {
                "item": "minecraft:lead"
            },
            "s": {
                "item": "smallships:sail"
            },
            "b": {
                "item": "minecraft:cherry_boat"
            }
        },
        "pattern": [
            "lsl",
            "bbb"
        ],
        "result": {
            "item": "smallships:cherry_cog"
        }
    },
    "cherry_drakkar": {
        "keys": {
            "y": {
                "item": "smallships:sail"
            },
            "x": {
                "item": "minecraft:chest"
            },
            "l": {
                "item": "minecraft:lead"
            },
            "s": {
                "item": "minecraft:string"
            },
            "b": {
                "item": "minecraft:cherry_boat"
            }
        },
        "pattern": [
            "sys",
            "xlx",
            "bbb"
        ],
        "result": {
            "item": "smallships:cherry_drakkar"
        }
    },
    "cherry_galley": {
        "keys": {
            "s": {
                "item": "smallships:sail"
            },
            "c": {
                "item": "minecraft:chest"
            },
            "l": {
                "item": "minecraft:lead"
            },
            "b": {
                "item": "minecraft:cherry_boat"
            }
        },
        "pattern": [
            "lll",
            "csc",
            "bbb"
        ],
        "result": {
            "item": "smallships:cherry_galley"
        }
    },
    "dark_oak_brigg": {
        "keys": {
            "l": {
                "item": "minecraft:lead"
            },
            "s": {
                "item": "smallships:sail"
            },
            "b": {
                "item": "minecraft:dark_oak_chest_boat"
            }
        },
        "pattern": [
            "sls",
            "bbb"
        ],
        "result": {
            "item": "smallships:dark_oak_brigg"
        }
    },
    "dark_oak_cog": {
        "keys": {
            "s": {
                "item": "smallships:sail"
            },
            "l": {
                "item": "minecraft:lead"
            },
            "b": {
                "item": "minecraft:dark_oak_boat"
            }
        },
        "pattern": [
            "lsl",
            "bbb"
        ],
        "result": {
            "item": "smallships:dark_oak_cog"
        }
    },
    "dark_oak_drakkar": {
        "keys": {
            "y": {
                "item": "smallships:sail"
            },
            "x": {
                "item": "minecraft:chest"
            },
            "l": {
                "item": "minecraft:lead"
            },
            "s": {
                "item": "minecraft:string"
            },
            "b": {
                "item": "minecraft:dark_oak_boat"
            }
        },
        "pattern": [
            "sys",
            "xlx",
            "bbb"
        ],
        "result": {
            "item": "smallships:dark_oak_drakkar"
        }
    },
    "dark_oak_galley": {
        "keys": {
            "s": {
                "item": "smallships:sail"
            },
            "c": {
                "item": "minecraft:chest"
            },
            "l": {
                "item": "minecraft:lead"
            },
            "b": {
                "item": "minecraft:dark_oak_boat"
            }
        },
        "pattern": [
            "lll",
            "csc",
            "bbb"
        ],
        "result": {
            "item": "smallships:dark_oak_galley"
        }
    },
    "jungle_brigg": {
        "keys": {
            "l": {
                "item": "minecraft:lead"
            },
            "s": {
                "item": "smallships:sail"
            },
            "b": {
                "item": "minecraft:jungle_chest_boat"
            }
        },
        "pattern": [
            "sls",
            "bbb"
        ],
        "result": {
            "item": "smallships:jungle_brigg"
        }
    },
    "jungle_cog": {
        "keys": {
            "s": {
                "item": "smallships:sail"
            },
            "l": {
                "item": "minecraft:lead"
            },
            "b": {
                "item": "minecraft:jungle_boat"
            }
        },
        "pattern": [
            "lsl",
            "bbb"
        ],
        "result": {
            "item": "smallships:jungle_cog"
        }
    },
    "jungle_drakkar": {
        "keys": {
            "y": {
                "item": "smallships:sail"
            },
            "x": {
                "item": "minecraft:chest"
            },
            "l": {
                "item": "minecraft:lead"
            },
            "s": {
                "item": "minecraft:string"
            },
            "b": {
                "item": "minecraft:jungle_boat"
            }
        },
        "pattern": [
            "sys",
            "xlx",
            "bbb"
        ],
        "result": {
            "item": "smallships:jungle_drakkar"
        }
    },
    "jungle_galley": {
        "keys": {
            "s": {
                "item": "smallships:sail"
            },
            "c": {
                "item": "minecraft:chest"
            },
            "l": {
                "item": "minecraft:lead"
            },
            "b": {
                "item": "minecraft:jungle_boat"
            }
        },
        "pattern": [
            "lll",
            "csc",
            "bbb"
        ],
        "result": {
            "item": "smallships:jungle_galley"
        }
    },
    "mangrove_brigg": {
        "keys": {
            "l": {
                "item": "minecraft:lead"
            },
            "s": {
                "item": "smallships:sail"
            },
            "b": {
                "item": "minecraft:mangrove_chest_boat"
            }
        },
        "pattern": [
            "sls",
            "bbb"
        ],
        "result": {
            "item": "smallships:mangrove_brigg"
        }
    },
    "mangrove_cog": {
        "keys": {
            "s": {
                "item": "smallships:sail"
            },
            "l": {
                "item": "minecraft:lead"
            },
            "b": {
                "item": "minecraft:mangrove_boat"
            }
        },
        "pattern": [
            "lsl",
            "bbb"
        ],
        "result": {
            "item": "smallships:mangrove_cog"
        }
    },
    "mangrove_drakkar": {
        "keys": {
            "y": {
                "item": "smallships:sail"
            },
            "x": {
                "item": "minecraft:chest"
            },
            "l": {
                "item": "minecraft:lead"
            },
            "s": {
                "item": "minecraft:string"
            },
            "b": {
                "item": "minecraft:mangrove_boat"
            }
        },
        "pattern": [
            "sys",
            "xlx",
            "bbb"
        ],
        "result": {
            "item": "smallships:mangrove_drakkar"
        }
    },
    "mangrove_galley": {
        "keys": {
            "s": {
                "item": "smallships:sail"
            },
            "c": {
                "item": "minecraft:chest"
            },
            "l": {
                "item": "minecraft:lead"
            },
            "b": {
                "item": "minecraft:mangrove_boat"
            }
        },
        "pattern": [
            "lll",
            "csc",
            "bbb"
        ],
        "result": {
            "item": "smallships:mangrove_galley"
        }
    },
    "oak_brigg": {
        "keys": {
            "l": {
                "item": "minecraft:lead"
            },
            "s": {
                "item": "smallships:sail"
            },
            "b": {
                "item": "minecraft:oak_chest_boat"
            }
        },
        "pattern": [
            "sls",
            "bbb"
        ],
        "result": {
            "item": "smallships:oak_brigg"
        }
    },
    "oak_cog": {
        "keys": {
            "s": {
                "item": "smallships:sail"
            },
            "l": {
                "item": "minecraft:lead"
            },
            "b": {
                "item": "minecraft:oak_boat"
            }
        },
        "pattern": [
            "lsl",
            "bbb"
        ],
        "result": {
            "item": "smallships:oak_cog"
        }
    },
    "oak_drakkar": {
        "keys": {
            "y": {
                "item": "smallships:sail"
            },
            "x": {
                "item": "minecraft:chest"
            },
            "l": {
                "item": "minecraft:lead"
            },
            "s": {
                "item": "minecraft:string"
            },
            "b": {
                "item": "minecraft:oak_boat"
            }
        },
        "pattern": [
            "sys",
            "xlx",
            "bbb"
        ],
        "result": {
            "item": "smallships:oak_drakkar"
        }
    },
    "oak_galley": {
        "keys": {
            "s": {
                "item": "smallships:sail"
            },
            "c": {
                "item": "minecraft:chest"
            },
            "l": {
                "item": "minecraft:lead"
            },
            "b": {
                "item": "minecraft:oak_boat"
            }
        },
        "pattern": [
            "lll",
            "csc",
            "bbb"
        ],
        "result": {
            "item": "smallships:oak_galley"
        }
    },
    "sail": {
        "keys": {
            "I": {
                "tag": "minecraft:logs"
            },
            "x": {
                "tag": "minecraft:wool"
            },
            "s": {
                "item": "minecraft:lead"
            }
        },
        "pattern": [
            "xxx",
            "xIx",
            "sIs"
        ],
        "result": {
            "item": "smallships:sail"
        }
    },
    "spruce_brigg": {
        "keys": {
            "l": {
                "item": "minecraft:lead"
            },
            "s": {
                "item": "smallships:sail"
            },
            "b": {
                "item": "minecraft:spruce_chest_boat"
            }
        },
        "pattern": [
            "sls",
            "bbb"
        ],
        "result": {
            "item": "smallships:spruce_brigg"
        }
    },
    "spruce_cog": {
        "keys": {
            "s": {
                "item": "smallships:sail"
            },
            "l": {
                "item": "minecraft:lead"
            },
            "b": {
                "item": "minecraft:spruce_boat"
            }
        },
        "pattern": [
            "lsl",
            "bbb"
        ],
        "result": {
            "item": "smallships:spruce_cog"
        }
    },
    "spruce_drakkar": {
        "keys": {
            "y": {
                "item": "smallships:sail"
            },
            "x": {
                "item": "minecraft:chest"
            },
            "l": {
                "item": "minecraft:lead"
            },
            "s": {
                "item": "minecraft:string"
            },
            "b": {
                "item": "minecraft:spruce_boat"
            }
        },
        "pattern": [
            "sys",
            "xlx",
            "bbb"
        ],
        "result": {
            "item": "smallships:spruce_drakkar"
        }
    },
    "spruce_galley": {
        "keys": {
            "s": {
                "item": "smallships:sail"
            },
            "c": {
                "item": "minecraft:chest"
            },
            "l": {
                "item": "minecraft:lead"
            },
            "b": {
                "item": "minecraft:spruce_boat"
            }
        },
        "pattern": [
            "lll",
            "csc",
            "bbb"
        ],
        "result": {
            "item": "smallships:spruce_galley"
        }
    }
}