{
    "awful_dagger": {
        "keys": {
            "0": {
                "item": "stalwart_dungeons:awful_crystal"
            },
            "1": {
                "item": "minecraft:stick"
            }
        },
        "pattern": [
            "0",
            "1"
        ],
        "result": {
            "item": "stalwart_dungeons:awful_dagger",
            "count": 1
        }
    },
    "chiseled_end_stone_bricks": {
        "keys": {
            "0": {
                "item": "minecraft:end_stone_bricks"
            },
            "1": {
                "item": "minecraft:end_stone_bricks"
            },
            "2": {
                "item": "minecraft:end_stone_bricks"
            },
            "3": {
                "item": "minecraft:end_stone_bricks"
            }
        },
        "pattern": [
            "01",
            "23"
        ],
        "result": {
            "item": "stalwart_dungeons:chiseled_end_stone_bricks",
            "count": 1
        }
    },
    "chorundum_armor_chestplate": {
        "keys": {
            "0": {
                "item": "stalwart_dungeons:chorundum"
            },
            "1": {
                "item": "stalwart_dungeons:void_crystal"
            },
            "2": {
                "item": "stalwart_dungeons:chorundum"
            },
            "3": {
                "item": "stalwart_dungeons:chorundum"
            },
            "4": {
                "item": "stalwart_dungeons:chorundum"
            },
            "5": {
                "item": "stalwart_dungeons:chorundum"
            },
            "6": {
                "item": "stalwart_dungeons:chorundum"
            },
            "7": {
                "item": "stalwart_dungeons:chorundum"
            },
            "8": {
                "item": "stalwart_dungeons:chorundum"
            }
        },
        "pattern": [
            "012",
            "345",
            "678"
        ],
        "result": {
            "item": "stalwart_dungeons:chorundum_armor_chestplate",
            "count": 1
        }
    },
    "chorundum_armor_boots": {
        "keys": {
            "0": {
                "item": "stalwart_dungeons:chorundum"
            },
            "1": {
                "item": "stalwart_dungeons:void_crystal"
            },
            "2": {
                "item": "stalwart_dungeons:chorundum"
            },
            "3": {
                "item": "stalwart_dungeons:chorundum"
            },
            "5": {
                "item": "stalwart_dungeons:chorundum"
            }
        },
        "pattern": [
            "012",
            "3 5"
        ],
        "result": {
            "item": "stalwart_dungeons:chorundum_armor_boots",
            "count": 1
        }
    },
    "chorundum_armor_helmet": {
        "keys": {
            "0": {
                "item": "stalwart_dungeons:chorundum"
            },
            "1": {
                "item": "stalwart_dungeons:chorundum"
            },
            "2": {
                "item": "stalwart_dungeons:chorundum"
            },
            "3": {
                "item": "stalwart_dungeons:chorundum"
            },
            "4": {
                "item": "stalwart_dungeons:void_crystal"
            },
            "5": {
                "item": "stalwart_dungeons:chorundum"
            }
        },
        "pattern": [
            "012",
            "345"
        ],
        "result": {
            "item": "stalwart_dungeons:chorundum_armor_helmet",
            "count": 1
        }
    },
    "chorundum_armor_leggings": {
        "keys": {
            "0": {
                "item": "stalwart_dungeons:chorundum"
            },
            "1": {
                "item": "stalwart_dungeons:chorundum"
            },
            "2": {
                "item": "stalwart_dungeons:chorundum"
            },
            "3": {
                "item": "stalwart_dungeons:chorundum"
            },
            "4": {
                "item": "stalwart_dungeons:void_crystal"
            },
            "5": {
                "item": "stalwart_dungeons:chorundum"
            },
            "6": {
                "item": "stalwart_dungeons:chorundum"
            },
            "8": {
                "item": "stalwart_dungeons:chorundum"
            }
        },
        "pattern": [
            "012",
            "345",
            "6 8"
        ],
        "result": {
            "item": "stalwart_dungeons:chorundum_armor_leggings",
            "count": 1
        }
    },
    "chorundum_axe": {
        "keys": {
            "0": {
                "item": "stalwart_dungeons:chorundum"
            },
            "1": {
                "item": "stalwart_dungeons:chorundum"
            },
            "2": {
                "item": "stalwart_dungeons:chorundum"
            },
            "3": {
                "item": "minecraft:stick"
            },
            "5": {
                "item": "minecraft:stick"
            }
        },
        "pattern": [
            "01",
            "23",
            " 5"
        ],
        "result": {
            "item": "stalwart_dungeons:chorundum_axe",
            "count": 1
        }
    },
    "chorundum_hoe": {
        "keys": {
            "0": {
                "item": "stalwart_dungeons:chorundum"
            },
            "1": {
                "item": "stalwart_dungeons:chorundum"
            },
            "3": {
                "item": "minecraft:stick"
            },
            "5": {
                "item": "minecraft:stick"
            }
        },
        "pattern": [
            "01",
            " 3",
            " 5"
        ],
        "result": {
            "item": "stalwart_dungeons:chorundum_hoe",
            "count": 1
        }
    },
    "chorundum_pickaxe": {
        "keys": {
            "0": {
                "item": "stalwart_dungeons:chorundum"
            },
            "1": {
                "item": "stalwart_dungeons:chorundum"
            },
            "2": {
                "item": "stalwart_dungeons:chorundum"
            },
            "4": {
                "item": "minecraft:stick"
            },
            "7": {
                "item": "minecraft:stick"
            }
        },
        "pattern": [
            "012",
            " 4 ",
            " 7 "
        ],
        "result": {
            "item": "stalwart_dungeons:chorundum_pickaxe",
            "count": 1
        }
    },
    "chorundum_shield": {
        "keys": {
            "0": {
                "item": "stalwart_dungeons:chorundum"
            },
            "1": {
                "item": "stalwart_dungeons:chorundum"
            },
            "2": {
                "item": "stalwart_dungeons:chorundum"
            },
            "3": {
                "item": "stalwart_dungeons:chorundum"
            },
            "4": {
                "item": "stalwart_dungeons:void_crystal"
            },
            "5": {
                "item": "stalwart_dungeons:chorundum"
            },
            "7": {
                "item": "stalwart_dungeons:chorundum"
            }
        },
        "pattern": [
            "012",
            "345",
            " 7 "
        ],
        "result": {
            "item": "stalwart_dungeons:chorundum_shield",
            "count": 1
        }
    },
    "chorundum_shovel": {
        "keys": {
            "0": {
                "item": "stalwart_dungeons:chorundum"
            },
            "1": {
                "item": "minecraft:stick"
            },
            "2": {
                "item": "minecraft:stick"
            }
        },
        "pattern": [
            "0",
            "1",
            "2"
        ],
        "result": {
            "item": "stalwart_dungeons:chorundum_shovel",
            "count": 1
        }
    },
    "chorundum_sword": {
        "keys": {
            "0": {
                "item": "stalwart_dungeons:chorundum"
            },
            "1": {
                "item": "stalwart_dungeons:chorundum"
            },
            "2": {
                "item": "minecraft:stick"
            }
        },
        "pattern": [
            "0",
            "1",
            "2"
        ],
        "result": {
            "item": "stalwart_dungeons:chorundum_sword",
            "count": 1
        }
    },
    "diamond_hammer": {
        "keys": {
            "0": {
                "item": "minecraft:diamond"
            },
            "1": {
                "item": "minecraft:smooth_stone"
            },
            "2": {
                "item": "minecraft:diamond"
            },
            "3": {
                "item": "minecraft:diamond"
            },
            "4": {
                "item": "minecraft:stick"
            },
            "5": {
                "item": "minecraft:diamond"
            },
            "7": {
                "item": "minecraft:stick"
            }
        },
        "pattern": [
            "012",
            "345",
            " 7 "
        ],
        "result": {
            "item": "stalwart_dungeons:diamond_hammer",
            "count": 1
        }
    },
    "golden_hammer": {
        "keys": {
            "0": {
                "item": "minecraft:gold_ingot"
            },
            "1": {
                "item": "minecraft:smooth_stone"
            },
            "2": {
                "item": "minecraft:gold_ingot"
            },
            "3": {
                "item": "minecraft:gold_ingot"
            },
            "4": {
                "item": "minecraft:stick"
            },
            "5": {
                "item": "minecraft:gold_ingot"
            },
            "7": {
                "item": "minecraft:stick"
            }
        },
        "pattern": [
            "012",
            "345",
            " 7 "
        ],
        "result": {
            "item": "stalwart_dungeons:golden_hammer",
            "count": 1
        }
    },
    "igniter": {
        "keys": {
            "0": {
                "item": "stalwart_dungeons:soul_bricks"
            },
            "1": {
                "item": "stalwart_dungeons:ancient_fire"
            }
        },
        "pattern": [
            "01"
        ],
        "result": {
            "item": "stalwart_dungeons:igniter",
            "count": 1
        }
    },
    "iron_hammer": {
        "keys": {
            "0": {
                "item": "minecraft:iron_ingot"
            },
            "1": {
                "item": "minecraft:smooth_stone"
            },
            "2": {
                "item": "minecraft:iron_ingot"
            },
            "3": {
                "item": "minecraft:iron_ingot"
            },
            "4": {
                "item": "minecraft:stick"
            },
            "5": {
                "item": "minecraft:iron_ingot"
            },
            "7": {
                "item": "minecraft:stick"
            }
        },
        "pattern": [
            "012",
            "345",
            " 7 "
        ],
        "result": {
            "item": "stalwart_dungeons:iron_hammer",
            "count": 1
        }
    },
    "nether_bricks_and_netherrack_slab": {
        "keys": {
            "0": {
                "item": "stalwart_dungeons:nether_bricks_and_netherrack"
            },
            "1": {
                "item": "stalwart_dungeons:nether_bricks_and_netherrack"
            },
            "2": {
                "item": "stalwart_dungeons:nether_bricks_and_netherrack"
            }
        },
        "pattern": [
            "012"
        ],
        "result": {
            "item": "stalwart_dungeons:nether_bricks_and_netherrack_slab",
            "count": 6
        }
    },
    "nether_bricks_and_netherrack_stairs": {
        "keys": {
            "0": {
                "item": "stalwart_dungeons:nether_bricks_and_netherrack"
            },
            "3": {
                "item": "stalwart_dungeons:nether_bricks_and_netherrack"
            },
            "4": {
                "item": "stalwart_dungeons:nether_bricks_and_netherrack"
            },
            "6": {
                "item": "stalwart_dungeons:nether_bricks_and_netherrack"
            },
            "7": {
                "item": "stalwart_dungeons:nether_bricks_and_netherrack"
            },
            "8": {
                "item": "stalwart_dungeons:nether_bricks_and_netherrack"
            }
        },
        "pattern": [
            "0  ",
            "34 ",
            "678"
        ],
        "result": {
            "item": "stalwart_dungeons:nether_bricks_and_netherrack_stairs",
            "count": 4
        }
    },
    "nether_bricks_and_soul_sand_slab": {
        "keys": {
            "0": {
                "item": "stalwart_dungeons:nether_bricks_and_soul_sand"
            },
            "1": {
                "item": "stalwart_dungeons:nether_bricks_and_soul_sand"
            },
            "2": {
                "item": "stalwart_dungeons:nether_bricks_and_soul_sand"
            }
        },
        "pattern": [
            "012"
        ],
        "result": {
            "item": "stalwart_dungeons:nether_bricks_and_soul_sand_slab",
            "count": 6
        }
    },
    "nether_bricks_and_soul_sand_stairs": {
        "keys": {
            "0": {
                "item": "stalwart_dungeons:nether_bricks_and_soul_sand"
            },
            "3": {
                "item": "stalwart_dungeons:nether_bricks_and_soul_sand"
            },
            "4": {
                "item": "stalwart_dungeons:nether_bricks_and_soul_sand"
            },
            "6": {
                "item": "stalwart_dungeons:nether_bricks_and_soul_sand"
            },
            "7": {
                "item": "stalwart_dungeons:nether_bricks_and_soul_sand"
            },
            "8": {
                "item": "stalwart_dungeons:nether_bricks_and_soul_sand"
            }
        },
        "pattern": [
            "0  ",
            "34 ",
            "678"
        ],
        "result": {
            "item": "stalwart_dungeons:nether_bricks_and_soul_sand_stairs",
            "count": 4
        }
    },
    "nether_hammer": {
        "keys": {
            "0": {
                "item": "minecraft:nether_bricks"
            },
            "1": {
                "item": "minecraft:nether_bricks"
            },
            "2": {
                "item": "minecraft:nether_bricks"
            },
            "3": {
                "item": "minecraft:nether_bricks"
            },
            "4": {
                "item": "stalwart_dungeons:ancient_fire"
            },
            "5": {
                "item": "minecraft:nether_bricks"
            },
            "6": {
                "item": "minecraft:nether_bricks"
            },
            "7": {
                "item": "stalwart_dungeons:stone_hammer"
            },
            "8": {
                "item": "minecraft:nether_bricks"
            }
        },
        "pattern": [
            "012",
            "345",
            "678"
        ],
        "result": {
            "item": "stalwart_dungeons:nether_hammer",
            "count": 1
        }
    },
    "purpur_bricks_and_endstone_slab": {
        "keys": {
            "0": {
                "item": "stalwart_dungeons:purpur_bricks_and_endstone"
            },
            "1": {
                "item": "stalwart_dungeons:purpur_bricks_and_endstone"
            },
            "2": {
                "item": "stalwart_dungeons:purpur_bricks_and_endstone"
            }
        },
        "pattern": [
            "012"
        ],
        "result": {
            "item": "stalwart_dungeons:purpur_bricks_and_endstone_slab",
            "count": 6
        }
    },
    "purpur_bricks_and_endstone_stairs": {
        "keys": {
            "0": {
                "item": "stalwart_dungeons:purpur_bricks_and_endstone"
            },
            "3": {
                "item": "stalwart_dungeons:purpur_bricks_and_endstone"
            },
            "4": {
                "item": "stalwart_dungeons:purpur_bricks_and_endstone"
            },
            "6": {
                "item": "stalwart_dungeons:purpur_bricks_and_endstone"
            },
            "7": {
                "item": "stalwart_dungeons:purpur_bricks_and_endstone"
            },
            "8": {
                "item": "stalwart_dungeons:purpur_bricks_and_endstone"
            }
        },
        "pattern": [
            "0  ",
            "34 ",
            "678"
        ],
        "result": {
            "item": "stalwart_dungeons:purpur_bricks_and_endstone_stairs",
            "count": 4
        }
    },
    "purpur_bricks": {
        "keys": {
            "0": {
                "item": "minecraft:purpur_block"
            },
            "1": {
                "item": "minecraft:purpur_block"
            },
            "2": {
                "item": "minecraft:purpur_block"
            },
            "3": {
                "item": "minecraft:purpur_block"
            }
        },
        "pattern": [
            "01",
            "23"
        ],
        "result": {
            "item": "stalwart_dungeons:purpur_bricks",
            "count": 1
        }
    },
    "purpur_bricks_slab": {
        "keys": {
            "0": {
                "item": "stalwart_dungeons:purpur_bricks"
            },
            "1": {
                "item": "stalwart_dungeons:purpur_bricks"
            },
            "2": {
                "item": "stalwart_dungeons:purpur_bricks"
            }
        },
        "pattern": [
            "012"
        ],
        "result": {
            "item": "stalwart_dungeons:purpur_bricks_slab",
            "count": 6
        }
    },
    "purpur_bricks_stairs": {
        "keys": {
            "0": {
                "item": "stalwart_dungeons:purpur_bricks"
            },
            "3": {
                "item": "stalwart_dungeons:purpur_bricks"
            },
            "4": {
                "item": "stalwart_dungeons:purpur_bricks"
            },
            "6": {
                "item": "stalwart_dungeons:purpur_bricks"
            },
            "7": {
                "item": "stalwart_dungeons:purpur_bricks"
            },
            "8": {
                "item": "stalwart_dungeons:purpur_bricks"
            }
        },
        "pattern": [
            "0  ",
            "34 ",
            "678"
        ],
        "result": {
            "item": "stalwart_dungeons:purpur_bricks_stairs",
            "count": 4
        }
    },
    "purpur_bricks_wall": {
        "keys": {
            "0": {
                "item": "stalwart_dungeons:purpur_bricks"
            },
            "1": {
                "item": "stalwart_dungeons:purpur_bricks"
            },
            "2": {
                "item": "stalwart_dungeons:purpur_bricks"
            },
            "3": {
                "item": "stalwart_dungeons:purpur_bricks"
            },
            "4": {
                "item": "stalwart_dungeons:purpur_bricks"
            },
            "5": {
                "item": "stalwart_dungeons:purpur_bricks"
            }
        },
        "pattern": [
            "012",
            "345"
        ],
        "result": {
            "item": "stalwart_dungeons:purpur_bricks_wall",
            "count": 6
        }
    },
    "pusher": {
        "keys": {
            "1": {
                "item": "stalwart_dungeons:soul_tiles"
            },
            "3": {
                "item": "stalwart_dungeons:soul_tiles"
            },
            "4": {
                "item": "minecraft:piston"
            },
            "5": {
                "item": "stalwart_dungeons:soul_tiles"
            },
            "7": {
                "item": "stalwart_dungeons:soul_tiles"
            }
        },
        "pattern": [
            " 1 ",
            "345",
            " 7 "
        ],
        "result": {
            "item": "stalwart_dungeons:pusher",
            "count": 1
        }
    },
    "soul_bricks": {
        "keys": {
            "0": {
                "item": "minecraft:soul_sand"
            },
            "1": {
                "item": "minecraft:soul_sand"
            },
            "2": {
                "item": "minecraft:soul_sand"
            },
            "3": {
                "item": "minecraft:soul_sand"
            }
        },
        "pattern": [
            "01",
            "23"
        ],
        "result": {
            "item": "stalwart_dungeons:soul_bricks",
            "count": 2
        }
    },
    "soul_bricks_slab": {
        "keys": {
            "0": {
                "item": "stalwart_dungeons:soul_bricks"
            },
            "1": {
                "item": "stalwart_dungeons:soul_bricks"
            },
            "2": {
                "item": "stalwart_dungeons:soul_bricks"
            }
        },
        "pattern": [
            "012"
        ],
        "result": {
            "item": "stalwart_dungeons:soul_bricks_slab",
            "count": 6
        }
    },
    "soul_bricks_stairs": {
        "keys": {
            "0": {
                "item": "stalwart_dungeons:soul_bricks"
            },
            "3": {
                "item": "stalwart_dungeons:soul_bricks"
            },
            "4": {
                "item": "stalwart_dungeons:soul_bricks"
            },
            "6": {
                "item": "stalwart_dungeons:soul_bricks"
            },
            "7": {
                "item": "stalwart_dungeons:soul_bricks"
            },
            "8": {
                "item": "stalwart_dungeons:soul_bricks"
            }
        },
        "pattern": [
            "0  ",
            "34 ",
            "678"
        ],
        "result": {
            "item": "stalwart_dungeons:soul_bricks_stairs",
            "count": 4
        }
    },
    "soul_bricks_wall": {
        "keys": {
            "0": {
                "item": "stalwart_dungeons:soul_bricks"
            },
            "1": {
                "item": "stalwart_dungeons:soul_bricks"
            },
            "2": {
                "item": "stalwart_dungeons:soul_bricks"
            },
            "3": {
                "item": "stalwart_dungeons:soul_bricks"
            },
            "4": {
                "item": "stalwart_dungeons:soul_bricks"
            },
            "5": {
                "item": "stalwart_dungeons:soul_bricks"
            }
        },
        "pattern": [
            "012",
            "345"
        ],
        "result": {
            "item": "stalwart_dungeons:soul_bricks_wall",
            "count": 6
        }
    },
    "soul_tiles": {
        "keys": {
            "0": {
                "item": "minecraft:soul_soil"
            },
            "1": {
                "item": "minecraft:soul_soil"
            },
            "2": {
                "item": "minecraft:soul_soil"
            },
            "3": {
                "item": "minecraft:soul_soil"
            }
        },
        "pattern": [
            "01",
            "23"
        ],
        "result": {
            "item": "stalwart_dungeons:soul_tiles",
            "count": 4
        }
    },
    "soul_tiles_slab": {
        "keys": {
            "0": {
                "item": "stalwart_dungeons:soul_tiles"
            },
            "1": {
                "item": "stalwart_dungeons:soul_tiles"
            },
            "2": {
                "item": "stalwart_dungeons:soul_tiles"
            }
        },
        "pattern": [
            "012"
        ],
        "result": {
            "item": "stalwart_dungeons:soul_tiles_slab",
            "count": 6
        }
    },
    "spore_vaporizer": {
        "keys": {
            "0": {
                "item": "stalwart_dungeons:spore_bottle"
            },
            "1": {
                "item": "stalwart_dungeons:spore_bottle"
            },
            "2": {
                "item": "stalwart_dungeons:spore_bottle"
            },
            "3": {
                "item": "stalwart_dungeons:spore_bottle"
            },
            "4": {
                "item": "minecraft:nether_bricks"
            },
            "5": {
                "item": "stalwart_dungeons:spore_bottle"
            },
            "6": {
                "item": "stalwart_dungeons:spore_bottle"
            },
            "7": {
                "item": "stalwart_dungeons:spore_bottle"
            },
            "8": {
                "item": "stalwart_dungeons:spore_bottle"
            }
        },
        "pattern": [
            "012",
            "345",
            "678"
        ],
        "result": {
            "item": "stalwart_dungeons:spore_vaporizer",
            "count": 1
        }
    },
    "stone_hammer": {
        "keys": {
            "0": {
                "item": "minecraft:cobblestone"
            },
            "1": {
                "item": "minecraft:smooth_stone"
            },
            "2": {
                "item": "minecraft:cobblestone"
            },
            "3": {
                "item": "minecraft:cobblestone"
            },
            "4": {
                "item": "minecraft:stick"
            },
            "5": {
                "item": "minecraft:cobblestone"
            },
            "7": {
                "item": "minecraft:stick"
            }
        },
        "pattern": [
            "012",
            "345",
            " 7 "
        ],
        "result": {
            "item": "stalwart_dungeons:stone_hammer",
            "count": 1
        }
    },
    "teleporter": {
        "keys": {
            "0": {
                "item": "stalwart_dungeons:purpur_bricks"
            },
            "1": {
                "item": "stalwart_dungeons:purpur_bricks"
            },
            "2": {
                "item": "stalwart_dungeons:purpur_bricks"
            },
            "3": {
                "item": "stalwart_dungeons:purpur_bricks"
            },
            "4": {
                "item": "stalwart_dungeons:void_crystal"
            },
            "5": {
                "item": "stalwart_dungeons:purpur_bricks"
            },
            "6": {
                "item": "stalwart_dungeons:purpur_bricks"
            },
            "7": {
                "item": "stalwart_dungeons:purpur_bricks"
            },
            "8": {
                "item": "stalwart_dungeons:purpur_bricks"
            }
        },
        "pattern": [
            "012",
            "345",
            "678"
        ],
        "result": {
            "item": "stalwart_dungeons:teleporter",
            "count": 2
        }
    },
    "transient_block_close": {
        "keys": {
            "0": {
                "item": "minecraft:nether_bricks"
            },
            "1": {
                "item": "stalwart_dungeons:ancient_fire"
            }
        },
        "pattern": [
            "01"
        ],
        "result": {
            "item": "stalwart_dungeons:transient_block_close",
            "count": 1
        }
    },
    "tungsten_axe": {
        "keys": {
            "0": {
                "item": "stalwart_dungeons:tungsten_ingot"
            },
            "1": {
                "item": "stalwart_dungeons:tungsten_ingot"
            },
            "2": {
                "item": "stalwart_dungeons:tungsten_ingot"
            },
            "3": {
                "item": "minecraft:stick"
            },
            "5": {
                "item": "minecraft:stick"
            }
        },
        "pattern": [
            "01",
            "23",
            " 5"
        ],
        "result": {
            "item": "stalwart_dungeons:tungsten_axe",
            "count": 1
        }
    },
    "tungsten_boots": {
        "keys": {
            "0": {
                "item": "stalwart_dungeons:tungsten_ingot"
            },
            "2": {
                "item": "stalwart_dungeons:tungsten_ingot"
            },
            "3": {
                "item": "stalwart_dungeons:blaze_armor_scrap"
            },
            "5": {
                "item": "stalwart_dungeons:blaze_armor_scrap"
            }
        },
        "pattern": [
            "0 2",
            "3 5"
        ],
        "result": {
            "item": "stalwart_dungeons:tungsten_boots",
            "count": 1
        }
    },
    "tungsten_chestplate": {
        "keys": {
            "0": {
                "item": "stalwart_dungeons:tungsten_ingot"
            },
            "2": {
                "item": "stalwart_dungeons:tungsten_ingot"
            },
            "3": {
                "item": "stalwart_dungeons:blaze_armor_scrap"
            },
            "4": {
                "item": "stalwart_dungeons:tungsten_ingot"
            },
            "5": {
                "item": "stalwart_dungeons:blaze_armor_scrap"
            },
            "6": {
                "item": "stalwart_dungeons:tungsten_ingot"
            },
            "7": {
                "item": "stalwart_dungeons:blaze_armor_scrap"
            },
            "8": {
                "item": "stalwart_dungeons:tungsten_ingot"
            }
        },
        "pattern": [
            "0 2",
            "345",
            "678"
        ],
        "result": {
            "item": "stalwart_dungeons:tungsten_chestplate",
            "count": 1
        }
    },
    "tungsten_hammer": {
        "keys": {
            "0": {
                "item": "stalwart_dungeons:tungsten_ingot"
            },
            "1": {
                "item": "minecraft:smooth_stone"
            },
            "2": {
                "item": "stalwart_dungeons:tungsten_ingot"
            },
            "3": {
                "item": "stalwart_dungeons:tungsten_ingot"
            },
            "4": {
                "item": "minecraft:stick"
            },
            "5": {
                "item": "stalwart_dungeons:tungsten_ingot"
            },
            "7": {
                "item": "minecraft:stick"
            }
        },
        "pattern": [
            "012",
            "345",
            " 7 "
        ],
        "result": {
            "item": "stalwart_dungeons:tungsten_hammer",
            "count": 1
        }
    },
    "tungsten_helmet": {
        "keys": {
            "0": {
                "item": "stalwart_dungeons:tungsten_ingot"
            },
            "1": {
                "item": "stalwart_dungeons:blaze_armor_scrap"
            },
            "2": {
                "item": "stalwart_dungeons:tungsten_ingot"
            },
            "3": {
                "item": "stalwart_dungeons:tungsten_ingot"
            },
            "5": {
                "item": "stalwart_dungeons:tungsten_ingot"
            }
        },
        "pattern": [
            "012",
            "3 5"
        ],
        "result": {
            "item": "stalwart_dungeons:tungsten_helmet",
            "count": 1
        }
    },
    "tungsten_hoe": {
        "keys": {
            "0": {
                "item": "stalwart_dungeons:tungsten_ingot"
            },
            "1": {
                "item": "stalwart_dungeons:tungsten_ingot"
            },
            "3": {
                "item": "minecraft:stick"
            },
            "5": {
                "item": "minecraft:stick"
            }
        },
        "pattern": [
            "01",
            " 3",
            " 5"
        ],
        "result": {
            "item": "stalwart_dungeons:tungsten_hoe",
            "count": 1
        }
    },
    "tungsten_leggings": {
        "keys": {
            "0": {
                "item": "stalwart_dungeons:blaze_armor_scrap"
            },
            "1": {
                "item": "stalwart_dungeons:tungsten_ingot"
            },
            "2": {
                "item": "stalwart_dungeons:blaze_armor_scrap"
            },
            "3": {
                "item": "stalwart_dungeons:tungsten_ingot"
            },
            "5": {
                "item": "stalwart_dungeons:tungsten_ingot"
            },
            "6": {
                "item": "stalwart_dungeons:tungsten_ingot"
            },
            "8": {
                "item": "stalwart_dungeons:tungsten_ingot"
            }
        },
        "pattern": [
            "012",
            "3 5",
            "6 8"
        ],
        "result": {
            "item": "stalwart_dungeons:tungsten_leggings",
            "count": 1
        }
    },
    "tungsten_pickaxe": {
        "keys": {
            "0": {
                "item": "stalwart_dungeons:tungsten_ingot"
            },
            "1": {
                "item": "stalwart_dungeons:tungsten_ingot"
            },
            "2": {
                "item": "stalwart_dungeons:tungsten_ingot"
            },
            "4": {
                "item": "minecraft:stick"
            },
            "7": {
                "item": "minecraft:stick"
            }
        },
        "pattern": [
            "012",
            " 4 ",
            " 7 "
        ],
        "result": {
            "item": "stalwart_dungeons:tungsten_pickaxe",
            "count": 1
        }
    },
    "tungsten_shovel": {
        "keys": {
            "0": {
                "item": "stalwart_dungeons:tungsten_ingot"
            },
            "1": {
                "item": "minecraft:stick"
            },
            "2": {
                "item": "minecraft:stick"
            }
        },
        "pattern": [
            "0",
            "1",
            "2"
        ],
        "result": {
            "item": "stalwart_dungeons:tungsten_shovel",
            "count": 1
        }
    },
    "tungsten_sword": {
        "keys": {
            "0": {
                "item": "stalwart_dungeons:tungsten_ingot"
            },
            "1": {
                "item": "stalwart_dungeons:tungsten_ingot"
            },
            "2": {
                "item": "minecraft:stick"
            }
        },
        "pattern": [
            "0",
            "1",
            "2"
        ],
        "result": {
            "item": "stalwart_dungeons:tungsten_sword",
            "count": 1
        }
    },
    "tungsten_shield": {
        "keys": {
            "0": {
                "item": "stalwart_dungeons:blaze_armor_scrap"
            },
            "1": {
                "item": "stalwart_dungeons:blaze_armor_scrap"
            },
            "2": {
                "item": "stalwart_dungeons:blaze_armor_scrap"
            },
            "3": {
                "item": "stalwart_dungeons:tungsten_ingot"
            },
            "4": {
                "item": "stalwart_dungeons:tungsten_ingot"
            },
            "5": {
                "item": "stalwart_dungeons:tungsten_ingot"
            },
            "7": {
                "item": "stalwart_dungeons:blaze_armor_scrap"
            }
        },
        "pattern": [
            "012",
            "345",
            " 7 "
        ],
        "result": {
            "item": "stalwart_dungeons:tungsten_shield",
            "count": 1
        }
    },
    "wooden_hammer": {
        "keys": {
            "0": {
                "tag": "minecraft:planks"
            },
            "1": {
                "item": "minecraft:smooth_stone"
            },
            "2": {
                "tag": "minecraft:planks"
            },
            "3": {
                "tag": "minecraft:planks"
            },
            "4": {
                "item": "minecraft:stick"
            },
            "5": {
                "tag": "minecraft:planks"
            },
            "7": {
                "item": "minecraft:stick"
            }
        },
        "pattern": [
            "012",
            "345",
            " 7 "
        ],
        "result": {
            "item": "stalwart_dungeons:wooden_hammer",
            "count": 1
        }
    }
}