{
    "badge": {
        "keys": {
            "p": {
                "item": "minecraft:shield"
            },
            "x": {
                "item": "villagertools:darkness"
            },
            "y": {
                "item": "villagertools:restock"
            }
        },
        "pattern": [
            "yxy",
            " p ",
            " y "
        ],
        "result": {
            "item": "villagertools:badge"
        }
    },
    "bribe": {
        "keys": {
            "p": {
                "item": "minecraft:glass_pane"
            },
            "#": {
                "item": "minecraft:poppy"
            },
            "x": {
                "item": "minecraft:apple"
            }
        },
        "pattern": [
            "###",
            "pxp"
        ],
        "result": {
            "item": "villagertools:bribe",
            "count": 4
        }
    },
    "contract": {
        "keys": {
            "p": {
                "item": "minecraft:paper"
            },
            "x": {
                "item": "minecraft:ink_sac"
            },
            "y": {
                "item": "minecraft:feather"
            }
        },
        "pattern": [
            " y ",
            " x ",
            " p "
        ],
        "result": {
            "item": "villagertools:contract"
        }
    },
    "cure": {
        "keys": {
            "p": {
                "item": "minecraft:glass_pane"
            },
            "#": {
                "item": "minecraft:fermented_spider_eye"
            },
            "x": {
                "item": "minecraft:golden_apple"
            }
        },
        "pattern": [
            "# #",
            "pxp"
        ],
        "result": {
            "item": "villagertools:cure",
            "count": 2
        }
    },
    "darkness": {
        "keys": {
            "p": {
                "item": "minecraft:ender_pearl"
            },
            "x": {
                "item": "minecraft:rotten_flesh"
            },
            "y": {
                "item": "villagertools:restock"
            }
        },
        "pattern": [
            "yxy",
            " p ",
            "xyx"
        ],
        "result": {
            "item": "villagertools:darkness"
        }
    },
    "forget": {
        "keys": {
            "p": {
                "item": "villagertools:contract"
            },
            "x": {
                "item": "minecraft:ink_sac"
            },
            "y": {
                "item": "minecraft:stick"
            }
        },
        "pattern": [
            "xpx",
            " y "
        ],
        "result": {
            "item": "villagertools:forget"
        }
    },
    "gears": {
        "keys": {
            "p": {
                "item": "villagertools:guard"
            },
            "x": {
                "item": "minecraft:iron_block"
            },
            "y": {
                "item": "villagertools:restock"
            }
        },
        "pattern": [
            "yxy",
            " p ",
            " y "
        ],
        "result": {
            "item": "villagertools:gears"
        }
    },
    "guard": {
        "keys": {
            "z": {
                "item": "villagertools:cure"
            },
            "x": {
                "item": "minecraft:leather"
            },
            "y": {
                "item": "villagertools:darkness"
            }
        },
        "pattern": [
            "xxx",
            " z ",
            " y "
        ],
        "result": {
            "item": "villagertools:guard"
        }
    },
    "key": {
        "keys": {
            "p": {
                "item": "minecraft:gold_nugget"
            },
            "x": {
                "item": "minecraft:iron_nugget"
            },
            "y": {
                "item": "villagertools:contract"
            }
        },
        "pattern": [
            " x ",
            " p ",
            " y "
        ],
        "result": {
            "item": "villagertools:key"
        }
    },
    "knowledge": {
        "keys": {
            "p": {
                "item": "minecraft:book"
            },
            "x": {
                "item": "minecraft:iron_nugget"
            },
            "y": {
                "item": "villagertools:restock"
            }
        },
        "pattern": [
            "yxy",
            " p ",
            " y "
        ],
        "result": {
            "item": "villagertools:knowledge"
        }
    },
    "lure": {
        "keys": {
            "p": {
                "item": "minecraft:lantern"
            },
            "x": {
                "item": "minecraft:iron_nugget"
            },
            "y": {
                "item": "minecraft:lime_dye"
            }
        },
        "pattern": [
            "xyx",
            " p ",
            " x "
        ],
        "result": {
            "item": "villagertools:lure"
        }
    }
}