{
    "blackstone_waystone": {
        "keys": {
            "O": {
                "item": "minecraft:obsidian"
            },
            "S": {
                "item": "minecraft:blackstone"
            },
            "W": {
                "item": "waystones:warp_stone"
            }
        },
        "pattern": [
            " S ",
            "SWS",
            "OOO"
        ],
        "result": {
            "count": 1,
            "item": "waystones:blackstone_waystone"
        }
    },
    "bound_scroll": {
        "keys": {
            "D": {
                "tag": "balm:purple_dyes"
            },
            "G": {
                "tag": "balm:gold_nuggets"
            },
            "E": {
                "item": "minecraft:ender_pearl"
            },
            "P": {
                "item": "minecraft:paper"
            }
        },
        "pattern": [
            "DDD",
            "GEG",
            "PPP"
        ],
        "result": {
            "item": "waystones:bound_scroll",
            "count": 3
        }
    },
    "deepslate_waystone": {
        "keys": {
            "O": {
                "item": "minecraft:obsidian"
            },
            "S": {
                "item": "minecraft:deepslate"
            },
            "W": {
                "item": "waystones:warp_stone"
            }
        },
        "pattern": [
            " S ",
            "SWS",
            "OOO"
        ],
        "result": {
            "count": 1,
            "item": "waystones:deepslate_waystone"
        }
    },
    "end_stone_waystone": {
        "keys": {
            "O": {
                "item": "minecraft:obsidian"
            },
            "S": {
                "item": "minecraft:end_stone_bricks"
            },
            "W": {
                "item": "waystones:warp_stone"
            }
        },
        "pattern": [
            " S ",
            "SWS",
            "OOO"
        ],
        "result": {
            "count": 1,
            "item": "waystones:end_stone_waystone"
        }
    },
    "mossy_waystone": {
        "keys": {
            "S": {
                "item": "minecraft:mossy_stone_bricks"
            },
            "W": {
                "item": "waystones:warp_stone"
            },
            "O": {
                "item": "minecraft:obsidian"
            }
        },
        "pattern": [
            " S ",
            "SWS",
            "OOO"
        ],
        "result": {
            "item": "waystones:mossy_waystone"
        }
    },
    "portstone": {
        "keys": {
            "S": {
                "item": "minecraft:stone_bricks"
            },
            "W": {
                "item": "waystones:warp_stone"
            },
            "B": {
                "item": "minecraft:polished_andesite"
            }
        },
        "pattern": [
            " S ",
            "SWS",
            "BBB"
        ],
        "result": {
            "item": "waystones:portstone"
        }
    },
    "return_scroll": {
        "keys": {
            "G": {
                "tag": "balm:gold_nuggets"
            },
            "E": {
                "tag": "balm:purple_dyes"
            },
            "P": {
                "item": "minecraft:paper"
            }
        },
        "pattern": [
            "GEG",
            "PPP"
        ],
        "result": {
            "item": "waystones:return_scroll",
            "count": 3
        }
    },
    "sandy_waystone": {
        "keys": {
            "S": {
                "item": "minecraft:chiseled_sandstone"
            },
            "W": {
                "item": "waystones:warp_stone"
            },
            "O": {
                "item": "minecraft:obsidian"
            }
        },
        "pattern": [
            " S ",
            "SWS",
            "OOO"
        ],
        "result": {
            "item": "waystones:sandy_waystone"
        }
    },
    "sharestone": {
        "keys": {
            "S": {
                "item": "minecraft:stone_bricks"
            },
            "W": {
                "item": "waystones:warp_stone"
            },
            "O": {
                "item": "minecraft:obsidian"
            }
        },
        "pattern": [
            "SSS",
            " W ",
            "OOO"
        ],
        "result": {
            "item": "waystones:sharestone"
        }
    },
    "warp_plate": {
        "keys": {
            "W": {
                "item": "waystones:warp_dust"
            },
            "F": {
                "item": "minecraft:flint"
            },
            "S": {
                "item": "minecraft:stone_bricks"
            }
        },
        "pattern": [
            "SWS",
            "WFW",
            "SWS"
        ],
        "result": {
            "item": "waystones:warp_plate"
        }
    },
    "warp_scroll": {
        "keys": {
            "G": {
                "tag": "balm:gold_nuggets"
            },
            "E": {
                "item": "minecraft:ender_pearl"
            },
            "P": {
                "item": "minecraft:paper"
            },
            "D": {
                "tag": "balm:purple_dyes"
            }
        },
        "pattern": [
            "GDG",
            "GEG",
            "PPP"
        ],
        "result": {
            "item": "waystones:warp_scroll",
            "count": 3
        }
    },
    "warp_stone": {
        "keys": {
            "G": {
                "tag": "balm:emeralds"
            },
            "E": {
                "item": "minecraft:ender_pearl"
            },
            "D": {
                "item": "minecraft:amethyst_shard"
            }
        },
        "pattern": [
            "DED",
            "EGE",
            "DED"
        ],
        "result": {
            "item": "waystones:warp_stone"
        }
    },
    "waystone": {
        "keys": {
            "S": {
                "item": "minecraft:stone_bricks"
            },
            "W": {
                "item": "waystones:warp_stone"
            },
            "O": {
                "item": "minecraft:obsidian"
            }
        },
        "pattern": [
            " S ",
            "SWS",
            "OOO"
        ],
        "result": {
            "item": "waystones:waystone"
        }
    }
}