{
	"schemaVersion": 1,
	"type": "monocolor",
	"color": {"red": 0.5372549019607843, "green": 0.5372549019607843, "blue": 0.5372549019607843},
	"blend": {"type" : "multiply"},
	"properties": {
		"visibleUnderwater": false,
		"layer": 4,
		"rotation": {
			"speed": 0.0,
			"mapping": {"0": [0.0, 0.0, 0.0]},
			"axis": {"0": [0.0, 0.0, 0.0]}
			},
		"transitionInDuration": 200,
		"transitionOutDuration": 200
		},
	"conditions": {
		"worlds": {"entries": ["minecraft:overworld"]},
		"weather": {"entries": ["thunder", "rain_thunder", "snow_thunder"]},
		"yRanges": {"entries": [{"min": -128.0, "max": 255.0}]}
		}
}
