{
	"schemaVersion": 1,
	"type": "decorations",
	"showSun": false,
	"showMoon": true,
	"showStars": false,
	"blend": {"type" : "screen"},
	"properties": {
		"visibleUnderwater": false,
		"layer": 10,
		"rotation": {
			"speed": 1.0,
			"mapping": {"0": [0.0, 0.0, -90.0]},
			"axis": {"0": [90.0, 0.0, 0.0]}
			},
		"transitionInDuration": 200,
		"transitionOutDuration": 200
		},
	"conditions": {
		"worlds": {"entries": ["minecraft:overworld"]},
		"weather": {"entries": ["clear"]}
		}
}