{
	"schemaVersion": 1,
	"type": "square-textured",
	"texture": "skybox:overworld/001-100_sky/sky001_night_sky.png",
	"blend": {"type" : "normal"},
	"properties": {
		"visibleUnderwater": false,
		"layer": 1,
		"rotation": {
			"speed": -0.866,
			"mapping": {"0": [0.0, 0.0, 0.0]},
			"axis": {"0": [0.0, 0.0, 0.0]}
			},
		"transitionInDuration": 200,
		"transitionOutDuration": 200
		},
	"conditions": {
		"worlds": {"entries": ["minecraft:overworld"]},
		"weather": {"entries": ["clear", "rain", "thunder", "rain_biome", "rain_thunder", "snow", "snow_thunder"]},
		"yRanges": {"entries": [{"min": -128.0, "max": 255.0}]}
		}
}
