{
	"schemaVersion": 1,
	"type": "monocolor",
	"color": {"red": 0.8823529411764706, "green": 0.8823529411764706, "blue": 0.8823529411764706},
	"blend": {"type" : "multiply"},
	"properties": {
		"visibleUnderwater": false,
		"layer": 3,
		"rotation": {
			"speed": 0.0,
			"mapping": {"0": [0.0, 0.0, 0.0]},
			"axis": {"0": [0.0, 0.0, 0.0]}
			},
		"transitionInDuration": 200,
		"transitionOutDuration": 200
		},
	"conditions": {
		"worlds": {"entries": ["minecraft:overworld"]},
		"weather": {"entries": ["rain", "rain_biome", "snow"]},
		"yRanges": {"entries": [{"min": -128.0, "max": 255.0}]}
		}
}
