{
	"schemaVersion": 1,
	"type": "decorations",
	"sun": "skybox:overworld/001-100_sky/sky007_moon_mask.png",
	"showSun": true,
	"showMoon": false,
	"showStars": false,
	"blend": {"type" : "normal"},
	"properties": {
		"visibleUnderwater": false,
		"layer": 7,
		"rotation": {
			"speed": 1.0,
			"mapping": {"0": [0.0, 0.0, 90.0]},
			"axis": {"0": [90.0, 0.0, 0.0]}
			},
		"transitionInDuration": 200,
		"transitionOutDuration": 200
		},
	"conditions": {
		"worlds": {"entries": ["minecraft:overworld"]},
		"weather": {"entries": ["clear"]},
		"yRanges": {"entries": [{"min": 255.0, "max": 10000.0}]}
		}
}
