{
	"schemaVersion": 1,
	"type": "square-textured",
	"texture": "skybox:overworld/001-100_sky/sky005_stars.png",
	"blend": {"type" : "normal"},
	"properties": {
		"visibleUnderwater": false,
		"layer": 5,
		"rotation": {
			"speed": 1.0,
			"mapping": {"0": [0.0, -26.52, 90.0]},
			"axis": {"0": [-63.48, 0.0, 0.0]}
			},
		"transitionInDuration": 200,
		"transitionOutDuration": 200
		},
	"conditions": {
		"worlds": {"entries": ["minecraft:overworld"]},
		"weather": {"entries": ["clear", "rain", "thunder", "rain_biome", "rain_thunder", "snow", "snow_thunder"]},
		"yRanges": {"entries": [{"min": 255.0, "max": 10000.0}]}
		}
}
