{
	"schemaVersion": 1,
	"type": "square-textured",
	"texture": "skybox:overworld/001-100_sky/sky015_sun_glare.png",
	"blend": {"type" : "add"},
	"properties": {
		"visibleUnderwater": false,
		"layer": 15,
		"fade": {
			"duration": 24000,
			"keyFrames": {
				"0": 0.0,
				"1000": 0.75,
				"11000": 0.75,
				"12000": 0.0
				}
			},
		"rotation": {
			"speed": 1.0,
			"mapping": {"0": [0.0, 0.0, -90.0]},
			"axis": {"0": [90.0, 0.0, 0.0]}
			},
		"transitionInDuration": 200,
		"transitionOutDuration": 200
		},
	"conditions": {
		"worlds": {"entries": ["minecraft:overworld"]},
		"weather": {"entries": ["clear"]},
		"yRanges": {"entries": [{"min": 0.0, "max": 255.0}]}
		}
}
