{
	"schemaVersion": 1,
	"type": "decorations",
	"showSun": true,
	"showMoon": false,
	"showStars": false,
	"blend": {"type" : "decorations"},
	"properties": {
		"visibleUnderwater": false,
		"layer": 17,
		"rotation": {
			"speed": 1.0,
			"mapping": {"0": [0.0, 0.0, -90.0]},
			"axis": {"0": [90.0, 0.0, 0.0]}
			},
		"transitionInDuration": 200,
		"transitionOutDuration": 200
		},
	"conditions": {
		"worlds": {"entries": ["minecraft:overworld"]},
		"weather": {"entries": ["clear", "rain", "thunder", "rain_biome", "rain_thunder", "snow", "snow_thunder"]},
		"yRanges": {"entries": [{"min": 255.0, "max": 10000.0}]}
		}
}