{
	"schemaVersion": 1,
	"type": "square-textured",
	"texture": "skybox:overworld/001-100_sky/sky009_moon_glare.png",
	"blend": {"type" : "add"},
	"properties": {
		"visibleUnderwater": false,
		"layer": 9,
		"fade": {
			"duration": 192000,
			"keyFrames": {
				"12500": 0.0,
				"13500": 1.0,
				"22500": 1.0,
				"23500": 0.0,
				"36500": 0.0,
				"37500": 0.75,
				"46500": 0.75,
				"47500": 0.0,
				"60500": 0.0,
				"61500": 0.5,
				"70500": 0.5,
				"71500": 0.0,
				"84500": 0.0,
				"85500": 0.25,
				"94500": 0.25,
				"95500": 0.0,
				"132500": 0.0,
				"133500": 0.25,
				"142500": 0.25,
				"143500": 0.0,
				"156500": 0.0,
				"157500": 0.5,
				"166500": 0.5,
				"167500": 0.0,
				"180500": 0.0,
				"181500": 0.75,
				"190500": 0.75,
				"191500": 0.0
				}
			},
		"rotation": {
			"speed": 1.0,
			"mapping": {"0": [0.0, 0.0, -90.0]},
			"axis": {"0": [90.0, 0.0, 0.0]}
			},
		"transitionInDuration": 200,
		"transitionOutDuration": 200
		},
	"conditions": {
		"worlds": {"entries": ["minecraft:overworld"]},
		"weather": {"entries": ["clear"]},
		"yRanges": {"entries": [{"min": 0.0, "max": 255.0}]}
		}
}
