{
	"parent": "block/block",
	"textures": {
		"particle": "block/barrel_side",
		"side": "block/barrel_side",
		"water": "block/extra/cauldron_water",
		"bottom": "block/barrel_bottom"
	},
	"elements": [
		{
			"from": [6, 0, 6],
			"to": [10, 4, 10],
			"rotation": {"angle": 0, "axis": "y", "origin": [8, 0, 8]},
			"faces": {
				"north": {"uv": [0, 5, 16, 16], "texture": "#side"},
				"east": {"uv": [0, 5, 16, 16], "texture": "#side"},
				"south": {"uv": [0, 5, 16, 16], "texture": "#side"},
				"west": {"uv": [0, 5, 16, 16], "texture": "#side"},
				"up": {"uv": [4, 4, 12, 12], "texture": "#water"},
				"down": {"uv": [0, 0, 16, 16], "texture": "#bottom", "cullface": "down"}
			}
		},
		{
			"from": [6, 4, 6],
			"to": [10, 6, 6.5],
			"rotation": {"angle": 0, "axis": "y", "origin": [8, 0, 8]},
			"faces": {
				"north": {"uv": [0, 0, 16, 5], "texture": "#side"},
				"east": {"uv": [14, 0, 16, 5], "texture": "#side"},
				"south": {"uv": [0, 3, 16, 8], "texture": "#side"},
				"west": {"uv": [0, 0, 2, 5], "texture": "#side"},
				"up": {"uv": [0, 0, 16, 1], "texture": "#bottom"}
			}
		},
		{
			"from": [6, 4, 9.5],
			"to": [10, 6, 10],
			"rotation": {"angle": 0, "axis": "y", "origin": [8, 0, 8]},
			"faces": {
				"north": {"uv": [0, 3, 16, 8], "texture": "#side"},
				"east": {"uv": [0, 0, 2, 5], "texture": "#side"},
				"south": {"uv": [0, 0, 16, 5], "texture": "#side"},
				"west": {"uv": [14, 0, 16, 5], "texture": "#side"},
				"up": {"uv": [0, 15, 16, 16], "texture": "#bottom"}
			}
		},
		{
			"from": [6, 4, 6.5],
			"to": [6.5, 6, 9.5],
			"rotation": {"angle": 0, "axis": "y", "origin": [8, 0, 8]},
			"faces": {
				"east": {"uv": [2, 3, 14, 8], "texture": "#side"},
				"west": {"uv": [2, 0, 14, 5], "texture": "#side"},
				"up": {"uv": [0, 1, 1, 15], "texture": "#bottom"}
			}
		},
		{
			"from": [9.5, 4, 6.5],
			"to": [10, 6, 9.5],
			"rotation": {"angle": 0, "axis": "y", "origin": [8, 0, 8]},
			"faces": {
				"east": {"uv": [2, 0, 14, 5], "texture": "#side"},
				"west": {"uv": [2, 3, 14, 8], "texture": "#side"},
				"up": {"uv": [15, 1, 16, 15], "texture": "#bottom"}
			}
		},
		{
			"from": [7.5, 1.075, 4.5],
			"to": [8.5, 4.825, 6],
			"rotation": {"angle": 0, "axis": "y", "origin": [8, 0, 8]},
			"faces": {
				"north": {"uv": [4, 13, 12, 14], "rotation": 90, "texture": "#side"},
				"up": {"uv": [1, 13, 4, 14], "rotation": 270, "texture": "#side"},
				"down": {"uv": [12, 13, 15, 14], "rotation": 270, "texture": "#side"}
			}
		},
		{
			"from": [8.5, 4.825, 6],
			"to": [7.5, 1.075, 4.5],
			"rotation": {"angle": 0, "axis": "y", "origin": [-8, 0, -8]},
			"faces": {
				"south": {"uv": [12, 13, 4, 14], "rotation": 90, "texture": "#side"},
				"up": {"uv": [12, 14, 15, 13], "rotation": 270, "texture": "#side"},
				"down": {"uv": [1, 14, 4, 13], "rotation": 270, "texture": "#side"}
			}
		}
	]
}