{
	"parent": "block/block",
	"textures": {
		"particle": "block/barrel_side",
		"side": "block/barrel_side",
		"water": "block/extra/cauldron_water",
		"bottom": "block/barrel_bottom"
	},
	"elements": [
		{
			"from": [2, 0, 2],
			"to": [6, 4, 6],
			"rotation": {"angle": 0, "axis": "y", "origin": [8, 0, 8]},
			"faces": {
				"north": {"uv": [0, 5, 16, 16], "texture": "#side"},
				"east": {"uv": [0, 5, 16, 16], "texture": "#side"},
				"south": {"uv": [0, 5, 16, 16], "texture": "#side"},
				"west": {"uv": [0, 5, 16, 16], "texture": "#side"},
				"up": {"uv": [4, 4, 12, 12], "texture": "#water"},
				"down": {"uv": [0, 0, 16, 16], "texture": "#bottom", "cullface": "down"}
			}
		},
		{
			"from": [2, 4, 2],
			"to": [6, 6, 2.5],
			"rotation": {"angle": 0, "axis": "y", "origin": [8, 0, 8]},
			"faces": {
				"north": {"uv": [0, 0, 16, 5], "texture": "#side"},
				"east": {"uv": [14, 0, 16, 5], "texture": "#side"},
				"south": {"uv": [0, 3, 16, 8], "texture": "#side"},
				"west": {"uv": [0, 0, 2, 5], "texture": "#side"},
				"up": {"uv": [0, 0, 16, 1], "texture": "#bottom"}
			}
		},
		{
			"from": [2, 4, 5.5],
			"to": [6, 6, 6],
			"rotation": {"angle": 0, "axis": "y", "origin": [8, 0, 8]},
			"faces": {
				"north": {"uv": [0, 3, 16, 8], "texture": "#side"},
				"east": {"uv": [0, 0, 2, 5], "texture": "#side"},
				"south": {"uv": [0, 0, 16, 5], "texture": "#side"},
				"west": {"uv": [14, 0, 16, 5], "texture": "#side"},
				"up": {"uv": [0, 15, 16, 16], "texture": "#bottom"}
			}
		},
		{
			"from": [2, 4, 2.5],
			"to": [2.5, 6, 5.5],
			"rotation": {"angle": 0, "axis": "y", "origin": [8, 0, 8]},
			"faces": {
				"east": {"uv": [2, 3, 14, 8], "texture": "#side"},
				"west": {"uv": [2, 0, 14, 5], "texture": "#side"},
				"up": {"uv": [0, 1, 1, 15], "texture": "#bottom"}
			}
		},
		{
			"from": [5.5, 4, 2.5],
			"to": [6, 6, 5.5],
			"rotation": {"angle": 0, "axis": "y", "origin": [8, 0, 8]},
			"faces": {
				"east": {"uv": [2, 0, 14, 5], "texture": "#side"},
				"west": {"uv": [2, 3, 14, 8], "texture": "#side"},
				"up": {"uv": [15, 1, 16, 15], "texture": "#bottom"}
			}
		},
		{
			"from": [3.5, 1.075, 0.5],
			"to": [4.5, 4.825, 2],
			"rotation": {"angle": 0, "axis": "y", "origin": [8, 0, 8]},
			"faces": {
				"north": {"uv": [4, 13, 12, 14], "rotation": 90, "texture": "#side"},
				"up": {"uv": [1, 13, 4, 14], "rotation": 270, "texture": "#side"},
				"down": {"uv": [12, 13, 15, 14], "rotation": 270, "texture": "#side"}
			}
		},
		{
			"from": [4.5, 4.825, 2],
			"to": [3.5, 1.075, 0.5],
			"rotation": {"angle": 0, "axis": "y", "origin": [8, 0, 8]},
			"faces": {
				"south": {"uv": [12, 13, 4, 14], "rotation": 90, "texture": "#side"},
				"up": {"uv": [12, 14, 15, 13], "rotation": 270, "texture": "#side"},
				"down": {"uv": [1, 14, 4, 13], "rotation": 270, "texture": "#side"}
			}
		},
		{
			"from": [6, 0, 9],
			"to": [10, 4, 13],
			"rotation": {"angle": 0, "axis": "y", "origin": [8, 0, 8]},
			"faces": {
				"north": {"uv": [0, 5, 16, 16], "texture": "#side"},
				"east": {"uv": [0, 5, 16, 16], "texture": "#side"},
				"south": {"uv": [0, 5, 16, 16], "texture": "#side"},
				"west": {"uv": [0, 5, 16, 16], "texture": "#side"},
				"up": {"uv": [4, 4, 12, 12], "rotation": 180, "texture": "#water"},
				"down": {"uv": [0, 0, 16, 16], "rotation": 180, "texture": "#bottom", "cullface": "down"}
			}
		},
		{
			"from": [6, 4, 12.5],
			"to": [10, 6, 13],
			"rotation": {"angle": 0, "axis": "y", "origin": [8, 0, 8]},
			"faces": {
				"north": {"uv": [0, 3, 16, 8], "texture": "#side"},
				"east": {"uv": [0, 0, 2, 5], "texture": "#side"},
				"south": {"uv": [0, 0, 16, 5], "texture": "#side"},
				"west": {"uv": [14, 0, 16, 5], "texture": "#side"},
				"up": {"uv": [0, 0, 16, 1], "rotation": 180, "texture": "#bottom"}
			}
		},
		{
			"from": [6, 4, 9],
			"to": [10, 6, 9.5],
			"rotation": {"angle": 0, "axis": "y", "origin": [8, 0, 8]},
			"faces": {
				"north": {"uv": [0, 0, 16, 5], "texture": "#side"},
				"east": {"uv": [14, 0, 16, 5], "texture": "#side"},
				"south": {"uv": [0, 3, 16, 8], "texture": "#side"},
				"west": {"uv": [0, 0, 2, 5], "texture": "#side"},
				"up": {"uv": [0, 15, 16, 16], "rotation": 180, "texture": "#bottom"}
			}
		},
		{
			"from": [9.5, 4, 9.5],
			"to": [10, 6, 12.5],
			"rotation": {"angle": 0, "axis": "y", "origin": [8, 0, 8]},
			"faces": {
				"east": {"uv": [2, 0, 14, 5], "texture": "#side"},
				"west": {"uv": [2, 3, 14, 8], "texture": "#side"},
				"up": {"uv": [0, 1, 1, 15], "rotation": 180, "texture": "#bottom"}
			}
		},
		{
			"from": [6, 4, 9.5],
			"to": [6.5, 6, 12.5],
			"rotation": {"angle": 0, "axis": "y", "origin": [8, 0, 8]},
			"faces": {
				"east": {"uv": [2, 3, 14, 8], "texture": "#side"},
				"west": {"uv": [2, 0, 14, 5], "texture": "#side"},
				"up": {"uv": [15, 1, 16, 15], "rotation": 180, "texture": "#bottom"}
			}
		},
		{
			"from": [7.5, 1.075, 13],
			"to": [8.5, 4.825, 14.5],
			"rotation": {"angle": 0, "axis": "y", "origin": [8, 0, 8]},
			"faces": {
				"south": {"uv": [4, 13, 12, 14], "rotation": 90, "texture": "#side"},
				"up": {"uv": [1, 13, 4, 14], "rotation": 90, "texture": "#side"},
				"down": {"uv": [12, 13, 15, 14], "rotation": 90, "texture": "#side"}
			}
		},
		{
			"from": [8.5, 4.825, 14.5],
			"to": [7.5, 1.075, 13],
			"rotation": {"angle": 0, "axis": "y", "origin": [8, 0, 8]},
			"faces": {
				"north": {"uv": [12, 13, 4, 14], "rotation": 90, "texture": "#side"},
				"up": {"uv": [12, 14, 15, 13], "rotation": 90, "texture": "#side"},
				"down": {"uv": [1, 14, 4, 13], "rotation": 90, "texture": "#side"}
			}
		},
		{
			"from": [8, 0, 4],
			"to": [12, 4, 8],
			"rotation": {"angle": 0, "axis": "y", "origin": [8, 0, 8]},
			"faces": {
				"north": {"uv": [0, 5, 16, 16], "texture": "#side"},
				"east": {"uv": [0, 5, 16, 16], "texture": "#side"},
				"south": {"uv": [0, 5, 16, 16], "texture": "#side"},
				"west": {"uv": [0, 5, 16, 16], "texture": "#side"},
				"up": {"uv": [4, 4, 12, 12], "rotation": 90, "texture": "#water"},
				"down": {"uv": [0, 0, 16, 16], "rotation": 270, "texture": "#bottom", "cullface": "down"}
			}
		},
		{
			"from": [11.5, 4, 4],
			"to": [12, 6, 8],
			"rotation": {"angle": 0, "axis": "y", "origin": [8, 0, 8]},
			"faces": {
				"north": {"uv": [0, 0, 2, 5], "texture": "#side"},
				"east": {"uv": [0, 0, 16, 5], "texture": "#side"},
				"south": {"uv": [14, 0, 16, 5], "texture": "#side"},
				"west": {"uv": [0, 3, 16, 8], "texture": "#side"},
				"up": {"uv": [0, 0, 16, 1], "rotation": 90, "texture": "#bottom"}
			}
		},
		{
			"from": [8, 4, 4],
			"to": [8.5, 6, 8],
			"rotation": {"angle": 0, "axis": "y", "origin": [8, 0, 8]},
			"faces": {
				"north": {"uv": [14, 0, 16, 5], "texture": "#side"},
				"east": {"uv": [0, 3, 16, 8], "texture": "#side"},
				"south": {"uv": [0, 0, 2, 5], "texture": "#side"},
				"west": {"uv": [0, 0, 16, 5], "texture": "#side"},
				"up": {"uv": [0, 15, 16, 16], "rotation": 90, "texture": "#bottom"}
			}
		},
		{
			"from": [8.5, 4, 4],
			"to": [11.5, 6, 4.5],
			"rotation": {"angle": 0, "axis": "y", "origin": [8, 0, 8]},
			"faces": {
				"north": {"uv": [2, 0, 14, 5], "texture": "#side"},
				"south": {"uv": [2, 3, 14, 8], "texture": "#side"},
				"up": {"uv": [0, 1, 1, 15], "rotation": 90, "texture": "#bottom"}
			}
		},
		{
			"from": [8.5, 4, 7.5],
			"to": [11.5, 6, 8],
			"rotation": {"angle": 0, "axis": "y", "origin": [8, 0, 8]},
			"faces": {
				"north": {"uv": [2, 3, 14, 8], "texture": "#side"},
				"south": {"uv": [2, 0, 14, 5], "texture": "#side"},
				"up": {"uv": [15, 1, 16, 15], "rotation": 90, "texture": "#bottom"}
			}
		},
		{
			"from": [12, 1.075, 5.5],
			"to": [13.5, 4.825, 6.5],
			"rotation": {"angle": 0, "axis": "y", "origin": [8, 0, 8]},
			"faces": {
				"east": {"uv": [4, 13, 12, 14], "rotation": 90, "texture": "#side"},
				"up": {"uv": [1, 13, 4, 14], "texture": "#side"},
				"down": {"uv": [12, 13, 15, 14], "rotation": 180, "texture": "#side"}
			}
		},
		{
			"from": [13.5, 4.825, 6.5],
			"to": [12, 1.075, 5.5],
			"rotation": {"angle": 0, "axis": "y", "origin": [8, 0, 8]},
			"faces": {
				"west": {"uv": [12, 13, 4, 14], "rotation": 90, "texture": "#side"},
				"up": {"uv": [15, 13, 12, 14], "rotation": 180, "texture": "#side"},
				"down": {"uv": [4, 13, 1, 14], "texture": "#side"}
			}
		}
	],
	"groups": [
		{
			"name": "cup1",
			"origin": [-8, 0, -8],
			"color": 0,
			"children": [0, 1, 2, 3, 4, 5, 6]
		},
		{
			"name": "cup2",
			"origin": [-8, 0, -8],
			"color": 0,
			"children": [7, 8, 9, 10, 11, 12, 13]
		},
		{
			"name": "cup3",
			"origin": [-8, 0, -8],
			"color": 0,
			"children": [14, 15, 16, 17, 18, 19, 20]
		}
	]
}