{
	"parent": "block/block",
	"textures": {
		"particle": "block/barrel_side",
		"side": "block/barrel_side",
		"water": "block/extra/cauldron_water",
		"bottom": "block/barrel_bottom"
	},
	"elements": [
		{
			"from": [3, 0, 3],
			"to": [7, 4, 7],
			"rotation": {"angle": 0, "axis": "y", "origin": [8, 0, 8]},
			"faces": {
				"north": {"uv": [0, 5, 16, 16], "texture": "#side"},
				"east": {"uv": [0, 5, 16, 16], "texture": "#side"},
				"south": {"uv": [0, 5, 16, 16], "texture": "#side"},
				"west": {"uv": [0, 5, 16, 16], "texture": "#side"},
				"up": {"uv": [4, 4, 12, 12], "texture": "#water"},
				"down": {"uv": [0, 0, 16, 16], "texture": "#bottom", "cullface": "down"}
			}
		},
		{
			"from": [3, 4, 3],
			"to": [7, 6, 3.5],
			"rotation": {"angle": 0, "axis": "y", "origin": [8, 0, 8]},
			"faces": {
				"north": {"uv": [0, 0, 16, 5], "texture": "#side"},
				"east": {"uv": [14, 0, 16, 5], "texture": "#side"},
				"south": {"uv": [0, 3, 16, 8], "texture": "#side"},
				"west": {"uv": [0, 0, 2, 5], "texture": "#side"},
				"up": {"uv": [0, 0, 16, 1], "texture": "#bottom"}
			}
		},
		{
			"from": [3, 4, 6.5],
			"to": [7, 6, 7],
			"rotation": {"angle": 0, "axis": "y", "origin": [8, 0, 8]},
			"faces": {
				"north": {"uv": [0, 3, 16, 8], "texture": "#side"},
				"east": {"uv": [0, 0, 2, 5], "texture": "#side"},
				"south": {"uv": [0, 0, 16, 5], "texture": "#side"},
				"west": {"uv": [14, 0, 16, 5], "texture": "#side"},
				"up": {"uv": [0, 15, 16, 16], "texture": "#bottom"}
			}
		},
		{
			"from": [3, 4, 3.5],
			"to": [3.5, 6, 6.5],
			"rotation": {"angle": 0, "axis": "y", "origin": [8, 0, 8]},
			"faces": {
				"east": {"uv": [2, 3, 14, 8], "texture": "#side"},
				"west": {"uv": [2, 0, 14, 5], "texture": "#side"},
				"up": {"uv": [0, 1, 1, 15], "texture": "#bottom"}
			}
		},
		{
			"from": [6.5, 4, 3.5],
			"to": [7, 6, 6.5],
			"rotation": {"angle": 0, "axis": "y", "origin": [8, 0, 8]},
			"faces": {
				"east": {"uv": [2, 0, 14, 5], "texture": "#side"},
				"west": {"uv": [2, 3, 14, 8], "texture": "#side"},
				"up": {"uv": [15, 1, 16, 15], "texture": "#bottom"}
			}
		},
		{
			"from": [4.5, 1.075, 1.5],
			"to": [5.5, 4.825, 3],
			"rotation": {"angle": 0, "axis": "y", "origin": [8, 0, 8]},
			"faces": {
				"north": {"uv": [4, 13, 12, 14], "rotation": 90, "texture": "#side"},
				"up": {"uv": [1, 13, 4, 14], "rotation": 270, "texture": "#side"},
				"down": {"uv": [12, 13, 15, 14], "rotation": 270, "texture": "#side"}
			}
		},
		{
			"from": [5.5, 4.825, 3],
			"to": [4.5, 1.075, 1.5],
			"rotation": {"angle": 0, "axis": "y", "origin": [8, 0, 8]},
			"faces": {
				"south": {"uv": [12, 13, 4, 14], "rotation": 90, "texture": "#side"},
				"up": {"uv": [12, 14, 15, 13], "rotation": 270, "texture": "#side"},
				"down": {"uv": [1, 14, 4, 13], "rotation": 270, "texture": "#side"}
			}
		},
		{
			"from": [8, 0, 8],
			"to": [12, 4, 12],
			"rotation": {"angle": 0, "axis": "y", "origin": [8, 0, 8]},
			"faces": {
				"north": {"uv": [0, 5, 16, 16], "texture": "#side"},
				"east": {"uv": [0, 5, 16, 16], "texture": "#side"},
				"south": {"uv": [0, 5, 16, 16], "texture": "#side"},
				"west": {"uv": [0, 5, 16, 16], "texture": "#side"},
				"up": {"uv": [4, 4, 12, 12], "rotation": 180, "texture": "#water"},
				"down": {"uv": [0, 0, 16, 16], "rotation": 180, "texture": "#bottom", "cullface": "down"}
			}
		},
		{
			"from": [8, 4, 11.5],
			"to": [12, 6, 12],
			"rotation": {"angle": 0, "axis": "y", "origin": [8, 0, 8]},
			"faces": {
				"north": {"uv": [0, 3, 16, 8], "texture": "#side"},
				"east": {"uv": [0, 0, 2, 5], "texture": "#side"},
				"south": {"uv": [0, 0, 16, 5], "texture": "#side"},
				"west": {"uv": [14, 0, 16, 5], "texture": "#side"},
				"up": {"uv": [0, 0, 16, 1], "rotation": 180, "texture": "#bottom"}
			}
		},
		{
			"from": [8, 4, 8],
			"to": [12, 6, 8.5],
			"rotation": {"angle": 0, "axis": "y", "origin": [8, 0, 8]},
			"faces": {
				"north": {"uv": [0, 0, 16, 5], "texture": "#side"},
				"east": {"uv": [14, 0, 16, 5], "texture": "#side"},
				"south": {"uv": [0, 3, 16, 8], "texture": "#side"},
				"west": {"uv": [0, 0, 2, 5], "texture": "#side"},
				"up": {"uv": [0, 15, 16, 16], "rotation": 180, "texture": "#bottom"}
			}
		},
		{
			"from": [11.5, 4, 8.5],
			"to": [12, 6, 11.5],
			"rotation": {"angle": 0, "axis": "y", "origin": [8, 0, 8]},
			"faces": {
				"east": {"uv": [2, 0, 14, 5], "texture": "#side"},
				"west": {"uv": [2, 3, 14, 8], "texture": "#side"},
				"up": {"uv": [0, 1, 1, 15], "rotation": 180, "texture": "#bottom"}
			}
		},
		{
			"from": [8, 4, 8.5],
			"to": [8.5, 6, 11.5],
			"rotation": {"angle": 0, "axis": "y", "origin": [8, 0, 8]},
			"faces": {
				"east": {"uv": [2, 3, 14, 8], "texture": "#side"},
				"west": {"uv": [2, 0, 14, 5], "texture": "#side"},
				"up": {"uv": [15, 1, 16, 15], "rotation": 180, "texture": "#bottom"}
			}
		},
		{
			"from": [9.5, 1.075, 12],
			"to": [10.5, 4.825, 13.5],
			"rotation": {"angle": 0, "axis": "y", "origin": [8, 0, 8]},
			"faces": {
				"south": {"uv": [4, 13, 12, 14], "rotation": 90, "texture": "#side"},
				"up": {"uv": [1, 13, 4, 14], "rotation": 90, "texture": "#side"},
				"down": {"uv": [12, 13, 15, 14], "rotation": 90, "texture": "#side"}
			}
		},
		{
			"from": [10.5, 4.825, 13.5],
			"to": [9.5, 1.075, 12],
			"rotation": {"angle": 0, "axis": "y", "origin": [8, 0, 8]},
			"faces": {
				"north": {"uv": [12, 13, 4, 14], "rotation": 90, "texture": "#side"},
				"up": {"uv": [12, 14, 15, 13], "rotation": 90, "texture": "#side"},
				"down": {"uv": [1, 14, 4, 13], "rotation": 90, "texture": "#side"}
			}
		}
	],
	"groups": [
		{
			"name": "cup1",
			"origin": [-8, 0, -8],
			"color": 0,
			"children": [0, 1, 2, 3, 4, 5, 6]
		},
		{
			"name": "cup2",
			"origin": [-8, 0, -8],
			"color": 0,
			"children": [7, 8, 9, 10, 11, 12, 13]
		}
	]
}