{
	"schemaVersion": 2,
	"type": "single-sprite-square-textured",
	"texture": "skybox:overworld/401-500_solar_eclipse/sky498_thunder_mountains.png",
	"blend": {"type" : "multiply"},
	"properties": {
		"priority": 498,
		"fade": {"alwaysOn": true},
		"rotation": {
			"rotationSpeedY": 0.0,
			"static": [0.0, 0.0, 0.0],
			"axis": [0.0, 0.0, 0.0]
			},
		"transitionInDuration": 200,
		"transitionOutDuration": 200,
		"changeFog": false,
		"fogColors": {"alpha": 1.0, "red": 0.0607843137254902, "green": 0.0631372549019608, "blue": 0.0690196078431373}
		},
	"conditions": {
		"worlds": ["minecraft:overworld"],
		"weather": ["thunder", "rain_thunder"],
		"yRanges": [{"min": -128.0, "max": 255.0}]
		},
	"decorations": {
		"showSun": false,
		"showMoon": false,
		"showStars": false
		}
}
