{
	"schemaVersion": 2,
	"type": "single-sprite-square-textured",
	"texture": "skybox:overworld/401-500_solar_eclipse/sky496_night_mountains.png",
	"blend": {"type" : "alpha"},
	"properties": {
		"priority": 496,
		"fade": {
			"startFadeIn": 10500,
			"endFadeIn": 11500,
			"startFadeOut": 500,
			"endFadeOut": 1500
			},
		"rotation": {
			"rotationSpeedY": 0.0,
			"static": [0.0, 0.0, 0.0],
			"axis": [0.0, 0.0, 0.0]
			},
		"transitionInDuration": 200,
		"transitionOutDuration": 200,
		"changeFog": true,
		"fogColors": {"alpha": 1.0, "red": 0.0607843137254902, "green": 0.0631372549019608, "blue": 0.0690196078431373}
		},
	"conditions": {
		"worlds": ["minecraft:overworld"],
		"weather": ["clear", "rain", "thunder", "snow"],
		"yRanges": [{"min": -128.0, "max": 255.0}]
		},
	"decorations": {
		"showSun": false,
		"showMoon": false,
		"showStars": false
		}
}
