{
	"schemaVersion": 2,
	"type": "single-sprite-square-textured",
	"texture": "skybox:overworld/401-500_solar_eclipse/sky495_day_mountains.png",
	"blend": {"type" : "alpha"},
	"properties": {
		"priority": 495,
		"fade": {
			"startFadeIn": 500,
			"endFadeIn": 1500,
			"startFadeOut": 10500,
			"endFadeOut": 11500
			},
		"rotation": {
			"rotationSpeedY": 0.0,
			"static": [0.0, 0.0, 0.0],
			"axis": [0.0, 0.0, 0.0]
			},
		"transitionInDuration": 200,
		"transitionOutDuration": 200,
		"changeFog": true,
		"fogColors": {"alpha": 1.0, "red": 0.6796078431372549, "green": 0.6901960784313725, "blue": 0.7109803921568627}
		},
	"conditions": {
		"worlds": ["minecraft:overworld"],
		"weather": ["clear", "rain", "thunder", "snow"],
		"yRanges": [{"min": -128.0, "max": 255.0}]
		},
	"decorations": {
		"showSun": false,
		"showMoon": false,
		"showStars": false
		}
}
