{
	"sky_objects": [
		"sky001_stars_bright",
		"sky002_andromeda",
		"sky003_black_hole",
		"sky004_neptune",
		"sky004_saturn",
		"sky007_moon_mask",
		"sky009_moon_glare",
		"sky010_moon",
		"sky015_sun_glare",
		"sky016_sun",
		"sky017_sun_high",
		"sky140_sunset_clear_high",
		"sky148_sunrise_clear_high",
		"sky156_night_clear_high",
		"sky164_day_clear_high",
		"sky256_day_mountains_high",
		"sky257_night_mountains_high",
		"sky258_sunset_glow_high",
		"sky259_sunrise_glow_high",
		"sky260_mountains_high_rain",
		"sky261_mountains_high_thunder",
		"sky495_day_mountains",
		"sky496_night_mountains",
		"sky497_rain_mountains",
		"sky498_thunder_mountains",
		"sky499_sunset_glow",
		"sky500_sunrise_glow"
		],
	"environment": {
		"fog": {
			"has_thick_fog": false,
			"fog_start": "fogStart",
			"fog_end": "fogEnd"
			},
		"fog_color": {
			"ignore_sky_effects": true,
			"colors": [{
				"red": 0.6796078431372549, "green": 0.6901960784313725, "blue": 0.7109803921568627,
				"ratio": "low_altitude * day_fade"
					},
					{
				"red": 0.1976470588235294, "green": 0.2007843137254902, "blue": 0.2082352941176471,
				"ratio": "low_altitude * day_fade * rainAlpha"
					},
					{
				"red": 0.0949019607843137, "green": 0.0972549019607843, "blue": 0.1027450980392157,
				"ratio": "low_altitude * day_fade * thunderAlpha"
					},
					{
				"red": 0.0607843137254902, "green": 0.0631372549019608, "blue": 0.0690196078431373,
				"ratio": "low_altitude * (1-day_fade)"
					},
					{
				"red": 0.6796078431372549, "green": 0.6901960784313725, "blue": 0.7109803921568627,
				"ratio": "high_altitude * day_fade"
					},
					{
				"red": 0.2019607843137255, "green": 0.2035294117647059, "blue": 0.2074509803921569,
				"ratio": "high_altitude * day_fade * rainAlpha"
					},
					{
				"red": 0.0870588235294118, "green": 0.0882352941176471, "blue": 0.0909803921568627,
				"ratio": "high_altitude * day_fade * thunderAlpha"
					},
					{
				"red": 0.0607843137254902, "green": 0.0631372549019608, "blue": 0.0690196078431373,
				"ratio": "high_altitude * (1-day_fade)"
					}
				]
			},
		"clouds": {
			"height": -1000,
			"color": "ffffff"
			},
		"void_culling_level": "-10000"
		}
}