{
	"variables": [
		{
			"name": "sunset_fade",
			"value": "(ifElse((dayTime > 10500) & (dayTime < 11501), 0.001 * (dayTime - 10500), ifElse((dayTime > 11500) & (dayTime < 12501), 1, ifElse((dayTime > 12500) & (dayTime < 13500), -0.001 * (dayTime - 13500), 0))))"
		},
		{
			"name": "sunrise_fade",
			"value": "(ifElse((dayTime > 500) & (dayTime < 1501), -0.001 * (dayTime - 1500), ifElse((dayTime > 1500) & (dayTime < 22501), 0, ifElse((dayTime > 22500) & (dayTime < 23500), 0.001 * (dayTime - 22500), 1))))"
		},
		{
			"name": "night_fade",
			"value": "(ifElse((dayTime > 12500) & (dayTime < 13501), 0.001 * (dayTime - 12500), ifElse((dayTime > 13500) & (dayTime < 22501), 1, ifElse((dayTime > 22500) & (dayTime < 23500), -0.001 * (dayTime - 23500), 0))))"
		},
		{
			"name": "day_fade",
			"value": "(ifElse((dayTime > 500) & (dayTime < 1501), 0.001 * (dayTime - 500), ifElse((dayTime > 1500) & (dayTime < 10501), 1, ifElse((dayTime > 10500) & (dayTime < 11500), -0.001 * (dayTime - 11500), 0))))"
		},
		{
			"name": "moon_glare_fade",
			"value": "(ifElse((loop_8 > 12500) & (loop_8 < 13501), 0.001 * (loop_8 - 12500), ifElse((loop_8 > 36500) & (loop_8 < 37501), 0.00075 * (loop_8 - 36500), ifElse((loop_8 > 60500) & (loop_8 < 61501), 0.0005 * (loop_8 - 60500), ifElse((loop_8 > 84500) & (loop_8 < 85501), 0.00025 * (loop_8 - 84500), ifElse((loop_8 > 132500) & (loop_8 < 133501), 0.00025 * (loop_8 - 132500), ifElse((loop_8 > 156500) & (loop_8 < 157501), 0.0005 * (loop_8 - 156500), ifElse((loop_8 > 180500) & (loop_8 < 181501), 0.00075 * (loop_8 - 180500), ifElse((loop_8 > 13500) & (loop_8 < 22501), 1, ifElse((loop_8 > 37500) & (loop_8 < 46501), 0.75, ifElse((loop_8 > 61500) & (loop_8 < 70501), 0.5, ifElse((loop_8 > 85500) & (loop_8 < 94501), 0.25, ifElse((loop_8 > 133500) & (loop_8 < 142501), 0.25, ifElse((loop_8 > 157500) & (loop_8 < 166501), 0.5, ifElse((loop_8 > 181500) & (loop_8 < 190501), 0.75, ifElse((loop_8 > 22500) & (loop_8 < 23501), -0.001 * (loop_8 - 23500), ifElse((loop_8 > 46500) & (loop_8 < 47501), -0.00075 * (loop_8 - 47500), ifElse((loop_8 > 70500) & (loop_8 < 71501), -0.0005 * (loop_8 - 71500), ifElse((loop_8 > 94500) & (loop_8 < 95501), -0.00025 * (loop_8 - 95500), ifElse((loop_8 > 142500) & (loop_8 < 143501), -0.00025 * (loop_8 - 143500), ifElse((loop_8 > 166500) & (loop_8 < 167501), -0.0005 * (loop_8 - 167500), ifElse((loop_8 > 190500) & (loop_8 < 191501), -0.00075 * (loop_8 - 191500), 0))))))))))))))))))))))"
		},
		{
			"name": "low_altitude",
			"value": "(ifElse((posY < 250), 1, ifElse((posY > 249) & (posY < 260), -0.1 * (posY-260), 0)))"
		},
		{
			"name": "high_altitude",
			"value": "(ifElse((posY < 250), 0, ifElse((posY > 249) & (posY < 260), 0.1 * (posY-250), ifElse((posY > 259) & (posY < 310), 1, ifElse((posY > 309) & (posY < 320), -0.1 * (posY-320), 0)))))"
		},
		{
			"name": "space_altitude",
			"value": "(ifElse((posY > 319), 1, ifElse((posY > 310) & (posY < 320), 0.1 * (posY-309), 0)))"
		},
		{
			"name": "loop_8",
			"value": "modulo(worldTime, 192000)"
		},
		{
			"name": "single_rotation",
			"value": "worldTime*0.015"
		},
		{
			"name": "cloud_rotation",
			"value": "worldTime*0.01299"
		}
	]
}