{
	"schemaVersion": 1,
	"type": "square-textured",
	"texture": "skybox:overworld/401-500_solar_eclipse/sky497_rain_mountains.png",
	"blend": {"type" : "multiply"},
	"properties": {
		"visibleUnderwater": false,
		"layer": 497,
		"rotation": {
			"speed": 0.0,
			"mapping": {"0": [0.0, 0.0, 0.0]},
			"axis": {"0": [0.0, 0.0, 0.0]}
			},
		"transitionInDuration": 200,
		"transitionOutDuration": 200,
		"fog": {"modifyColors": false, "red": 0.0607843137254902, "green": 0.0631372549019608, "blue": 0.0690196078431373}
		},
	"conditions": {
		"worlds": {"entries": ["minecraft:overworld"]},
		"weather": {"entries": ["rain", "rain_biome", "snow"]},
		"yRanges": {"entries": [{"min": -128.0, "max": 255.0}]}
		}
}
