{
	"schemaVersion": 1,
	"type": "square-textured",
	"texture": "skybox:overworld/401-500_solar_eclipse/sky495_day_mountains.png",
	"blend": {"type" : "normal"},
	"properties": {
		"visibleUnderwater": false,
		"layer": 495,
		"fade": {
			"duration": 24000,
			"keyFrames": {
				"500": 0.0,
				"1500": 1.0,
				"10500": 1.0,
				"11500": 0.0
				}
			},
		"rotation": {
			"speed": 0.0,
			"mapping": {"0": [0.0, 0.0, 0.0]},
			"axis": {"0": [0.0, 0.0, 0.0]}
			},
		"transitionInDuration": 200,
		"transitionOutDuration": 200,
		"fog": {"modifyColors": true, "red": 0.6796078431372549, "green": 0.6901960784313725, "blue": 0.7109803921568627}
		},
	"conditions": {
		"worlds": {"entries": ["minecraft:overworld"]},
		"weather": {"entries": ["clear", "rain", "thunder", "rain_biome", "rain_thunder", "snow", "snow_thunder"]},
		"yRanges": {"entries": [{"min": -128.0, "max": 255.0}]}
		}
}
