{
  "variants": {
    "": [
		{"model": "minecraft:block/azalea"},
		{"model": "minecraft:block/azalea2"},
		{"model": "minecraft:block/azalea21"},
		{"model": "minecraft:block/azalea22"},
		{"model": "minecraft:block/azalea23"},
		{"model": "minecraft:block/azalea3"},
		{"model": "minecraft:block/azalea31"},
		{"model": "minecraft:block/azalea32"},
		{"model": "minecraft:block/azalea33"},
		{"model": "minecraft:block/azalea4"},
		{"model": "minecraft:block/azalea41"},
		{"model": "minecraft:block/azalea42"},
		{"model": "minecraft:block/azalea43"},
		{"model": "minecraft:block/azalea5"},
		{"model": "minecraft:block/azalea51"},
		{"model": "minecraft:block/azalea52"},
		{"model": "minecraft:block/azalea53"}

    ]
  }
}