{
    "variants": {
        
	"age=0": { "model": "block/beetroots_stage0" },
        
	"age=1": { "model": "block/beetroots_stage1" },
        
	"age=2": [ { "model": "block/beetroots_stage2" }, { "model": "block/beetroots_stage2_2" }, { "model": "block/beetroots_stage2_3" }, { "model": "block/beetroots_stage2_4" } ],
        
	"age=3": [ { "model": "block/beetroots_stage3" }, { "model": "block/beetroots_stage3_2" }, { "model": "block/beetroots_stage3_3" },  { "model": "block/beetroots_stage3_4" } ]

}
}
