{
  "variants": {
    "axis=x": [
	{"model": "minecraft:block/birch_log_horizontal", "x": 90, "y": 90},
	{"model": "minecraft:block/birch_log_horizontal2", "x": 90, "y": 90},
	{"model": "minecraft:block/birch_log_horizontal3", "x": 90, "y": 90},
	{"model": "minecraft:block/birch_log_horizontal4", "x": 90, "y": 90},
	{"model": "minecraft:block/birch_log_horizontal5", "x": 90, "y": 90}	],
    "axis=y": [ 
	{"model": "minecraft:block/birch_log"},
	{"model": "minecraft:block/birch_log2"},
	{"model": "minecraft:block/birch_log3"},
	{"model": "minecraft:block/birch_log4"},
	{"model": "minecraft:block/birch_log5"}		],
    "axis=z": [
	{"model": "minecraft:block/birch_log_horizontal", "x": 90},
	{"model": "minecraft:block/birch_log_horizontal2", "x": 90},
	{"model": "minecraft:block/birch_log_horizontal3", "x": 90},
	{"model": "minecraft:block/birch_log_horizontal4", "x": 90},
	{"model": "minecraft:block/birch_log_horizontal5", "x": 90}	]
  }
}