{
    "variants": {
        "": [
			{ "model": "block/bookshelf", "weight": 5 },
			{ "model": "block/bookshelf1", "weight": 6 },
			{ "model": "block/bookshelf2", "weight": 5 },
			{ "model": "block/bookshelf3", "weight": 6 },
			{ "model": "block/bookshelf4", "weight": 6 },
			{ "model": "block/bookshelf5", "weight": 2 },
			{ "model": "block/bookshelf6", "weight": 2 },
			{ "model": "block/bookshelf7", "weight": 6 },
			{ "model": "block/bookshelf9", "weight": 5 },
			{ "model": "block/bookshelf10", "weight": 6 },
			{ "model": "block/bookshelf11", "weight": 2 },
			{ "model": "block/bookshelf12", "weight": 2 },
			{ "model": "block/bookshelf13", "weight": 6 },
			{ "model": "block/bookshelf14", "weight": 5 }
	]
    }
}
