{
    "variants": {
        
			"type=bottom": 
			[ 
{ "model": "block/brick_slab" },
{ "model": "block/brick_slab2" }, 
{ "model": "block/brick_slab3" }, 
{ "model": "block/brick_slab4" }, 
{ "model": "block/brick_slab5" } 
			],       
			"type=top":    
[ 
{ "model": "block/brick_slab_top" },
{ "model": "block/brick_slab_top2" }, 
{ "model": "block/brick_slab_top3" }, 
{ "model": "block/brick_slab_top4" }, 
{ "model": "block/brick_slab_top5" } 
			],       
			"type=double": 
[ 
{ "model": "block/road_bricks" }, 
{ "model": "block/road_bricks2" }, 
{ "model": "block/road_bricks3" }, 
{ "model": "block/road_bricks4" }
 			]    
	}
}
