{
    "variants": {
        
"type=bottom": [
{ "model": "block/cobblestone_slab" },

{ "model": "block/cobblestone_slab2" },

{ "model": "block/cobblestone_slab3" },
{ "model": "block/cobblestone_slab4" } ],

        
"type=top": [
{ "model": "block/cobblestone_slab_top" },

{ "model": "block/cobblestone_slab_top2" },
{ "model": "block/cobblestone_slab_top3" },
{ "model": "block/cobblestone_slab_top4" }  ],
        
"type=double": [
{ "model": "block/cobblestone" },
{ "model": "block/cobblestone2" },
{ "model": "block/cobblestone3" },
{ "model": "block/cobblestone4" }  ]
    }
}
