{
    "variants": {
        
"type=bottom": [ 
{ "model": "block/end_stone_brick_slab" },

{ "model": "block/end_stone_brick_slab2" },
{ "model": "block/end_stone_brick_slab3" },
{ "model": "block/end_stone_brick_slab4" },
{ "model": "block/end_stone_brick_slab5" } ],        
"type=top": [ 
{ "model": "block/end_stone_brick_slab_top2" },
 
{ "model": "block/end_stone_brick_slab_top3" },
{ "model": "block/end_stone_brick_slab_top4" },
{ "model": "block/end_stone_brick_slab_top5" },
{ "model": "block/end_stone_brick_slab_top" } ],       
"type=double": [ 
{ "model": "block/end_stone_bricks" }
,
{ "model": "block/end_stone_bricks2" }
,
{ "model": "block/end_stone_bricks3" }
,
{ "model": "block/end_stone_bricks4" }
,
{ "model": "block/end_stone_bricks5" }
 ]    }
}
