{
  "variants": {
    "": [
		{"model": "minecraft:block/flowering_azalea_leaves"},
		{"model": "minecraft:block/flowering_azalea_leaves2"},
		{"model": "minecraft:block/flowering_azalea_leaves3"},
		{"model": "minecraft:block/flowering_azalea_leaves4"},
		{"model": "minecraft:block/flowering_azalea_leaves5"},
		{"model": "minecraft:block/flowering_azalea_leaves6"},
		{"model": "minecraft:block/flowering_azalea_leaves21"},
		{"model": "minecraft:block/flowering_azalea_leaves22"},
		{"model": "minecraft:block/flowering_azalea_leaves23"},
		{"model": "minecraft:block/flowering_azalea_leaves24"},
		{"model": "minecraft:block/flowering_azalea_leaves25"},
		{"model": "minecraft:block/flowering_azalea_leaves26"}	]
  }
}