{
  "variants": {
    "": [
		{"model": "minecraft:block/flowering_azalea"},
		{"model": "minecraft:block/flowering_azalea2"},
		{"model": "minecraft:block/flowering_azalea21"},
		{"model": "minecraft:block/flowering_azalea22"},
		{"model": "minecraft:block/flowering_azalea23"},
		{"model": "minecraft:block/flowering_azalea3"},
		{"model": "minecraft:block/flowering_azalea31"},
		{"model": "minecraft:block/flowering_azalea32"},
		{"model": "minecraft:block/flowering_azalea33"},
		{"model": "minecraft:block/flowering_azalea4"},
		{"model": "minecraft:block/flowering_azalea41"},
		{"model": "minecraft:block/flowering_azalea42"},
		{"model": "minecraft:block/flowering_azalea43"},
		{"model": "minecraft:block/flowering_azalea5"},
		{"model": "minecraft:block/flowering_azalea51"},
		{"model": "minecraft:block/flowering_azalea52"},
		{"model": "minecraft:block/flowering_azalea53"}
	]
  }
}