{
    "variants": {
        

"type=bottom": [	
			{ "model": "block/mangrove_slab" },
			{ "model": "block/mangrove_slab2" },
			{ "model": "block/mangrove_slab3" },
			{ "model": "block/mangrove_slab4" },	
			{ "model": "block/mangrove_slab5" }		],
"type=top": [	
			{ "model": "block/mangrove_slab_top" },		
			{ "model": "block/mangrove_slab_top2" },		
			{ "model": "block/mangrove_slab_top3" },
			{ "model": "block/mangrove_slab_top4" },
			{ "model": "block/mangrove_slab_top5" }	],
        

"type=double": [
			{ "model": "block/mangrove_planks" },
			{ "model": "block/mangrove_planks2" },
			{ "model": "block/mangrove_planks3" },
			{ "model": "block/mangrove_planks4" },
			{ "model": "block/mangrove_planks5" }
 ]   }
}
