{
    "variants": {
        
"type=bottom": [ { "model": "block/mossy_stone_brick_slab" },
     
{ "model": "block/mossy_stone_brick_slab2" },
{ "model": "block/mossy_stone_brick_slab3" } ],
   
"type=top": [ { "model": "block/mossy_stone_brick_slab_top" },
 
{ "model": "block/mossy_stone_brick_slab_top2" },
{ "model": "block/mossy_stone_brick_slab_top3" } ],
       
"type=double": [ { "model": "block/mossy_stone_bricks" },
{ "model": "block/mossy_stone_bricks2" },
{ "model": "block/mossy_stone_bricks3" }
 ]   }
}
