{
    "variants": {
        
"type=bottom": [ { "model": "block/nether_brick_slab" },
  
{ "model": "block/nether_brick_slab2" },
{ "model": "block/nether_brick_slab3" },
{ "model": "block/nether_brick_slab4" },
{ "model": "block/nether_brick_slab5" } ],
      
"type=top": [ { "model": "block/nether_brick_slab_top" },

{ "model": "block/nether_brick_slab_top2" },
{ "model": "block/nether_brick_slab_top3" },
{ "model": "block/nether_brick_slab_top4" },
{ "model": "block/nether_brick_slab_top5" } ],
        
"type=double": [ { "model": "block/nether_bricks" },
{ "model": "block/nether_bricks2" },
{ "model": "block/nether_bricks3" },
{ "model": "block/nether_bricks4" },
{ "model": "block/nether_bricks5" } ]
    }
}
