{
    "variants": {
        "": [
            { "model": "block/obsidian" },
            { "model": "block/obsidian", "x": 90 },
            { "model": "block/obsidian", "x": 180 },
            { "model": "block/obsidian", "x": 270 },
            { "model": "block/obsidian", "y": 90 },
            { "model": "block/obsidian", "y": 90, "x": 90 },
            { "model": "block/obsidian", "y": 90, "x": 180 },
            { "model": "block/obsidian", "y": 90, "x": 270 },
            { "model": "block/obsidian", "y": 180 },
            { "model": "block/obsidian", "y": 180, "x": 90 },
            { "model": "block/obsidian", "y": 180, "x": 180 },
            { "model": "block/obsidian", "y": 180, "x": 270 },
            { "model": "block/obsidian", "y": 270 },
            { "model": "block/obsidian", "y": 270, "x": 90 },
            { "model": "block/obsidian", "y": 270, "x": 180 },
            { "model": "block/obsidian", "y": 270, "x": 270 },

		 { "model": "block/obsidian2" },
            { "model": "block/obsidian2", "x": 90 },
            { "model": "block/obsidian2", "x": 180 },
            { "model": "block/obsidian2", "x": 270 },
            { "model": "block/obsidian2", "y": 90 },
            { "model": "block/obsidian2", "y": 90, "x": 90 },
            { "model": "block/obsidian2", "y": 90, "x": 180 },
            { "model": "block/obsidian2", "y": 90, "x": 270 },
            { "model": "block/obsidian2", "y": 180 },
            { "model": "block/obsidian2", "y": 180, "x": 90 },
            { "model": "block/obsidian2", "y": 180, "x": 180 },
            { "model": "block/obsidian2", "y": 180, "x": 270 },
            { "model": "block/obsidian2", "y": 270 },
            { "model": "block/obsidian2", "y": 270, "x": 90 },
            { "model": "block/obsidian2", "y": 270, "x": 180 },
            { "model": "block/obsidian2", "y": 270, "x": 270 },

			 { "model": "block/obsidian3" },
            { "model": "block/obsidian3", "x": 90 },
            { "model": "block/obsidian3", "x": 180 },
            { "model": "block/obsidian3", "x": 270 },
            { "model": "block/obsidian3", "y": 90 },
            { "model": "block/obsidian3", "y": 90, "x": 90 },
            { "model": "block/obsidian3", "y": 90, "x": 180 },
            { "model": "block/obsidian3", "y": 90, "x": 270 },
            { "model": "block/obsidian3", "y": 180 },
            { "model": "block/obsidian3", "y": 180, "x": 90 },
            { "model": "block/obsidian3", "y": 180, "x": 180 },
            { "model": "block/obsidian3", "y": 180, "x": 270 },
            { "model": "block/obsidian3", "y": 270 },
            { "model": "block/obsidian3", "y": 270, "x": 90 },
            { "model": "block/obsidian3", "y": 270, "x": 180 },
            { "model": "block/obsidian3", "y": 270, "x": 270 },

				 { "model": "block/obsidian4" },
            { "model": "block/obsidian4", "x": 90 },
            { "model": "block/obsidian4", "x": 180 },
            { "model": "block/obsidian4", "x": 270 },
            { "model": "block/obsidian4", "y": 90 },
            { "model": "block/obsidian4", "y": 90, "x": 90 },
            { "model": "block/obsidian4", "y": 90, "x": 180 },
            { "model": "block/obsidian4", "y": 90, "x": 270 },
            { "model": "block/obsidian4", "y": 180 },
            { "model": "block/obsidian4", "y": 180, "x": 90 },
            { "model": "block/obsidian4", "y": 180, "x": 180 },
            { "model": "block/obsidian4", "y": 180, "x": 270 },
            { "model": "block/obsidian4", "y": 270 },
            { "model": "block/obsidian4", "y": 270, "x": 90 },
            { "model": "block/obsidian4", "y": 270, "x": 180 },
            { "model": "block/obsidian4", "y": 270, "x": 270 }
        ]
    }
}
