{
    "variants": {
        "facing=east,half=bottom,shape=straight":  [
		{ "model": "block/stone_brick_stairs" },
		{ "model": "block/stone_brick_stairs2" },
		{ "model": "block/stone_brick_stairs3" },
		{ "model": "block/stone_brick_stairs4" },
		{ "model": "block/stone_brick_stairs5" },
		{ "model": "block/stone_brick_stairs6" },
		{ "model": "block/stone_brick_stairs7" },
		{ "model": "block/stone_brick_stairs8" },
		{ "model": "block/stone_brick_stairs9" },
		{ "model": "block/stone_brick_stairs10" },
		{ "model": "block/stone_brick_stairs11" },
		{ "model": "block/stone_brick_stairs12" },
		{ "model": "block/stone_brick_stairs13" },
		{ "model": "block/stone_brick_stairs14" },
		{ "model": "block/stone_brick_stairs15" },
		{ "model": "block/stone_brick_stairs16" },
		{ "model": "block/stone_brick_stairs17" },
		{ "model": "block/stone_brick_stairs18" },
		{ "model": "block/stone_brick_stairs19" },
		{ "model": "block/stone_brick_stairs20" },
		{ "model": "block/stone_brick_stairs21" },
		{ "model": "block/stone_brick_stairs22" },
		{ "model": "block/stone_brick_stairs23" },
		{ "model": "block/stone_brick_stairs24" },
		{ "model": "block/stone_brick_stairs25" },
		{ "model": "block/stone_brick_stairs26" }		
],
        "facing=west,half=bottom,shape=straight":  [
		{ "model": "block/stone_brick_stairs", "y": 180, "uvlock": true },
		{ "model": "block/stone_brick_stairs2", "y": 180, "uvlock": true },
		{ "model": "block/stone_brick_stairs3", "y": 180, "uvlock": true },
		{ "model": "block/stone_brick_stairs4", "y": 180, "uvlock": true },
		{ "model": "block/stone_brick_stairs5", "y": 180, "uvlock": true },
		{ "model": "block/stone_brick_stairs6", "y": 180, "uvlock": true },
		{ "model": "block/stone_brick_stairs7", "y": 180, "uvlock": true },
		{ "model": "block/stone_brick_stairs8", "y": 180, "uvlock": true },
		{ "model": "block/stone_brick_stairs9", "y": 180, "uvlock": true },
		{ "model": "block/stone_brick_stairs10", "y": 180, "uvlock": true },
		{ "model": "block/stone_brick_stairs11", "y": 180, "uvlock": true },
		{ "model": "block/stone_brick_stairs12", "y": 180, "uvlock": true },
		{ "model": "block/stone_brick_stairs13", "y": 180, "uvlock": true },
		{ "model": "block/stone_brick_stairs14", "y": 180, "uvlock": true },
		{ "model": "block/stone_brick_stairs15", "y": 180, "uvlock": true },
		{ "model": "block/stone_brick_stairs16", "y": 180, "uvlock": true },
		{ "model": "block/stone_brick_stairs17", "y": 180, "uvlock": true },
		{ "model": "block/stone_brick_stairs18", "y": 180, "uvlock": true },
		{ "model": "block/stone_brick_stairs19", "y": 180, "uvlock": true },
		{ "model": "block/stone_brick_stairs20", "y": 180, "uvlock": true },
		{ "model": "block/stone_brick_stairs21", "y": 180, "uvlock": true },
		{ "model": "block/stone_brick_stairs22", "y": 180, "uvlock": true },
		{ "model": "block/stone_brick_stairs23", "y": 180, "uvlock": true },
		{ "model": "block/stone_brick_stairs24", "y": 180, "uvlock": true },
		{ "model": "block/stone_brick_stairs25", "y": 180, "uvlock": true },
		{ "model": "block/stone_brick_stairs26", "y": 180, "uvlock": true }	
],
        "facing=south,half=bottom,shape=straight": [
		{ "model": "block/stone_brick_stairs", "y": 90, "uvlock": true },
		{ "model": "block/stone_brick_stairs2", "y": 90, "uvlock": true },
		{ "model": "block/stone_brick_stairs3", "y": 90, "uvlock": true },
		{ "model": "block/stone_brick_stairs4", "y": 90, "uvlock": true },
		{ "model": "block/stone_brick_stairs5", "y": 90, "uvlock": true },
		{ "model": "block/stone_brick_stairs6", "y": 90, "uvlock": true },
		{ "model": "block/stone_brick_stairs7", "y": 90, "uvlock": true },
		{ "model": "block/stone_brick_stairs8", "y": 90, "uvlock": true },
		{ "model": "block/stone_brick_stairs9", "y": 90, "uvlock": true },
		{ "model": "block/stone_brick_stairs10", "y": 90, "uvlock": true },
		{ "model": "block/stone_brick_stairs11", "y": 90, "uvlock": true },
		{ "model": "block/stone_brick_stairs12", "y": 90, "uvlock": true },
		{ "model": "block/stone_brick_stairs13", "y": 90, "uvlock": true },
		{ "model": "block/stone_brick_stairs14", "y": 90, "uvlock": true },
		{ "model": "block/stone_brick_stairs15", "y": 90, "uvlock": true },
		{ "model": "block/stone_brick_stairs16", "y": 90, "uvlock": true },
		{ "model": "block/stone_brick_stairs17", "y": 90, "uvlock": true },
		{ "model": "block/stone_brick_stairs18", "y": 90, "uvlock": true },
		{ "model": "block/stone_brick_stairs19", "y": 90, "uvlock": true },
		{ "model": "block/stone_brick_stairs20", "y": 90, "uvlock": true },
		{ "model": "block/stone_brick_stairs21", "y": 90, "uvlock": true },
		{ "model": "block/stone_brick_stairs22", "y": 90, "uvlock": true },
		{ "model": "block/stone_brick_stairs23", "y": 90, "uvlock": true },
		{ "model": "block/stone_brick_stairs24", "y": 90, "uvlock": true },
		{ "model": "block/stone_brick_stairs25", "y": 90, "uvlock": true },
		{ "model": "block/stone_brick_stairs26", "y": 90, "uvlock": true }	
],
        "facing=north,half=bottom,shape=straight": [
		{ "model": "block/stone_brick_stairs", "y": 270, "uvlock": true },
		{ "model": "block/stone_brick_stairs2", "y": 270, "uvlock": true },
		{ "model": "block/stone_brick_stairs3", "y": 270, "uvlock": true },
		{ "model": "block/stone_brick_stairs4", "y": 270, "uvlock": true },
		{ "model": "block/stone_brick_stairs5", "y": 270, "uvlock": true },
		{ "model": "block/stone_brick_stairs6", "y": 270, "uvlock": true },
		{ "model": "block/stone_brick_stairs7", "y": 270, "uvlock": true },
		{ "model": "block/stone_brick_stairs8", "y": 270, "uvlock": true },
		{ "model": "block/stone_brick_stairs9", "y": 270, "uvlock": true },
		{ "model": "block/stone_brick_stairs10", "y": 270, "uvlock": true },
		{ "model": "block/stone_brick_stairs11", "y": 270, "uvlock": true },
		{ "model": "block/stone_brick_stairs12", "y": 270, "uvlock": true },
		{ "model": "block/stone_brick_stairs13", "y": 270, "uvlock": true },
		{ "model": "block/stone_brick_stairs14", "y": 270, "uvlock": true },
		{ "model": "block/stone_brick_stairs15", "y": 270, "uvlock": true },
		{ "model": "block/stone_brick_stairs16", "y": 270, "uvlock": true },
		{ "model": "block/stone_brick_stairs17", "y": 270, "uvlock": true },
		{ "model": "block/stone_brick_stairs18", "y": 270, "uvlock": true },
		{ "model": "block/stone_brick_stairs19", "y": 270, "uvlock": true },
		{ "model": "block/stone_brick_stairs20", "y": 270, "uvlock": true },
		{ "model": "block/stone_brick_stairs21", "y": 270, "uvlock": true },
		{ "model": "block/stone_brick_stairs22", "y": 270, "uvlock": true },
		{ "model": "block/stone_brick_stairs23", "y": 270, "uvlock": true },
		{ "model": "block/stone_brick_stairs24", "y": 270, "uvlock": true },
		{ "model": "block/stone_brick_stairs25", "y": 270, "uvlock": true },
		{ "model": "block/stone_brick_stairs26", "y": 270, "uvlock": true }	
],
        "facing=east,half=bottom,shape=outer_right":  [
		{ "model": "block/stone_brick_stairs_outer" },
		{ "model": "block/stone_brick_stairs_outer2" },
		{ "model": "block/stone_brick_stairs_outer3" },
		{ "model": "block/stone_brick_stairs_outer4" },
		{ "model": "block/stone_brick_stairs_outer5" },
		{ "model": "block/stone_brick_stairs_outer6" },
		{ "model": "block/stone_brick_stairs_outer7" },
		{ "model": "block/stone_brick_stairs_outer8" },
		{ "model": "block/stone_brick_stairs_outer9" },
		{ "model": "block/stone_brick_stairs_outer10" },
		{ "model": "block/stone_brick_stairs_outer11" },
		{ "model": "block/stone_brick_stairs_outer12" },
		{ "model": "block/stone_brick_stairs_outer13" },
		{ "model": "block/stone_brick_stairs_outer14" },
		{ "model": "block/stone_brick_stairs_outer15" },
		{ "model": "block/stone_brick_stairs_outer16" },
		{ "model": "block/stone_brick_stairs_outer17" },
		{ "model": "block/stone_brick_stairs_outer18" },
		{ "model": "block/stone_brick_stairs_outer19" },
		{ "model": "block/stone_brick_stairs_outer20" },
		{ "model": "block/stone_brick_stairs_outer21" },
		{ "model": "block/stone_brick_stairs_outer22" },
		{ "model": "block/stone_brick_stairs_outer23" },
		{ "model": "block/stone_brick_stairs_outer24" },
		{ "model": "block/stone_brick_stairs_outer25" },
		{ "model": "block/stone_brick_stairs_outer26" }		
],
        "facing=west,half=bottom,shape=outer_right":  [
		{ "model": "block/stone_brick_stairs_outer", "y": 180, "uvlock": true },
		{ "model": "block/stone_brick_stairs_outer2", "y": 180, "uvlock": true },
		{ "model": "block/stone_brick_stairs_outer3", "y": 180, "uvlock": true },
		{ "model": "block/stone_brick_stairs_outer4", "y": 180, "uvlock": true },
		{ "model": "block/stone_brick_stairs_outer5", "y": 180, "uvlock": true },
		{ "model": "block/stone_brick_stairs_outer6", "y": 180, "uvlock": true },
		{ "model": "block/stone_brick_stairs_outer7", "y": 180, "uvlock": true },
		{ "model": "block/stone_brick_stairs_outer8", "y": 180, "uvlock": true },
		{ "model": "block/stone_brick_stairs_outer9", "y": 180, "uvlock": true },
		{ "model": "block/stone_brick_stairs_outer10", "y": 180, "uvlock": true },
		{ "model": "block/stone_brick_stairs_outer11", "y": 180, "uvlock": true },
		{ "model": "block/stone_brick_stairs_outer12", "y": 180, "uvlock": true },
		{ "model": "block/stone_brick_stairs_outer13", "y": 180, "uvlock": true },
		{ "model": "block/stone_brick_stairs_outer14", "y": 180, "uvlock": true },
		{ "model": "block/stone_brick_stairs_outer15", "y": 180, "uvlock": true },
		{ "model": "block/stone_brick_stairs_outer16", "y": 180, "uvlock": true },
		{ "model": "block/stone_brick_stairs_outer17", "y": 180, "uvlock": true },
		{ "model": "block/stone_brick_stairs_outer18", "y": 180, "uvlock": true },	
		{ "model": "block/stone_brick_stairs_outer19", "y": 180, "uvlock": true },
		{ "model": "block/stone_brick_stairs_outer20", "y": 180, "uvlock": true },
		{ "model": "block/stone_brick_stairs_outer21", "y": 180, "uvlock": true },
		{ "model": "block/stone_brick_stairs_outer22", "y": 180, "uvlock": true },
		{ "model": "block/stone_brick_stairs_outer23", "y": 180, "uvlock": true },
		{ "model": "block/stone_brick_stairs_outer24", "y": 180, "uvlock": true },
		{ "model": "block/stone_brick_stairs_outer25", "y": 180, "uvlock": true },
		{ "model": "block/stone_brick_stairs_outer26", "y": 180, "uvlock": true }	
],
        "facing=south,half=bottom,shape=outer_right": [
		{ "model": "block/stone_brick_stairs_outer", "y": 90, "uvlock": true },
		{ "model": "block/stone_brick_stairs_outer2", "y": 90, "uvlock": true },
		{ "model": "block/stone_brick_stairs_outer3", "y": 90, "uvlock": true },
		{ "model": "block/stone_brick_stairs_outer4", "y": 90, "uvlock": true },
		{ "model": "block/stone_brick_stairs_outer5", "y": 90, "uvlock": true },
		{ "model": "block/stone_brick_stairs_outer6", "y": 90, "uvlock": true },
		{ "model": "block/stone_brick_stairs_outer7", "y": 90, "uvlock": true },
		{ "model": "block/stone_brick_stairs_outer8", "y": 90, "uvlock": true },
		{ "model": "block/stone_brick_stairs_outer9", "y": 90, "uvlock": true },
		{ "model": "block/stone_brick_stairs_outer10", "y": 90, "uvlock": true },
		{ "model": "block/stone_brick_stairs_outer11", "y": 90, "uvlock": true },
		{ "model": "block/stone_brick_stairs_outer12", "y": 90, "uvlock": true },
		{ "model": "block/stone_brick_stairs_outer13", "y": 90, "uvlock": true },
		{ "model": "block/stone_brick_stairs_outer14", "y": 90, "uvlock": true },
		{ "model": "block/stone_brick_stairs_outer15", "y": 90, "uvlock": true },
		{ "model": "block/stone_brick_stairs_outer16", "y": 90, "uvlock": true },
		{ "model": "block/stone_brick_stairs_outer17", "y": 90, "uvlock": true },
		{ "model": "block/stone_brick_stairs_outer18", "y": 90, "uvlock": true },
		{ "model": "block/stone_brick_stairs_outer19", "y": 90, "uvlock": true },
		{ "model": "block/stone_brick_stairs_outer20", "y": 90, "uvlock": true },
		{ "model": "block/stone_brick_stairs_outer21", "y": 90, "uvlock": true },
		{ "model": "block/stone_brick_stairs_outer22", "y": 90, "uvlock": true },
		{ "model": "block/stone_brick_stairs_outer23", "y": 90, "uvlock": true },
		{ "model": "block/stone_brick_stairs_outer24", "y": 90, "uvlock": true },
		{ "model": "block/stone_brick_stairs_outer25", "y": 90, "uvlock": true },
		{ "model": "block/stone_brick_stairs_outer26", "y": 90, "uvlock": true }	
],
        "facing=north,half=bottom,shape=outer_right": [
		{ "model": "block/stone_brick_stairs_outer", "y": 270, "uvlock": true },
		{ "model": "block/stone_brick_stairs_outer2", "y": 270, "uvlock": true },
		{ "model": "block/stone_brick_stairs_outer3", "y": 270, "uvlock": true },
		{ "model": "block/stone_brick_stairs_outer4", "y": 270, "uvlock": true },
		{ "model": "block/stone_brick_stairs_outer5", "y": 270, "uvlock": true },
		{ "model": "block/stone_brick_stairs_outer6", "y": 270, "uvlock": true },
		{ "model": "block/stone_brick_stairs_outer7", "y": 270, "uvlock": true },
		{ "model": "block/stone_brick_stairs_outer8", "y": 270, "uvlock": true },
		{ "model": "block/stone_brick_stairs_outer9", "y": 270, "uvlock": true },
		{ "model": "block/stone_brick_stairs_outer10", "y": 270, "uvlock": true },
		{ "model": "block/stone_brick_stairs_outer11", "y": 270, "uvlock": true },
		{ "model": "block/stone_brick_stairs_outer12", "y": 270, "uvlock": true },
		{ "model": "block/stone_brick_stairs_outer13", "y": 270, "uvlock": true },
		{ "model": "block/stone_brick_stairs_outer14", "y": 270, "uvlock": true },
		{ "model": "block/stone_brick_stairs_outer15", "y": 270, "uvlock": true },
		{ "model": "block/stone_brick_stairs_outer16", "y": 270, "uvlock": true },
		{ "model": "block/stone_brick_stairs_outer17", "y": 270, "uvlock": true },
		{ "model": "block/stone_brick_stairs_outer18", "y": 270, "uvlock": true },
		{ "model": "block/stone_brick_stairs_outer19", "y": 270, "uvlock": true },
		{ "model": "block/stone_brick_stairs_outer20", "y": 270, "uvlock": true },
		{ "model": "block/stone_brick_stairs_outer21", "y": 270, "uvlock": true },
		{ "model": "block/stone_brick_stairs_outer22", "y": 270, "uvlock": true },
		{ "model": "block/stone_brick_stairs_outer23", "y": 270, "uvlock": true },
		{ "model": "block/stone_brick_stairs_outer24", "y": 270, "uvlock": true },
		{ "model": "block/stone_brick_stairs_outer25", "y": 270, "uvlock": true },
		{ "model": "block/stone_brick_stairs_outer26", "y": 270, "uvlock": true }	
],
        "facing=east,half=bottom,shape=outer_left":  [
		{ "model": "block/stone_brick_stairs_outer", "y": 270, "uvlock": true },
		{ "model": "block/stone_brick_stairs_outer2", "y": 270, "uvlock": true },
		{ "model": "block/stone_brick_stairs_outer3", "y": 270, "uvlock": true },
		{ "model": "block/stone_brick_stairs_outer4", "y": 270, "uvlock": true },
		{ "model": "block/stone_brick_stairs_outer5", "y": 270, "uvlock": true },
		{ "model": "block/stone_brick_stairs_outer6", "y": 270, "uvlock": true },
		{ "model": "block/stone_brick_stairs_outer7", "y": 270, "uvlock": true },
		{ "model": "block/stone_brick_stairs_outer8", "y": 270, "uvlock": true },
		{ "model": "block/stone_brick_stairs_outer9", "y": 270, "uvlock": true },
		{ "model": "block/stone_brick_stairs_outer10", "y": 270, "uvlock": true },
		{ "model": "block/stone_brick_stairs_outer11", "y": 270, "uvlock": true },
		{ "model": "block/stone_brick_stairs_outer12", "y": 270, "uvlock": true },
		{ "model": "block/stone_brick_stairs_outer13", "y": 270, "uvlock": true },
		{ "model": "block/stone_brick_stairs_outer14", "y": 270, "uvlock": true },
		{ "model": "block/stone_brick_stairs_outer15", "y": 270, "uvlock": true },
		{ "model": "block/stone_brick_stairs_outer16", "y": 270, "uvlock": true },
		{ "model": "block/stone_brick_stairs_outer17", "y": 270, "uvlock": true },
		{ "model": "block/stone_brick_stairs_outer18", "y": 270, "uvlock": true },
		{ "model": "block/stone_brick_stairs_outer19", "y": 270, "uvlock": true },
		{ "model": "block/stone_brick_stairs_outer20", "y": 270, "uvlock": true },
		{ "model": "block/stone_brick_stairs_outer21", "y": 270, "uvlock": true },
		{ "model": "block/stone_brick_stairs_outer22", "y": 270, "uvlock": true },
		{ "model": "block/stone_brick_stairs_outer23", "y": 270, "uvlock": true },
		{ "model": "block/stone_brick_stairs_outer24", "y": 270, "uvlock": true },
		{ "model": "block/stone_brick_stairs_outer25", "y": 270, "uvlock": true },
		{ "model": "block/stone_brick_stairs_outer26", "y": 270, "uvlock": true }	
],
        "facing=west,half=bottom,shape=outer_left":  [
		{ "model": "block/stone_brick_stairs_outer", "y": 90, "uvlock": true },
		{ "model": "block/stone_brick_stairs_outer2", "y": 90, "uvlock": true },
		{ "model": "block/stone_brick_stairs_outer3", "y": 90, "uvlock": true },
		{ "model": "block/stone_brick_stairs_outer4", "y": 90, "uvlock": true },
		{ "model": "block/stone_brick_stairs_outer5", "y": 90, "uvlock": true },
		{ "model": "block/stone_brick_stairs_outer6", "y": 90, "uvlock": true },
		{ "model": "block/stone_brick_stairs_outer7", "y": 90, "uvlock": true },
		{ "model": "block/stone_brick_stairs_outer8", "y": 90, "uvlock": true },
		{ "model": "block/stone_brick_stairs_outer9", "y": 90, "uvlock": true },
		{ "model": "block/stone_brick_stairs_outer10", "y": 90, "uvlock": true },
		{ "model": "block/stone_brick_stairs_outer11", "y": 90, "uvlock": true },
		{ "model": "block/stone_brick_stairs_outer12", "y": 90, "uvlock": true },
		{ "model": "block/stone_brick_stairs_outer13", "y": 90, "uvlock": true },
		{ "model": "block/stone_brick_stairs_outer14", "y": 90, "uvlock": true },
		{ "model": "block/stone_brick_stairs_outer15", "y": 90, "uvlock": true },
		{ "model": "block/stone_brick_stairs_outer16", "y": 90, "uvlock": true },
		{ "model": "block/stone_brick_stairs_outer17", "y": 90, "uvlock": true },
		{ "model": "block/stone_brick_stairs_outer18", "y": 90, "uvlock": true },
		{ "model": "block/stone_brick_stairs_outer19", "y": 90, "uvlock": true },
		{ "model": "block/stone_brick_stairs_outer20", "y": 90, "uvlock": true },
		{ "model": "block/stone_brick_stairs_outer21", "y": 90, "uvlock": true },
		{ "model": "block/stone_brick_stairs_outer22", "y": 90, "uvlock": true },
		{ "model": "block/stone_brick_stairs_outer23", "y": 90, "uvlock": true },
		{ "model": "block/stone_brick_stairs_outer24", "y": 90, "uvlock": true },
		{ "model": "block/stone_brick_stairs_outer25", "y": 90, "uvlock": true },
		{ "model": "block/stone_brick_stairs_outer26", "y": 90, "uvlock": true }		
],
        "facing=south,half=bottom,shape=outer_left": [
		{ "model": "block/stone_brick_stairs_outer" },
		{ "model": "block/stone_brick_stairs_outer2" },
		{ "model": "block/stone_brick_stairs_outer3" },
		{ "model": "block/stone_brick_stairs_outer4" },
		{ "model": "block/stone_brick_stairs_outer5" },
		{ "model": "block/stone_brick_stairs_outer6" },
		{ "model": "block/stone_brick_stairs_outer7" },
		{ "model": "block/stone_brick_stairs_outer8" },
		{ "model": "block/stone_brick_stairs_outer9" },
		{ "model": "block/stone_brick_stairs_outer10" },
		{ "model": "block/stone_brick_stairs_outer11" },
		{ "model": "block/stone_brick_stairs_outer12" },
		{ "model": "block/stone_brick_stairs_outer13" },
		{ "model": "block/stone_brick_stairs_outer14" },
		{ "model": "block/stone_brick_stairs_outer15" },
		{ "model": "block/stone_brick_stairs_outer16" },
		{ "model": "block/stone_brick_stairs_outer17" },
		{ "model": "block/stone_brick_stairs_outer18" },
		{ "model": "block/stone_brick_stairs_outer19" },
		{ "model": "block/stone_brick_stairs_outer20" },
		{ "model": "block/stone_brick_stairs_outer21" },
		{ "model": "block/stone_brick_stairs_outer22" },
		{ "model": "block/stone_brick_stairs_outer23" },
		{ "model": "block/stone_brick_stairs_outer24" },
		{ "model": "block/stone_brick_stairs_outer25" },
		{ "model": "block/stone_brick_stairs_outer26" }			
],
        "facing=north,half=bottom,shape=outer_left": [
		{ "model": "block/stone_brick_stairs_outer", "y": 180, "uvlock": true },
		{ "model": "block/stone_brick_stairs_outer2", "y": 180, "uvlock": true },
		{ "model": "block/stone_brick_stairs_outer3", "y": 180, "uvlock": true },
		{ "model": "block/stone_brick_stairs_outer4", "y": 180, "uvlock": true },
		{ "model": "block/stone_brick_stairs_outer5", "y": 180, "uvlock": true },
		{ "model": "block/stone_brick_stairs_outer6", "y": 180, "uvlock": true },
		{ "model": "block/stone_brick_stairs_outer7", "y": 180, "uvlock": true },
		{ "model": "block/stone_brick_stairs_outer8", "y": 180, "uvlock": true },
		{ "model": "block/stone_brick_stairs_outer9", "y": 180, "uvlock": true },
		{ "model": "block/stone_brick_stairs_outer10", "y": 180, "uvlock": true },
		{ "model": "block/stone_brick_stairs_outer11", "y": 180, "uvlock": true },
		{ "model": "block/stone_brick_stairs_outer12", "y": 180, "uvlock": true },
		{ "model": "block/stone_brick_stairs_outer13", "y": 180, "uvlock": true },
		{ "model": "block/stone_brick_stairs_outer14", "y": 180, "uvlock": true },
		{ "model": "block/stone_brick_stairs_outer15", "y": 180, "uvlock": true },
		{ "model": "block/stone_brick_stairs_outer16", "y": 180, "uvlock": true },
		{ "model": "block/stone_brick_stairs_outer17", "y": 180, "uvlock": true },
		{ "model": "block/stone_brick_stairs_outer18", "y": 180, "uvlock": true },
		{ "model": "block/stone_brick_stairs_outer19", "y": 180, "uvlock": true },
		{ "model": "block/stone_brick_stairs_outer20", "y": 180, "uvlock": true },
		{ "model": "block/stone_brick_stairs_outer21", "y": 180, "uvlock": true },
		{ "model": "block/stone_brick_stairs_outer22", "y": 180, "uvlock": true },
		{ "model": "block/stone_brick_stairs_outer23", "y": 180, "uvlock": true },
		{ "model": "block/stone_brick_stairs_outer24", "y": 180, "uvlock": true },
		{ "model": "block/stone_brick_stairs_outer25", "y": 180, "uvlock": true },
		{ "model": "block/stone_brick_stairs_outer26", "y": 180, "uvlock": true }		
],
        "facing=east,half=bottom,shape=inner_right":  [
		{ "model": "block/stone_brick_stairs_inner" },
		{ "model": "block/stone_brick_stairs_inner2" },
		{ "model": "block/stone_brick_stairs_inner3" },
		{ "model": "block/stone_brick_stairs_inner4" },
		{ "model": "block/stone_brick_stairs_inner5" },
		{ "model": "block/stone_brick_stairs_inner6" },
		{ "model": "block/stone_brick_stairs_inner7" },
		{ "model": "block/stone_brick_stairs_inner8" },
		{ "model": "block/stone_brick_stairs_inner9" },
		{ "model": "block/stone_brick_stairs_inner10" },
		{ "model": "block/stone_brick_stairs_inner11" },
		{ "model": "block/stone_brick_stairs_inner12" },
		{ "model": "block/stone_brick_stairs_inner13" },
		{ "model": "block/stone_brick_stairs_inner14" },
		{ "model": "block/stone_brick_stairs_inner15" },
		{ "model": "block/stone_brick_stairs_inner16" },
		{ "model": "block/stone_brick_stairs_inner17" },
		{ "model": "block/stone_brick_stairs_inner18" },
		{ "model": "block/stone_brick_stairs_inner19" },
		{ "model": "block/stone_brick_stairs_inner20" },
		{ "model": "block/stone_brick_stairs_inner21" },
		{ "model": "block/stone_brick_stairs_inner22" },
		{ "model": "block/stone_brick_stairs_inner23" },
		{ "model": "block/stone_brick_stairs_inner24" },
		{ "model": "block/stone_brick_stairs_inner25" },
		{ "model": "block/stone_brick_stairs_inner26" }		
],
        "facing=west,half=bottom,shape=inner_right":  [
		{ "model": "block/stone_brick_stairs_inner", "y": 180, "uvlock": true },
		{ "model": "block/stone_brick_stairs_inner2", "y": 180, "uvlock": true },
		{ "model": "block/stone_brick_stairs_inner3", "y": 180, "uvlock": true },
		{ "model": "block/stone_brick_stairs_inner4", "y": 180, "uvlock": true },
		{ "model": "block/stone_brick_stairs_inner5", "y": 180, "uvlock": true },
		{ "model": "block/stone_brick_stairs_inner6", "y": 180, "uvlock": true },
		{ "model": "block/stone_brick_stairs_inner7", "y": 180, "uvlock": true },
		{ "model": "block/stone_brick_stairs_inner8", "y": 180, "uvlock": true },
		{ "model": "block/stone_brick_stairs_inner9", "y": 180, "uvlock": true },
		{ "model": "block/stone_brick_stairs_inner10", "y": 180, "uvlock": true },
		{ "model": "block/stone_brick_stairs_inner11", "y": 180, "uvlock": true },
		{ "model": "block/stone_brick_stairs_inner12", "y": 180, "uvlock": true },
		{ "model": "block/stone_brick_stairs_inner13", "y": 180, "uvlock": true },
		{ "model": "block/stone_brick_stairs_inner14", "y": 180, "uvlock": true },
		{ "model": "block/stone_brick_stairs_inner15", "y": 180, "uvlock": true },
		{ "model": "block/stone_brick_stairs_inner16", "y": 180, "uvlock": true },
		{ "model": "block/stone_brick_stairs_inner17", "y": 180, "uvlock": true },
		{ "model": "block/stone_brick_stairs_inner18", "y": 180, "uvlock": true },
		{ "model": "block/stone_brick_stairs_inner19", "y": 180, "uvlock": true },
		{ "model": "block/stone_brick_stairs_inner20", "y": 180, "uvlock": true },
		{ "model": "block/stone_brick_stairs_inner21", "y": 180, "uvlock": true },
		{ "model": "block/stone_brick_stairs_inner22", "y": 180, "uvlock": true },
		{ "model": "block/stone_brick_stairs_inner23", "y": 180, "uvlock": true },
		{ "model": "block/stone_brick_stairs_inner24", "y": 180, "uvlock": true },
		{ "model": "block/stone_brick_stairs_inner25", "y": 180, "uvlock": true },
		{ "model": "block/stone_brick_stairs_inner26", "y": 180, "uvlock": true }	
],
        "facing=south,half=bottom,shape=inner_right": [
		{ "model": "block/stone_brick_stairs_inner", "y": 90, "uvlock": true },
		{ "model": "block/stone_brick_stairs_inner2", "y": 90, "uvlock": true },
		{ "model": "block/stone_brick_stairs_inner3", "y": 90, "uvlock": true },
		{ "model": "block/stone_brick_stairs_inner4", "y": 90, "uvlock": true },
		{ "model": "block/stone_brick_stairs_inner5", "y": 90, "uvlock": true },
		{ "model": "block/stone_brick_stairs_inner6", "y": 90, "uvlock": true },
		{ "model": "block/stone_brick_stairs_inner7", "y": 90, "uvlock": true },
		{ "model": "block/stone_brick_stairs_inner8", "y": 90, "uvlock": true },
		{ "model": "block/stone_brick_stairs_inner9", "y": 90, "uvlock": true },
		{ "model": "block/stone_brick_stairs_inner10", "y": 90, "uvlock": true },
		{ "model": "block/stone_brick_stairs_inner11", "y": 90, "uvlock": true },
		{ "model": "block/stone_brick_stairs_inner12", "y": 90, "uvlock": true },
		{ "model": "block/stone_brick_stairs_inner13", "y": 90, "uvlock": true },
		{ "model": "block/stone_brick_stairs_inner14", "y": 90, "uvlock": true },
		{ "model": "block/stone_brick_stairs_inner15", "y": 90, "uvlock": true },
		{ "model": "block/stone_brick_stairs_inner16", "y": 90, "uvlock": true },
		{ "model": "block/stone_brick_stairs_inner17", "y": 90, "uvlock": true },
		{ "model": "block/stone_brick_stairs_inner18", "y": 90, "uvlock": true },
		{ "model": "block/stone_brick_stairs_inner19", "y": 90, "uvlock": true },
		{ "model": "block/stone_brick_stairs_inner20", "y": 90, "uvlock": true },
		{ "model": "block/stone_brick_stairs_inner21", "y": 90, "uvlock": true },
		{ "model": "block/stone_brick_stairs_inner22", "y": 90, "uvlock": true },
		{ "model": "block/stone_brick_stairs_inner23", "y": 90, "uvlock": true },
		{ "model": "block/stone_brick_stairs_inner24", "y": 90, "uvlock": true },
		{ "model": "block/stone_brick_stairs_inner25", "y": 90, "uvlock": true },
		{ "model": "block/stone_brick_stairs_inner26", "y": 90, "uvlock": true }		
],
        "facing=north,half=bottom,shape=inner_right": [
		{ "model": "block/stone_brick_stairs_inner", "y": 270, "uvlock": true },
		{ "model": "block/stone_brick_stairs_inner2", "y": 270, "uvlock": true },
		{ "model": "block/stone_brick_stairs_inner3", "y": 270, "uvlock": true },
		{ "model": "block/stone_brick_stairs_inner4", "y": 270, "uvlock": true },
		{ "model": "block/stone_brick_stairs_inner5", "y": 270, "uvlock": true },
		{ "model": "block/stone_brick_stairs_inner6", "y": 270, "uvlock": true },
		{ "model": "block/stone_brick_stairs_inner7", "y": 270, "uvlock": true },
		{ "model": "block/stone_brick_stairs_inner8", "y": 270, "uvlock": true },
		{ "model": "block/stone_brick_stairs_inner9", "y": 270, "uvlock": true },
		{ "model": "block/stone_brick_stairs_inner10", "y": 270, "uvlock": true },
		{ "model": "block/stone_brick_stairs_inner11", "y": 270, "uvlock": true },
		{ "model": "block/stone_brick_stairs_inner12", "y": 270, "uvlock": true },
		{ "model": "block/stone_brick_stairs_inner13", "y": 270, "uvlock": true },
		{ "model": "block/stone_brick_stairs_inner14", "y": 270, "uvlock": true },
		{ "model": "block/stone_brick_stairs_inner15", "y": 270, "uvlock": true },
		{ "model": "block/stone_brick_stairs_inner16", "y": 270, "uvlock": true },
		{ "model": "block/stone_brick_stairs_inner17", "y": 270, "uvlock": true },
		{ "model": "block/stone_brick_stairs_inner18", "y": 270, "uvlock": true },
		{ "model": "block/stone_brick_stairs_inner19", "y": 270, "uvlock": true },
		{ "model": "block/stone_brick_stairs_inner20", "y": 270, "uvlock": true },
		{ "model": "block/stone_brick_stairs_inner21", "y": 270, "uvlock": true },
		{ "model": "block/stone_brick_stairs_inner22", "y": 270, "uvlock": true },
		{ "model": "block/stone_brick_stairs_inner23", "y": 270, "uvlock": true },
		{ "model": "block/stone_brick_stairs_inner24", "y": 270, "uvlock": true },
		{ "model": "block/stone_brick_stairs_inner25", "y": 270, "uvlock": true },
		{ "model": "block/stone_brick_stairs_inner26", "y": 270, "uvlock": true }	
],
	"facing=east,half=bottom,shape=inner_left":  [
		{ "model": "block/stone_brick_stairs_inner", "y": 270, "uvlock": true },
		{ "model": "block/stone_brick_stairs_inner2", "y": 270, "uvlock": true },
		{ "model": "block/stone_brick_stairs_inner3", "y": 270, "uvlock": true },
		{ "model": "block/stone_brick_stairs_inner4", "y": 270, "uvlock": true },
		{ "model": "block/stone_brick_stairs_inner5", "y": 270, "uvlock": true },
		{ "model": "block/stone_brick_stairs_inner6", "y": 270, "uvlock": true },
		{ "model": "block/stone_brick_stairs_inner7", "y": 270, "uvlock": true },
		{ "model": "block/stone_brick_stairs_inner8", "y": 270, "uvlock": true },
		{ "model": "block/stone_brick_stairs_inner9", "y": 270, "uvlock": true },
		{ "model": "block/stone_brick_stairs_inner10", "y": 270, "uvlock": true },
		{ "model": "block/stone_brick_stairs_inner11", "y": 270, "uvlock": true },
		{ "model": "block/stone_brick_stairs_inner12", "y": 270, "uvlock": true },
		{ "model": "block/stone_brick_stairs_inner13", "y": 270, "uvlock": true },
		{ "model": "block/stone_brick_stairs_inner14", "y": 270, "uvlock": true },
		{ "model": "block/stone_brick_stairs_inner15", "y": 270, "uvlock": true },
		{ "model": "block/stone_brick_stairs_inner16", "y": 270, "uvlock": true },
		{ "model": "block/stone_brick_stairs_inner17", "y": 270, "uvlock": true },
		{ "model": "block/stone_brick_stairs_inner18", "y": 270, "uvlock": true },
		{ "model": "block/stone_brick_stairs_inner19", "y": 270, "uvlock": true },
		{ "model": "block/stone_brick_stairs_inner20", "y": 270, "uvlock": true },
		{ "model": "block/stone_brick_stairs_inner21", "y": 270, "uvlock": true },
		{ "model": "block/stone_brick_stairs_inner22", "y": 270, "uvlock": true },
		{ "model": "block/stone_brick_stairs_inner23", "y": 270, "uvlock": true },
		{ "model": "block/stone_brick_stairs_inner24", "y": 270, "uvlock": true },
		{ "model": "block/stone_brick_stairs_inner25", "y": 270, "uvlock": true },
		{ "model": "block/stone_brick_stairs_inner26", "y": 270, "uvlock": true }	
],
        "facing=west,half=bottom,shape=inner_left":  [
		{ "model": "block/stone_brick_stairs_inner", "y": 90, "uvlock": true },
		{ "model": "block/stone_brick_stairs_inner2", "y": 90, "uvlock": true },
		{ "model": "block/stone_brick_stairs_inner3", "y": 90, "uvlock": true },
		{ "model": "block/stone_brick_stairs_inner4", "y": 90, "uvlock": true },
		{ "model": "block/stone_brick_stairs_inner5", "y": 90, "uvlock": true },
		{ "model": "block/stone_brick_stairs_inner6", "y": 90, "uvlock": true },
		{ "model": "block/stone_brick_stairs_inner7", "y": 90, "uvlock": true },
		{ "model": "block/stone_brick_stairs_inner8", "y": 90, "uvlock": true },
		{ "model": "block/stone_brick_stairs_inner9", "y": 90, "uvlock": true },
		{ "model": "block/stone_brick_stairs_inner10", "y": 90, "uvlock": true },
		{ "model": "block/stone_brick_stairs_inner11", "y": 90, "uvlock": true },
		{ "model": "block/stone_brick_stairs_inner12", "y": 90, "uvlock": true },
		{ "model": "block/stone_brick_stairs_inner13", "y": 90, "uvlock": true },
		{ "model": "block/stone_brick_stairs_inner14", "y": 90, "uvlock": true },
		{ "model": "block/stone_brick_stairs_inner15", "y": 90, "uvlock": true },
		{ "model": "block/stone_brick_stairs_inner16", "y": 90, "uvlock": true },
		{ "model": "block/stone_brick_stairs_inner17", "y": 90, "uvlock": true },
		{ "model": "block/stone_brick_stairs_inner18", "y": 90, "uvlock": true },
		{ "model": "block/stone_brick_stairs_inner19", "y": 90, "uvlock": true },
		{ "model": "block/stone_brick_stairs_inner20", "y": 90, "uvlock": true },
		{ "model": "block/stone_brick_stairs_inner21", "y": 90, "uvlock": true },
		{ "model": "block/stone_brick_stairs_inner22", "y": 90, "uvlock": true },
		{ "model": "block/stone_brick_stairs_inner23", "y": 90, "uvlock": true },
		{ "model": "block/stone_brick_stairs_inner24", "y": 90, "uvlock": true },
		{ "model": "block/stone_brick_stairs_inner25", "y": 90, "uvlock": true },
		{ "model": "block/stone_brick_stairs_inner26", "y": 90, "uvlock": true }		
],
        "facing=south,half=bottom,shape=inner_left": [
		{ "model": "block/stone_brick_stairs_inner" },
		{ "model": "block/stone_brick_stairs_inner2" },
		{ "model": "block/stone_brick_stairs_inner3" },
		{ "model": "block/stone_brick_stairs_inner4" },
		{ "model": "block/stone_brick_stairs_inner5" },
		{ "model": "block/stone_brick_stairs_inner6" },
		{ "model": "block/stone_brick_stairs_inner7" },
		{ "model": "block/stone_brick_stairs_inner8" },
		{ "model": "block/stone_brick_stairs_inner9" },
		{ "model": "block/stone_brick_stairs_inner10" },
		{ "model": "block/stone_brick_stairs_inner11" },
		{ "model": "block/stone_brick_stairs_inner12" },
		{ "model": "block/stone_brick_stairs_inner13" },
		{ "model": "block/stone_brick_stairs_inner14" },
		{ "model": "block/stone_brick_stairs_inner15" },
		{ "model": "block/stone_brick_stairs_inner16" },
		{ "model": "block/stone_brick_stairs_inner17" },
		{ "model": "block/stone_brick_stairs_inner18" },
		{ "model": "block/stone_brick_stairs_inner19" },
		{ "model": "block/stone_brick_stairs_inner20" },
		{ "model": "block/stone_brick_stairs_inner21" },
		{ "model": "block/stone_brick_stairs_inner22" },
		{ "model": "block/stone_brick_stairs_inner23" },
		{ "model": "block/stone_brick_stairs_inner24" },
		{ "model": "block/stone_brick_stairs_inner25" },
		{ "model": "block/stone_brick_stairs_inner26" }		
],
        "facing=north,half=bottom,shape=inner_left": [
		{ "model": "block/stone_brick_stairs_inner", "y": 180, "uvlock": true },
		{ "model": "block/stone_brick_stairs_inner2", "y": 180, "uvlock": true },	
		{ "model": "block/stone_brick_stairs_inner3", "y": 180, "uvlock": true },
		{ "model": "block/stone_brick_stairs_inner4", "y": 180, "uvlock": true },
		{ "model": "block/stone_brick_stairs_inner5", "y": 180, "uvlock": true },
		{ "model": "block/stone_brick_stairs_inner6", "y": 180, "uvlock": true },
		{ "model": "block/stone_brick_stairs_inner7", "y": 180, "uvlock": true },
		{ "model": "block/stone_brick_stairs_inner8", "y": 180, "uvlock": true },
		{ "model": "block/stone_brick_stairs_inner9", "y": 180, "uvlock": true },
		{ "model": "block/stone_brick_stairs_inner10", "y": 180, "uvlock": true },
		{ "model": "block/stone_brick_stairs_inner11", "y": 180, "uvlock": true },
		{ "model": "block/stone_brick_stairs_inner12", "y": 180, "uvlock": true },
		{ "model": "block/stone_brick_stairs_inner13", "y": 180, "uvlock": true },
		{ "model": "block/stone_brick_stairs_inner14", "y": 180, "uvlock": true },
		{ "model": "block/stone_brick_stairs_inner15", "y": 180, "uvlock": true },
		{ "model": "block/stone_brick_stairs_inner16", "y": 180, "uvlock": true },
		{ "model": "block/stone_brick_stairs_inner17", "y": 180, "uvlock": true },
		{ "model": "block/stone_brick_stairs_inner18", "y": 180, "uvlock": true },
		{ "model": "block/stone_brick_stairs_inner19", "y": 180, "uvlock": true },
		{ "model": "block/stone_brick_stairs_inner20", "y": 180, "uvlock": true },
		{ "model": "block/stone_brick_stairs_inner21", "y": 180, "uvlock": true },
		{ "model": "block/stone_brick_stairs_inner22", "y": 180, "uvlock": true },
		{ "model": "block/stone_brick_stairs_inner23", "y": 180, "uvlock": true },
		{ "model": "block/stone_brick_stairs_inner24", "y": 180, "uvlock": true },
		{ "model": "block/stone_brick_stairs_inner25", "y": 180, "uvlock": true },
		{ "model": "block/stone_brick_stairs_inner26", "y": 180, "uvlock": true }	
],
        "facing=east,half=top,shape=straight":  [
		{ "model": "block/stone_brick_stairs", "x": 180, "uvlock": true },
		{ "model": "block/stone_brick_stairs2", "x": 180, "uvlock": true },
		{ "model": "block/stone_brick_stairs3", "x": 180, "uvlock": true },
		{ "model": "block/stone_brick_stairs4", "x": 180, "uvlock": true },
		{ "model": "block/stone_brick_stairs5", "x": 180, "uvlock": true },
		{ "model": "block/stone_brick_stairs6", "x": 180, "uvlock": true },
		{ "model": "block/stone_brick_stairs7", "x": 180, "uvlock": true },
		{ "model": "block/stone_brick_stairs8", "x": 180, "uvlock": true },
		{ "model": "block/stone_brick_stairs9", "x": 180, "uvlock": true },
		{ "model": "block/stone_brick_stairs10", "x": 180, "uvlock": true },
		{ "model": "block/stone_brick_stairs11", "x": 180, "uvlock": true },
		{ "model": "block/stone_brick_stairs12", "x": 180, "uvlock": true },
		{ "model": "block/stone_brick_stairs13", "x": 180, "uvlock": true },
		{ "model": "block/stone_brick_stairs14", "x": 180, "uvlock": true },
		{ "model": "block/stone_brick_stairs15", "x": 180, "uvlock": true },
		{ "model": "block/stone_brick_stairs16", "x": 180, "uvlock": true },
		{ "model": "block/stone_brick_stairs17", "x": 180, "uvlock": true },
		{ "model": "block/stone_brick_stairs18", "x": 180, "uvlock": true },
		{ "model": "block/stone_brick_stairs19", "x": 180, "uvlock": true },
		{ "model": "block/stone_brick_stairs20", "x": 180, "uvlock": true },
		{ "model": "block/stone_brick_stairs21", "x": 180, "uvlock": true },
		{ "model": "block/stone_brick_stairs22", "x": 180, "uvlock": true },
		{ "model": "block/stone_brick_stairs23", "x": 180, "uvlock": true },
		{ "model": "block/stone_brick_stairs24", "x": 180, "uvlock": true },
		{ "model": "block/stone_brick_stairs25", "x": 180, "uvlock": true },
		{ "model": "block/stone_brick_stairs26", "x": 180, "uvlock": true }	
],
        "facing=west,half=top,shape=straight":  [
		{ "model": "block/stone_brick_stairs", "x": 180, "y": 180, "uvlock": true },
		{ "model": "block/stone_brick_stairs2", "x": 180, "y": 180, "uvlock": true },
		{ "model": "block/stone_brick_stairs3", "x": 180, "y": 180, "uvlock": true },
		{ "model": "block/stone_brick_stairs4", "x": 180, "y": 180, "uvlock": true },
		{ "model": "block/stone_brick_stairs5", "x": 180, "y": 180, "uvlock": true },
		{ "model": "block/stone_brick_stairs6", "x": 180, "y": 180, "uvlock": true },
		{ "model": "block/stone_brick_stairs7", "x": 180, "y": 180, "uvlock": true },
		{ "model": "block/stone_brick_stairs8", "x": 180, "y": 180, "uvlock": true },
		{ "model": "block/stone_brick_stairs9", "x": 180, "y": 180, "uvlock": true },
		{ "model": "block/stone_brick_stairs10", "x": 180, "y": 180, "uvlock": true },
		{ "model": "block/stone_brick_stairs11", "x": 180, "y": 180, "uvlock": true },
		{ "model": "block/stone_brick_stairs12", "x": 180, "y": 180, "uvlock": true },
		{ "model": "block/stone_brick_stairs13", "x": 180, "y": 180, "uvlock": true },
		{ "model": "block/stone_brick_stairs14", "x": 180, "y": 180, "uvlock": true },
		{ "model": "block/stone_brick_stairs15", "x": 180, "y": 180, "uvlock": true },
		{ "model": "block/stone_brick_stairs16", "x": 180, "y": 180, "uvlock": true },
		{ "model": "block/stone_brick_stairs17", "x": 180, "y": 180, "uvlock": true },
		{ "model": "block/stone_brick_stairs18", "x": 180, "y": 180, "uvlock": true },
		{ "model": "block/stone_brick_stairs19", "x": 180, "y": 180, "uvlock": true },
		{ "model": "block/stone_brick_stairs20", "x": 180, "y": 180, "uvlock": true },
		{ "model": "block/stone_brick_stairs21", "x": 180, "y": 180, "uvlock": true },
		{ "model": "block/stone_brick_stairs22", "x": 180, "y": 180, "uvlock": true },
		{ "model": "block/stone_brick_stairs23", "x": 180, "y": 180, "uvlock": true },
		{ "model": "block/stone_brick_stairs24", "x": 180, "y": 180, "uvlock": true },
		{ "model": "block/stone_brick_stairs25", "x": 180, "y": 180, "uvlock": true },
		{ "model": "block/stone_brick_stairs26", "x": 180, "y": 180, "uvlock": true }	
],
        "facing=south,half=top,shape=straight": [
		{ "model": "block/stone_brick_stairs", "x": 180, "y": 90, "uvlock": true },
		{ "model": "block/stone_brick_stairs2", "x": 180, "y": 90, "uvlock": true },
		{ "model": "block/stone_brick_stairs3", "x": 180, "y": 90, "uvlock": true },
		{ "model": "block/stone_brick_stairs4", "x": 180, "y": 90, "uvlock": true },
		{ "model": "block/stone_brick_stairs5", "x": 180, "y": 90, "uvlock": true },
		{ "model": "block/stone_brick_stairs6", "x": 180, "y": 90, "uvlock": true },
		{ "model": "block/stone_brick_stairs7", "x": 180, "y": 90, "uvlock": true },
		{ "model": "block/stone_brick_stairs8", "x": 180, "y": 90, "uvlock": true },
		{ "model": "block/stone_brick_stairs9", "x": 180, "y": 90, "uvlock": true },
		{ "model": "block/stone_brick_stairs10", "x": 180, "y": 90, "uvlock": true },
		{ "model": "block/stone_brick_stairs11", "x": 180, "y": 90, "uvlock": true },
		{ "model": "block/stone_brick_stairs12", "x": 180, "y": 90, "uvlock": true },
		{ "model": "block/stone_brick_stairs13", "x": 180, "y": 90, "uvlock": true },
		{ "model": "block/stone_brick_stairs14", "x": 180, "y": 90, "uvlock": true },
		{ "model": "block/stone_brick_stairs15", "x": 180, "y": 90, "uvlock": true },
		{ "model": "block/stone_brick_stairs16", "x": 180, "y": 90, "uvlock": true },
		{ "model": "block/stone_brick_stairs17", "x": 180, "y": 90, "uvlock": true },
		{ "model": "block/stone_brick_stairs18", "x": 180, "y": 90, "uvlock": true },
		{ "model": "block/stone_brick_stairs19", "x": 180, "y": 90, "uvlock": true },
		{ "model": "block/stone_brick_stairs20", "x": 180, "y": 90, "uvlock": true },
		{ "model": "block/stone_brick_stairs21", "x": 180, "y": 90, "uvlock": true },
		{ "model": "block/stone_brick_stairs22", "x": 180, "y": 90, "uvlock": true },
		{ "model": "block/stone_brick_stairs23", "x": 180, "y": 90, "uvlock": true },
		{ "model": "block/stone_brick_stairs24", "x": 180, "y": 90, "uvlock": true },
		{ "model": "block/stone_brick_stairs25", "x": 180, "y": 90, "uvlock": true },
		{ "model": "block/stone_brick_stairs26", "x": 180, "y": 90, "uvlock": true }	
],
        "facing=north,half=top,shape=straight": [
		{ "model": "block/stone_brick_stairs", "x": 180, "y": 270, "uvlock": true },
		{ "model": "block/stone_brick_stairs2", "x": 180, "y": 270, "uvlock": true },
		{ "model": "block/stone_brick_stairs3", "x": 180, "y": 270, "uvlock": true },
		{ "model": "block/stone_brick_stairs4", "x": 180, "y": 270, "uvlock": true },
		{ "model": "block/stone_brick_stairs5", "x": 180, "y": 270, "uvlock": true },
		{ "model": "block/stone_brick_stairs6", "x": 180, "y": 270, "uvlock": true },
		{ "model": "block/stone_brick_stairs7", "x": 180, "y": 270, "uvlock": true },
		{ "model": "block/stone_brick_stairs8", "x": 180, "y": 270, "uvlock": true },
		{ "model": "block/stone_brick_stairs9", "x": 180, "y": 270, "uvlock": true },
		{ "model": "block/stone_brick_stairs10", "x": 180, "y": 270, "uvlock": true },
		{ "model": "block/stone_brick_stairs11", "x": 180, "y": 270, "uvlock": true },
		{ "model": "block/stone_brick_stairs12", "x": 180, "y": 270, "uvlock": true },
		{ "model": "block/stone_brick_stairs13", "x": 180, "y": 270, "uvlock": true },
		{ "model": "block/stone_brick_stairs14", "x": 180, "y": 270, "uvlock": true },
		{ "model": "block/stone_brick_stairs15", "x": 180, "y": 270, "uvlock": true },
		{ "model": "block/stone_brick_stairs16", "x": 180, "y": 270, "uvlock": true },
		{ "model": "block/stone_brick_stairs17", "x": 180, "y": 270, "uvlock": true },
		{ "model": "block/stone_brick_stairs18", "x": 180, "y": 270, "uvlock": true },
		{ "model": "block/stone_brick_stairs19", "x": 180, "y": 270, "uvlock": true },
		{ "model": "block/stone_brick_stairs20", "x": 180, "y": 270, "uvlock": true },
		{ "model": "block/stone_brick_stairs21", "x": 180, "y": 270, "uvlock": true },
		{ "model": "block/stone_brick_stairs22", "x": 180, "y": 270, "uvlock": true },
		{ "model": "block/stone_brick_stairs23", "x": 180, "y": 270, "uvlock": true },
		{ "model": "block/stone_brick_stairs24", "x": 180, "y": 270, "uvlock": true },
		{ "model": "block/stone_brick_stairs25", "x": 180, "y": 270, "uvlock": true },
		{ "model": "block/stone_brick_stairs26", "x": 180, "y": 270, "uvlock": true }	
],
        "facing=east,half=top,shape=outer_right":  [
		{ "model": "block/stone_brick_stairs_outer", "x": 180, "y": 90, "uvlock": true },
		{ "model": "block/stone_brick_stairs_outer2", "x": 180, "y": 90, "uvlock": true },
		{ "model": "block/stone_brick_stairs_outer3", "x": 180, "y": 90, "uvlock": true },
		{ "model": "block/stone_brick_stairs_outer4", "x": 180, "y": 90, "uvlock": true },
		{ "model": "block/stone_brick_stairs_outer5", "x": 180, "y": 90, "uvlock": true },
		{ "model": "block/stone_brick_stairs_outer6", "x": 180, "y": 90, "uvlock": true },
		{ "model": "block/stone_brick_stairs_outer7", "x": 180, "y": 90, "uvlock": true },
		{ "model": "block/stone_brick_stairs_outer8", "x": 180, "y": 90, "uvlock": true },
		{ "model": "block/stone_brick_stairs_outer9", "x": 180, "y": 90, "uvlock": true },
		{ "model": "block/stone_brick_stairs_outer10", "x": 180, "y": 90, "uvlock": true },
		{ "model": "block/stone_brick_stairs_outer11", "x": 180, "y": 90, "uvlock": true },
		{ "model": "block/stone_brick_stairs_outer12", "x": 180, "y": 90, "uvlock": true },
		{ "model": "block/stone_brick_stairs_outer13", "x": 180, "y": 90, "uvlock": true },
		{ "model": "block/stone_brick_stairs_outer14", "x": 180, "y": 90, "uvlock": true },
		{ "model": "block/stone_brick_stairs_outer15", "x": 180, "y": 90, "uvlock": true },
		{ "model": "block/stone_brick_stairs_outer16", "x": 180, "y": 90, "uvlock": true },
		{ "model": "block/stone_brick_stairs_outer17", "x": 180, "y": 90, "uvlock": true },
		{ "model": "block/stone_brick_stairs_outer18", "x": 180, "y": 90, "uvlock": true },
		{ "model": "block/stone_brick_stairs_outer19", "x": 180, "y": 90, "uvlock": true },
		{ "model": "block/stone_brick_stairs_outer20", "x": 180, "y": 90, "uvlock": true },
		{ "model": "block/stone_brick_stairs_outer21", "x": 180, "y": 90, "uvlock": true },
		{ "model": "block/stone_brick_stairs_outer22", "x": 180, "y": 90, "uvlock": true },
		{ "model": "block/stone_brick_stairs_outer23", "x": 180, "y": 90, "uvlock": true },
		{ "model": "block/stone_brick_stairs_outer24", "x": 180, "y": 90, "uvlock": true },
		{ "model": "block/stone_brick_stairs_outer25", "x": 180, "y": 90, "uvlock": true },
		{ "model": "block/stone_brick_stairs_outer26", "x": 180, "y": 90, "uvlock": true }	
],
        "facing=west,half=top,shape=outer_right":  [
		{ "model": "block/stone_brick_stairs_outer", "x": 180, "y": 270, "uvlock": true },
		{ "model": "block/stone_brick_stairs_outer2", "x": 180, "y": 270, "uvlock": true },
		{ "model": "block/stone_brick_stairs_outer3", "x": 180, "y": 270, "uvlock": true },
		{ "model": "block/stone_brick_stairs_outer4", "x": 180, "y": 270, "uvlock": true },
		{ "model": "block/stone_brick_stairs_outer5", "x": 180, "y": 270, "uvlock": true },
		{ "model": "block/stone_brick_stairs_outer6", "x": 180, "y": 270, "uvlock": true },
		{ "model": "block/stone_brick_stairs_outer7", "x": 180, "y": 270, "uvlock": true },
		{ "model": "block/stone_brick_stairs_outer8", "x": 180, "y": 270, "uvlock": true },
		{ "model": "block/stone_brick_stairs_outer9", "x": 180, "y": 270, "uvlock": true },
		{ "model": "block/stone_brick_stairs_outer10", "x": 180, "y": 270, "uvlock": true },
		{ "model": "block/stone_brick_stairs_outer11", "x": 180, "y": 270, "uvlock": true },
		{ "model": "block/stone_brick_stairs_outer12", "x": 180, "y": 270, "uvlock": true },
		{ "model": "block/stone_brick_stairs_outer13", "x": 180, "y": 270, "uvlock": true },
		{ "model": "block/stone_brick_stairs_outer14", "x": 180, "y": 270, "uvlock": true },
		{ "model": "block/stone_brick_stairs_outer15", "x": 180, "y": 270, "uvlock": true },
		{ "model": "block/stone_brick_stairs_outer16", "x": 180, "y": 270, "uvlock": true },
		{ "model": "block/stone_brick_stairs_outer17", "x": 180, "y": 270, "uvlock": true },
		{ "model": "block/stone_brick_stairs_outer18", "x": 180, "y": 270, "uvlock": true },
		{ "model": "block/stone_brick_stairs_outer19", "x": 180, "y": 270, "uvlock": true },
		{ "model": "block/stone_brick_stairs_outer20", "x": 180, "y": 270, "uvlock": true },
		{ "model": "block/stone_brick_stairs_outer21", "x": 180, "y": 270, "uvlock": true },
		{ "model": "block/stone_brick_stairs_outer22", "x": 180, "y": 270, "uvlock": true },
		{ "model": "block/stone_brick_stairs_outer23", "x": 180, "y": 270, "uvlock": true },
		{ "model": "block/stone_brick_stairs_outer24", "x": 180, "y": 270, "uvlock": true },
		{ "model": "block/stone_brick_stairs_outer25", "x": 180, "y": 270, "uvlock": true },
		{ "model": "block/stone_brick_stairs_outer26", "x": 180, "y": 270, "uvlock": true }
],
        "facing=south,half=top,shape=outer_right": [
		{ "model": "block/stone_brick_stairs_outer", "x": 180, "y": 180, "uvlock": true },
		{ "model": "block/stone_brick_stairs_outer2", "x": 180, "y": 180, "uvlock": true },
		{ "model": "block/stone_brick_stairs_outer3", "x": 180, "y": 180, "uvlock": true },
		{ "model": "block/stone_brick_stairs_outer4", "x": 180, "y": 180, "uvlock": true },
		{ "model": "block/stone_brick_stairs_outer5", "x": 180, "y": 180, "uvlock": true },
		{ "model": "block/stone_brick_stairs_outer6", "x": 180, "y": 180, "uvlock": true },
		{ "model": "block/stone_brick_stairs_outer7", "x": 180, "y": 180, "uvlock": true },
		{ "model": "block/stone_brick_stairs_outer8", "x": 180, "y": 180, "uvlock": true },
		{ "model": "block/stone_brick_stairs_outer9", "x": 180, "y": 180, "uvlock": true },
		{ "model": "block/stone_brick_stairs_outer10", "x": 180, "y": 180, "uvlock": true },
		{ "model": "block/stone_brick_stairs_outer11", "x": 180, "y": 180, "uvlock": true },
		{ "model": "block/stone_brick_stairs_outer12", "x": 180, "y": 180, "uvlock": true },
		{ "model": "block/stone_brick_stairs_outer13", "x": 180, "y": 180, "uvlock": true },
		{ "model": "block/stone_brick_stairs_outer14", "x": 180, "y": 180, "uvlock": true },
		{ "model": "block/stone_brick_stairs_outer15", "x": 180, "y": 180, "uvlock": true },
		{ "model": "block/stone_brick_stairs_outer16", "x": 180, "y": 180, "uvlock": true },
		{ "model": "block/stone_brick_stairs_outer17", "x": 180, "y": 180, "uvlock": true },
		{ "model": "block/stone_brick_stairs_outer18", "x": 180, "y": 180, "uvlock": true },
		{ "model": "block/stone_brick_stairs_outer19", "x": 180, "y": 180, "uvlock": true },
		{ "model": "block/stone_brick_stairs_outer20", "x": 180, "y": 180, "uvlock": true },
		{ "model": "block/stone_brick_stairs_outer21", "x": 180, "y": 180, "uvlock": true },
		{ "model": "block/stone_brick_stairs_outer22", "x": 180, "y": 180, "uvlock": true },
		{ "model": "block/stone_brick_stairs_outer23", "x": 180, "y": 180, "uvlock": true },
		{ "model": "block/stone_brick_stairs_outer24", "x": 180, "y": 180, "uvlock": true },
		{ "model": "block/stone_brick_stairs_outer25", "x": 180, "y": 180, "uvlock": true },
		{ "model": "block/stone_brick_stairs_outer26", "x": 180, "y": 180, "uvlock": true }	
],
        "facing=north,half=top,shape=outer_right": [
		{ "model": "block/stone_brick_stairs_outer", "x": 180, "uvlock": true },
		{ "model": "block/stone_brick_stairs_outer2", "x": 180, "uvlock": true },
		{ "model": "block/stone_brick_stairs_outer3", "x": 180, "uvlock": true },
		{ "model": "block/stone_brick_stairs_outer4", "x": 180, "uvlock": true },
		{ "model": "block/stone_brick_stairs_outer5", "x": 180, "uvlock": true },
		{ "model": "block/stone_brick_stairs_outer6", "x": 180, "uvlock": true },
		{ "model": "block/stone_brick_stairs_outer7", "x": 180, "uvlock": true },
		{ "model": "block/stone_brick_stairs_outer8", "x": 180, "uvlock": true },
		{ "model": "block/stone_brick_stairs_outer9", "x": 180, "uvlock": true },
		{ "model": "block/stone_brick_stairs_outer10", "x": 180, "uvlock": true },
		{ "model": "block/stone_brick_stairs_outer11", "x": 180, "uvlock": true },
		{ "model": "block/stone_brick_stairs_outer12", "x": 180, "uvlock": true },
		{ "model": "block/stone_brick_stairs_outer13", "x": 180, "uvlock": true },
		{ "model": "block/stone_brick_stairs_outer14", "x": 180, "uvlock": true },
		{ "model": "block/stone_brick_stairs_outer15", "x": 180, "uvlock": true },
		{ "model": "block/stone_brick_stairs_outer16", "x": 180, "uvlock": true },
		{ "model": "block/stone_brick_stairs_outer17", "x": 180, "uvlock": true },
		{ "model": "block/stone_brick_stairs_outer18", "x": 180, "uvlock": true },
		{ "model": "block/stone_brick_stairs_outer19", "x": 180, "uvlock": true },
		{ "model": "block/stone_brick_stairs_outer20", "x": 180, "uvlock": true },
		{ "model": "block/stone_brick_stairs_outer21", "x": 180, "uvlock": true },
		{ "model": "block/stone_brick_stairs_outer22", "x": 180, "uvlock": true },
		{ "model": "block/stone_brick_stairs_outer23", "x": 180, "uvlock": true },
		{ "model": "block/stone_brick_stairs_outer24", "x": 180, "uvlock": true },
		{ "model": "block/stone_brick_stairs_outer25", "x": 180, "uvlock": true },
		{ "model": "block/stone_brick_stairs_outer26", "x": 180, "uvlock": true }
],
        "facing=east,half=top,shape=outer_left":  [
		{ "model": "block/stone_brick_stairs_outer", "x": 180, "uvlock": true },
		{ "model": "block/stone_brick_stairs_outer2", "x": 180, "uvlock": true },
		{ "model": "block/stone_brick_stairs_outer3", "x": 180, "uvlock": true },
		{ "model": "block/stone_brick_stairs_outer4", "x": 180, "uvlock": true },
		{ "model": "block/stone_brick_stairs_outer5", "x": 180, "uvlock": true },
		{ "model": "block/stone_brick_stairs_outer6", "x": 180, "uvlock": true },
		{ "model": "block/stone_brick_stairs_outer7", "x": 180, "uvlock": true },
		{ "model": "block/stone_brick_stairs_outer8", "x": 180, "uvlock": true },
		{ "model": "block/stone_brick_stairs_outer9", "x": 180, "uvlock": true },
		{ "model": "block/stone_brick_stairs_outer10", "x": 180, "uvlock": true },
		{ "model": "block/stone_brick_stairs_outer11", "x": 180, "uvlock": true },
		{ "model": "block/stone_brick_stairs_outer12", "x": 180, "uvlock": true },
		{ "model": "block/stone_brick_stairs_outer13", "x": 180, "uvlock": true },
		{ "model": "block/stone_brick_stairs_outer14", "x": 180, "uvlock": true },
		{ "model": "block/stone_brick_stairs_outer15", "x": 180, "uvlock": true },
		{ "model": "block/stone_brick_stairs_outer16", "x": 180, "uvlock": true },
		{ "model": "block/stone_brick_stairs_outer17", "x": 180, "uvlock": true },
		{ "model": "block/stone_brick_stairs_outer18", "x": 180, "uvlock": true },
		{ "model": "block/stone_brick_stairs_outer19", "x": 180, "uvlock": true },
		{ "model": "block/stone_brick_stairs_outer20", "x": 180, "uvlock": true },
		{ "model": "block/stone_brick_stairs_outer21", "x": 180, "uvlock": true },
		{ "model": "block/stone_brick_stairs_outer22", "x": 180, "uvlock": true },
		{ "model": "block/stone_brick_stairs_outer23", "x": 180, "uvlock": true },
		{ "model": "block/stone_brick_stairs_outer24", "x": 180, "uvlock": true },
		{ "model": "block/stone_brick_stairs_outer25", "x": 180, "uvlock": true },
		{ "model": "block/stone_brick_stairs_outer26", "x": 180, "uvlock": true }
],
        "facing=west,half=top,shape=outer_left":  [
		{ "model": "block/stone_brick_stairs_outer", "x": 180, "y": 180, "uvlock": true },
		{ "model": "block/stone_brick_stairs_outer2", "x": 180, "y": 180, "uvlock": true },
		{ "model": "block/stone_brick_stairs_outer3", "x": 180, "y": 180, "uvlock": true },
		{ "model": "block/stone_brick_stairs_outer4", "x": 180, "y": 180, "uvlock": true },
		{ "model": "block/stone_brick_stairs_outer5", "x": 180, "y": 180, "uvlock": true },
		{ "model": "block/stone_brick_stairs_outer6", "x": 180, "y": 180, "uvlock": true },
		{ "model": "block/stone_brick_stairs_outer7", "x": 180, "y": 180, "uvlock": true },
		{ "model": "block/stone_brick_stairs_outer8", "x": 180, "y": 180, "uvlock": true },
		{ "model": "block/stone_brick_stairs_outer9", "x": 180, "y": 180, "uvlock": true },
		{ "model": "block/stone_brick_stairs_outer10", "x": 180, "y": 180, "uvlock": true },
		{ "model": "block/stone_brick_stairs_outer11", "x": 180, "y": 180, "uvlock": true },
		{ "model": "block/stone_brick_stairs_outer12", "x": 180, "y": 180, "uvlock": true },
		{ "model": "block/stone_brick_stairs_outer13", "x": 180, "y": 180, "uvlock": true },
		{ "model": "block/stone_brick_stairs_outer14", "x": 180, "y": 180, "uvlock": true },
		{ "model": "block/stone_brick_stairs_outer15", "x": 180, "y": 180, "uvlock": true },
		{ "model": "block/stone_brick_stairs_outer16", "x": 180, "y": 180, "uvlock": true },
		{ "model": "block/stone_brick_stairs_outer17", "x": 180, "y": 180, "uvlock": true },
		{ "model": "block/stone_brick_stairs_outer18", "x": 180, "y": 180, "uvlock": true },
		{ "model": "block/stone_brick_stairs_outer19", "x": 180, "y": 180, "uvlock": true },
		{ "model": "block/stone_brick_stairs_outer20", "x": 180, "y": 180, "uvlock": true },
		{ "model": "block/stone_brick_stairs_outer21", "x": 180, "y": 180, "uvlock": true },
		{ "model": "block/stone_brick_stairs_outer22", "x": 180, "y": 180, "uvlock": true },
		{ "model": "block/stone_brick_stairs_outer23", "x": 180, "y": 180, "uvlock": true },
		{ "model": "block/stone_brick_stairs_outer24", "x": 180, "y": 180, "uvlock": true },
		{ "model": "block/stone_brick_stairs_outer25", "x": 180, "y": 180, "uvlock": true },
		{ "model": "block/stone_brick_stairs_outer26", "x": 180, "y": 180, "uvlock": true }		
],
        "facing=south,half=top,shape=outer_left": [
		{ "model": "block/stone_brick_stairs_outer", "x": 180, "y": 90, "uvlock": true },		
		{ "model": "block/stone_brick_stairs_outer2", "x": 180, "y": 90, "uvlock": true },
		{ "model": "block/stone_brick_stairs_outer3", "x": 180, "y": 90, "uvlock": true },
		{ "model": "block/stone_brick_stairs_outer4", "x": 180, "y": 90, "uvlock": true },
		{ "model": "block/stone_brick_stairs_outer5", "x": 180, "y": 90, "uvlock": true },
		{ "model": "block/stone_brick_stairs_outer6", "x": 180, "y": 90, "uvlock": true },
		{ "model": "block/stone_brick_stairs_outer7", "x": 180, "y": 90, "uvlock": true },
		{ "model": "block/stone_brick_stairs_outer8", "x": 180, "y": 90, "uvlock": true },
		{ "model": "block/stone_brick_stairs_outer9", "x": 180, "y": 90, "uvlock": true },
		{ "model": "block/stone_brick_stairs_outer10", "x": 180, "y": 90, "uvlock": true },
		{ "model": "block/stone_brick_stairs_outer11", "x": 180, "y": 90, "uvlock": true },
		{ "model": "block/stone_brick_stairs_outer12", "x": 180, "y": 90, "uvlock": true },
		{ "model": "block/stone_brick_stairs_outer13", "x": 180, "y": 90, "uvlock": true },
		{ "model": "block/stone_brick_stairs_outer14", "x": 180, "y": 90, "uvlock": true },
		{ "model": "block/stone_brick_stairs_outer15", "x": 180, "y": 90, "uvlock": true },
		{ "model": "block/stone_brick_stairs_outer16", "x": 180, "y": 90, "uvlock": true },
		{ "model": "block/stone_brick_stairs_outer17", "x": 180, "y": 90, "uvlock": true },
		{ "model": "block/stone_brick_stairs_outer18", "x": 180, "y": 90, "uvlock": true },
		{ "model": "block/stone_brick_stairs_outer19", "x": 180, "y": 90, "uvlock": true },
		{ "model": "block/stone_brick_stairs_outer20", "x": 180, "y": 90, "uvlock": true },
		{ "model": "block/stone_brick_stairs_outer21", "x": 180, "y": 90, "uvlock": true },
		{ "model": "block/stone_brick_stairs_outer22", "x": 180, "y": 90, "uvlock": true },
		{ "model": "block/stone_brick_stairs_outer23", "x": 180, "y": 90, "uvlock": true },
		{ "model": "block/stone_brick_stairs_outer24", "x": 180, "y": 90, "uvlock": true },
		{ "model": "block/stone_brick_stairs_outer25", "x": 180, "y": 90, "uvlock": true },
		{ "model": "block/stone_brick_stairs_outer26", "x": 180, "y": 90, "uvlock": true }	
],
        "facing=north,half=top,shape=outer_left": [
		{ "model": "block/stone_brick_stairs_outer", "x": 180, "y": 270, "uvlock": true },
		{ "model": "block/stone_brick_stairs_outer2", "x": 180, "y": 270, "uvlock": true },
		{ "model": "block/stone_brick_stairs_outer3", "x": 180, "y": 270, "uvlock": true },
		{ "model": "block/stone_brick_stairs_outer4", "x": 180, "y": 270, "uvlock": true },
		{ "model": "block/stone_brick_stairs_outer5", "x": 180, "y": 270, "uvlock": true },
		{ "model": "block/stone_brick_stairs_outer6", "x": 180, "y": 270, "uvlock": true },
		{ "model": "block/stone_brick_stairs_outer7", "x": 180, "y": 270, "uvlock": true },
		{ "model": "block/stone_brick_stairs_outer8", "x": 180, "y": 270, "uvlock": true },
		{ "model": "block/stone_brick_stairs_outer9", "x": 180, "y": 270, "uvlock": true },
		{ "model": "block/stone_brick_stairs_outer10", "x": 180, "y": 270, "uvlock": true },
		{ "model": "block/stone_brick_stairs_outer11", "x": 180, "y": 270, "uvlock": true },
		{ "model": "block/stone_brick_stairs_outer12", "x": 180, "y": 270, "uvlock": true },
		{ "model": "block/stone_brick_stairs_outer13", "x": 180, "y": 270, "uvlock": true },
		{ "model": "block/stone_brick_stairs_outer14", "x": 180, "y": 270, "uvlock": true },
		{ "model": "block/stone_brick_stairs_outer15", "x": 180, "y": 270, "uvlock": true },
		{ "model": "block/stone_brick_stairs_outer16", "x": 180, "y": 270, "uvlock": true },
		{ "model": "block/stone_brick_stairs_outer17", "x": 180, "y": 270, "uvlock": true },
		{ "model": "block/stone_brick_stairs_outer18", "x": 180, "y": 270, "uvlock": true },
		{ "model": "block/stone_brick_stairs_outer19", "x": 180, "y": 270, "uvlock": true },
		{ "model": "block/stone_brick_stairs_outer20", "x": 180, "y": 270, "uvlock": true },
		{ "model": "block/stone_brick_stairs_outer21", "x": 180, "y": 270, "uvlock": true },
		{ "model": "block/stone_brick_stairs_outer22", "x": 180, "y": 270, "uvlock": true },
		{ "model": "block/stone_brick_stairs_outer23", "x": 180, "y": 270, "uvlock": true },
		{ "model": "block/stone_brick_stairs_outer24", "x": 180, "y": 270, "uvlock": true },
		{ "model": "block/stone_brick_stairs_outer25", "x": 180, "y": 270, "uvlock": true },
		{ "model": "block/stone_brick_stairs_outer26", "x": 180, "y": 270, "uvlock": true }	
],
        "facing=east,half=top,shape=inner_right":  [
		{ "model": "block/stone_brick_stairs_inner", "x": 180, "y": 90, "uvlock": true },
		{ "model": "block/stone_brick_stairs_inner2", "x": 180, "y": 90, "uvlock": true },
		{ "model": "block/stone_brick_stairs_inner3", "x": 180, "y": 90, "uvlock": true },
		{ "model": "block/stone_brick_stairs_inner4", "x": 180, "y": 90, "uvlock": true },
		{ "model": "block/stone_brick_stairs_inner5", "x": 180, "y": 90, "uvlock": true },
		{ "model": "block/stone_brick_stairs_inner6", "x": 180, "y": 90, "uvlock": true },
		{ "model": "block/stone_brick_stairs_inner7", "x": 180, "y": 90, "uvlock": true },
		{ "model": "block/stone_brick_stairs_inner8", "x": 180, "y": 90, "uvlock": true },
		{ "model": "block/stone_brick_stairs_inner9", "x": 180, "y": 90, "uvlock": true },
		{ "model": "block/stone_brick_stairs_inner10", "x": 180, "y": 90, "uvlock": true },
		{ "model": "block/stone_brick_stairs_inner11", "x": 180, "y": 90, "uvlock": true },
		{ "model": "block/stone_brick_stairs_inner12", "x": 180, "y": 90, "uvlock": true },
		{ "model": "block/stone_brick_stairs_inner13", "x": 180, "y": 90, "uvlock": true },
		{ "model": "block/stone_brick_stairs_inner14", "x": 180, "y": 90, "uvlock": true },
		{ "model": "block/stone_brick_stairs_inner15", "x": 180, "y": 90, "uvlock": true },
		{ "model": "block/stone_brick_stairs_inner16", "x": 180, "y": 90, "uvlock": true },
		{ "model": "block/stone_brick_stairs_inner17", "x": 180, "y": 90, "uvlock": true },
		{ "model": "block/stone_brick_stairs_inner18", "x": 180, "y": 90, "uvlock": true },
		{ "model": "block/stone_brick_stairs_inner19", "x": 180, "y": 90, "uvlock": true },
		{ "model": "block/stone_brick_stairs_inner20", "x": 180, "y": 90, "uvlock": true },
		{ "model": "block/stone_brick_stairs_inner21", "x": 180, "y": 90, "uvlock": true },
		{ "model": "block/stone_brick_stairs_inner22", "x": 180, "y": 90, "uvlock": true },
		{ "model": "block/stone_brick_stairs_inner23", "x": 180, "y": 90, "uvlock": true },
		{ "model": "block/stone_brick_stairs_inner24", "x": 180, "y": 90, "uvlock": true },
		{ "model": "block/stone_brick_stairs_inner25", "x": 180, "y": 90, "uvlock": true },
		{ "model": "block/stone_brick_stairs_inner26", "x": 180, "y": 90, "uvlock": true }	
],
        "facing=west,half=top,shape=inner_right":  [
		{ "model": "block/stone_brick_stairs_inner", "x": 180, "y": 270, "uvlock": true },
		{ "model": "block/stone_brick_stairs_inner2", "x": 180, "y": 270, "uvlock": true },
		{ "model": "block/stone_brick_stairs_inner3", "x": 180, "y": 270, "uvlock": true },
		{ "model": "block/stone_brick_stairs_inner4", "x": 180, "y": 270, "uvlock": true },
		{ "model": "block/stone_brick_stairs_inner5", "x": 180, "y": 270, "uvlock": true },
		{ "model": "block/stone_brick_stairs_inner6", "x": 180, "y": 270, "uvlock": true },
		{ "model": "block/stone_brick_stairs_inner7", "x": 180, "y": 270, "uvlock": true },
		{ "model": "block/stone_brick_stairs_inner8", "x": 180, "y": 270, "uvlock": true },
		{ "model": "block/stone_brick_stairs_inner9", "x": 180, "y": 270, "uvlock": true },
		{ "model": "block/stone_brick_stairs_inner10", "x": 180, "y": 270, "uvlock": true },
		{ "model": "block/stone_brick_stairs_inner11", "x": 180, "y": 270, "uvlock": true },
		{ "model": "block/stone_brick_stairs_inner12", "x": 180, "y": 270, "uvlock": true },
		{ "model": "block/stone_brick_stairs_inner13", "x": 180, "y": 270, "uvlock": true },
		{ "model": "block/stone_brick_stairs_inner14", "x": 180, "y": 270, "uvlock": true },
		{ "model": "block/stone_brick_stairs_inner15", "x": 180, "y": 270, "uvlock": true },
		{ "model": "block/stone_brick_stairs_inner16", "x": 180, "y": 270, "uvlock": true },
		{ "model": "block/stone_brick_stairs_inner17", "x": 180, "y": 270, "uvlock": true },
		{ "model": "block/stone_brick_stairs_inner18", "x": 180, "y": 270, "uvlock": true },
		{ "model": "block/stone_brick_stairs_inner19", "x": 180, "y": 270, "uvlock": true },
		{ "model": "block/stone_brick_stairs_inner20", "x": 180, "y": 270, "uvlock": true },
		{ "model": "block/stone_brick_stairs_inner21", "x": 180, "y": 270, "uvlock": true },
		{ "model": "block/stone_brick_stairs_inner22", "x": 180, "y": 270, "uvlock": true },
		{ "model": "block/stone_brick_stairs_inner23", "x": 180, "y": 270, "uvlock": true },
		{ "model": "block/stone_brick_stairs_inner24", "x": 180, "y": 270, "uvlock": true },
		{ "model": "block/stone_brick_stairs_inner25", "x": 180, "y": 270, "uvlock": true },
		{ "model": "block/stone_brick_stairs_inner26", "x": 180, "y": 270, "uvlock": true }	
],
        "facing=south,half=top,shape=inner_right": [
		{ "model": "block/stone_brick_stairs_inner", "x": 180, "y": 180, "uvlock": true },
		{ "model": "block/stone_brick_stairs_inner2", "x": 180, "y": 180, "uvlock": true },
		{ "model": "block/stone_brick_stairs_inner3", "x": 180, "y": 180, "uvlock": true },
		{ "model": "block/stone_brick_stairs_inner4", "x": 180, "y": 180, "uvlock": true },
		{ "model": "block/stone_brick_stairs_inner5", "x": 180, "y": 180, "uvlock": true },
		{ "model": "block/stone_brick_stairs_inner6", "x": 180, "y": 180, "uvlock": true },
		{ "model": "block/stone_brick_stairs_inner7", "x": 180, "y": 180, "uvlock": true },
		{ "model": "block/stone_brick_stairs_inner8", "x": 180, "y": 180, "uvlock": true },
		{ "model": "block/stone_brick_stairs_inner9", "x": 180, "y": 180, "uvlock": true },
		{ "model": "block/stone_brick_stairs_inner10", "x": 180, "y": 180, "uvlock": true },
		{ "model": "block/stone_brick_stairs_inner11", "x": 180, "y": 180, "uvlock": true },
		{ "model": "block/stone_brick_stairs_inner12", "x": 180, "y": 180, "uvlock": true },
		{ "model": "block/stone_brick_stairs_inner13", "x": 180, "y": 180, "uvlock": true },
		{ "model": "block/stone_brick_stairs_inner14", "x": 180, "y": 180, "uvlock": true },
		{ "model": "block/stone_brick_stairs_inner15", "x": 180, "y": 180, "uvlock": true },
		{ "model": "block/stone_brick_stairs_inner16", "x": 180, "y": 180, "uvlock": true },
		{ "model": "block/stone_brick_stairs_inner17", "x": 180, "y": 180, "uvlock": true },
		{ "model": "block/stone_brick_stairs_inner18", "x": 180, "y": 180, "uvlock": true },
		{ "model": "block/stone_brick_stairs_inner19", "x": 180, "y": 180, "uvlock": true },
		{ "model": "block/stone_brick_stairs_inner20", "x": 180, "y": 180, "uvlock": true },
		{ "model": "block/stone_brick_stairs_inner21", "x": 180, "y": 180, "uvlock": true },
		{ "model": "block/stone_brick_stairs_inner22", "x": 180, "y": 180, "uvlock": true },
		{ "model": "block/stone_brick_stairs_inner23", "x": 180, "y": 180, "uvlock": true },
		{ "model": "block/stone_brick_stairs_inner24", "x": 180, "y": 180, "uvlock": true },
		{ "model": "block/stone_brick_stairs_inner25", "x": 180, "y": 180, "uvlock": true },
		{ "model": "block/stone_brick_stairs_inner26", "x": 180, "y": 180, "uvlock": true }	
],
        "facing=north,half=top,shape=inner_right": [
		{ "model": "block/stone_brick_stairs_inner", "x": 180, "uvlock": true },
		{ "model": "block/stone_brick_stairs_inner2", "x": 180, "uvlock": true },
		{ "model": "block/stone_brick_stairs_inner3", "x": 180, "uvlock": true },
		{ "model": "block/stone_brick_stairs_inner4", "x": 180, "uvlock": true },
		{ "model": "block/stone_brick_stairs_inner5", "x": 180, "uvlock": true },
		{ "model": "block/stone_brick_stairs_inner6", "x": 180, "uvlock": true },
		{ "model": "block/stone_brick_stairs_inner7", "x": 180, "uvlock": true },
		{ "model": "block/stone_brick_stairs_inner8", "x": 180, "uvlock": true },
		{ "model": "block/stone_brick_stairs_inner9", "x": 180, "uvlock": true },
		{ "model": "block/stone_brick_stairs_inner10", "x": 180, "uvlock": true },
		{ "model": "block/stone_brick_stairs_inner11", "x": 180, "uvlock": true },
		{ "model": "block/stone_brick_stairs_inner12", "x": 180, "uvlock": true },
		{ "model": "block/stone_brick_stairs_inner13", "x": 180, "uvlock": true },
		{ "model": "block/stone_brick_stairs_inner14", "x": 180, "uvlock": true },
		{ "model": "block/stone_brick_stairs_inner15", "x": 180, "uvlock": true },
		{ "model": "block/stone_brick_stairs_inner16", "x": 180, "uvlock": true },
		{ "model": "block/stone_brick_stairs_inner17", "x": 180, "uvlock": true },
		{ "model": "block/stone_brick_stairs_inner18", "x": 180, "uvlock": true },
		{ "model": "block/stone_brick_stairs_inner19", "x": 180, "uvlock": true },
		{ "model": "block/stone_brick_stairs_inner20", "x": 180, "uvlock": true },
		{ "model": "block/stone_brick_stairs_inner21", "x": 180, "uvlock": true },
		{ "model": "block/stone_brick_stairs_inner22", "x": 180, "uvlock": true },
		{ "model": "block/stone_brick_stairs_inner23", "x": 180, "uvlock": true },
		{ "model": "block/stone_brick_stairs_inner24", "x": 180, "uvlock": true },
		{ "model": "block/stone_brick_stairs_inner25", "x": 180, "uvlock": true },
		{ "model": "block/stone_brick_stairs_inner26", "x": 180, "uvlock": true }		
],
        "facing=east,half=top,shape=inner_left":  [
		{ "model": "block/stone_brick_stairs_inner", "x": 180, "uvlock": true },
		{ "model": "block/stone_brick_stairs_inner2", "x": 180, "uvlock": true },
		{ "model": "block/stone_brick_stairs_inner3", "x": 180, "uvlock": true },
		{ "model": "block/stone_brick_stairs_inner4", "x": 180, "uvlock": true },
		{ "model": "block/stone_brick_stairs_inner5", "x": 180, "uvlock": true },
		{ "model": "block/stone_brick_stairs_inner6", "x": 180, "uvlock": true },
		{ "model": "block/stone_brick_stairs_inner7", "x": 180, "uvlock": true },
		{ "model": "block/stone_brick_stairs_inner8", "x": 180, "uvlock": true },
		{ "model": "block/stone_brick_stairs_inner9", "x": 180, "uvlock": true },
		{ "model": "block/stone_brick_stairs_inner10", "x": 180, "uvlock": true },
		{ "model": "block/stone_brick_stairs_inner11", "x": 180, "uvlock": true },
		{ "model": "block/stone_brick_stairs_inner12", "x": 180, "uvlock": true },
		{ "model": "block/stone_brick_stairs_inner13", "x": 180, "uvlock": true },
		{ "model": "block/stone_brick_stairs_inner14", "x": 180, "uvlock": true },
		{ "model": "block/stone_brick_stairs_inner15", "x": 180, "uvlock": true },
		{ "model": "block/stone_brick_stairs_inner16", "x": 180, "uvlock": true },
		{ "model": "block/stone_brick_stairs_inner17", "x": 180, "uvlock": true },
		{ "model": "block/stone_brick_stairs_inner18", "x": 180, "uvlock": true },
		{ "model": "block/stone_brick_stairs_inner19", "x": 180, "uvlock": true },
		{ "model": "block/stone_brick_stairs_inner20", "x": 180, "uvlock": true },
		{ "model": "block/stone_brick_stairs_inner21", "x": 180, "uvlock": true },
		{ "model": "block/stone_brick_stairs_inner22", "x": 180, "uvlock": true },
		{ "model": "block/stone_brick_stairs_inner23", "x": 180, "uvlock": true },
		{ "model": "block/stone_brick_stairs_inner24", "x": 180, "uvlock": true },
		{ "model": "block/stone_brick_stairs_inner25", "x": 180, "uvlock": true },
		{ "model": "block/stone_brick_stairs_inner26", "x": 180, "uvlock": true }		
],
        "facing=west,half=top,shape=inner_left":  [
		{ "model": "block/stone_brick_stairs_inner", "x": 180, "y": 180, "uvlock": true },
		{ "model": "block/stone_brick_stairs_inner2", "x": 180, "y": 180, "uvlock": true },
		{ "model": "block/stone_brick_stairs_inner3", "x": 180, "y": 180, "uvlock": true },
		{ "model": "block/stone_brick_stairs_inner4", "x": 180, "y": 180, "uvlock": true },
		{ "model": "block/stone_brick_stairs_inner5", "x": 180, "y": 180, "uvlock": true },
		{ "model": "block/stone_brick_stairs_inner6", "x": 180, "y": 180, "uvlock": true },
		{ "model": "block/stone_brick_stairs_inner7", "x": 180, "y": 180, "uvlock": true },
		{ "model": "block/stone_brick_stairs_inner8", "x": 180, "y": 180, "uvlock": true },
		{ "model": "block/stone_brick_stairs_inner9", "x": 180, "y": 180, "uvlock": true },
		{ "model": "block/stone_brick_stairs_inner10", "x": 180, "y": 180, "uvlock": true },
		{ "model": "block/stone_brick_stairs_inner11", "x": 180, "y": 180, "uvlock": true },
		{ "model": "block/stone_brick_stairs_inner12", "x": 180, "y": 180, "uvlock": true },
		{ "model": "block/stone_brick_stairs_inner13", "x": 180, "y": 180, "uvlock": true },
		{ "model": "block/stone_brick_stairs_inner14", "x": 180, "y": 180, "uvlock": true },
		{ "model": "block/stone_brick_stairs_inner15", "x": 180, "y": 180, "uvlock": true },
		{ "model": "block/stone_brick_stairs_inner16", "x": 180, "y": 180, "uvlock": true },
		{ "model": "block/stone_brick_stairs_inner17", "x": 180, "y": 180, "uvlock": true },
		{ "model": "block/stone_brick_stairs_inner18", "x": 180, "y": 180, "uvlock": true },
		{ "model": "block/stone_brick_stairs_inner19", "x": 180, "y": 180, "uvlock": true },
		{ "model": "block/stone_brick_stairs_inner20", "x": 180, "y": 180, "uvlock": true },
		{ "model": "block/stone_brick_stairs_inner21", "x": 180, "y": 180, "uvlock": true },
		{ "model": "block/stone_brick_stairs_inner22", "x": 180, "y": 180, "uvlock": true },
		{ "model": "block/stone_brick_stairs_inner23", "x": 180, "y": 180, "uvlock": true },
		{ "model": "block/stone_brick_stairs_inner24", "x": 180, "y": 180, "uvlock": true },
		{ "model": "block/stone_brick_stairs_inner25", "x": 180, "y": 180, "uvlock": true },
		{ "model": "block/stone_brick_stairs_inner26", "x": 180, "y": 180, "uvlock": true }	
],
        "facing=south,half=top,shape=inner_left": [
		{ "model": "block/stone_brick_stairs_inner", "x": 180, "y": 90, "uvlock": true },
		{ "model": "block/stone_brick_stairs_inner2", "x": 180, "y": 90, "uvlock": true },
		{ "model": "block/stone_brick_stairs_inner3", "x": 180, "y": 90, "uvlock": true },
		{ "model": "block/stone_brick_stairs_inner4", "x": 180, "y": 90, "uvlock": true },
		{ "model": "block/stone_brick_stairs_inner5", "x": 180, "y": 90, "uvlock": true },
		{ "model": "block/stone_brick_stairs_inner6", "x": 180, "y": 90, "uvlock": true },
		{ "model": "block/stone_brick_stairs_inner7", "x": 180, "y": 90, "uvlock": true },
		{ "model": "block/stone_brick_stairs_inner8", "x": 180, "y": 90, "uvlock": true },
		{ "model": "block/stone_brick_stairs_inner9", "x": 180, "y": 90, "uvlock": true },
		{ "model": "block/stone_brick_stairs_inner10", "x": 180, "y": 90, "uvlock": true },
		{ "model": "block/stone_brick_stairs_inner11", "x": 180, "y": 90, "uvlock": true },
		{ "model": "block/stone_brick_stairs_inner12", "x": 180, "y": 90, "uvlock": true },
		{ "model": "block/stone_brick_stairs_inner13", "x": 180, "y": 90, "uvlock": true },
		{ "model": "block/stone_brick_stairs_inner14", "x": 180, "y": 90, "uvlock": true },
		{ "model": "block/stone_brick_stairs_inner15", "x": 180, "y": 90, "uvlock": true },
		{ "model": "block/stone_brick_stairs_inner16", "x": 180, "y": 90, "uvlock": true },
		{ "model": "block/stone_brick_stairs_inner17", "x": 180, "y": 90, "uvlock": true },
		{ "model": "block/stone_brick_stairs_inner18", "x": 180, "y": 90, "uvlock": true },
		{ "model": "block/stone_brick_stairs_inner19", "x": 180, "y": 90, "uvlock": true },
		{ "model": "block/stone_brick_stairs_inner20", "x": 180, "y": 90, "uvlock": true },
		{ "model": "block/stone_brick_stairs_inner21", "x": 180, "y": 90, "uvlock": true },
		{ "model": "block/stone_brick_stairs_inner22", "x": 180, "y": 90, "uvlock": true },
		{ "model": "block/stone_brick_stairs_inner23", "x": 180, "y": 90, "uvlock": true },
		{ "model": "block/stone_brick_stairs_inner24", "x": 180, "y": 90, "uvlock": true },
		{ "model": "block/stone_brick_stairs_inner25", "x": 180, "y": 90, "uvlock": true },
		{ "model": "block/stone_brick_stairs_inner26", "x": 180, "y": 90, "uvlock": true }	
],
        "facing=north,half=top,shape=inner_left": [
		{ "model": "block/stone_brick_stairs_inner", "x": 180, "y": 270, "uvlock": true },
		{ "model": "block/stone_brick_stairs_inner2", "x": 180, "y": 270, "uvlock": true },
		{ "model": "block/stone_brick_stairs_inner3", "x": 180, "y": 270, "uvlock": true },
		{ "model": "block/stone_brick_stairs_inner4", "x": 180, "y": 270, "uvlock": true },
		{ "model": "block/stone_brick_stairs_inner5", "x": 180, "y": 270, "uvlock": true },
		{ "model": "block/stone_brick_stairs_inner6", "x": 180, "y": 270, "uvlock": true },
		{ "model": "block/stone_brick_stairs_inner7", "x": 180, "y": 270, "uvlock": true },
		{ "model": "block/stone_brick_stairs_inner8", "x": 180, "y": 270, "uvlock": true },
		{ "model": "block/stone_brick_stairs_inner9", "x": 180, "y": 270, "uvlock": true },
		{ "model": "block/stone_brick_stairs_inner10", "x": 180, "y": 270, "uvlock": true },
		{ "model": "block/stone_brick_stairs_inner11", "x": 180, "y": 270, "uvlock": true },
		{ "model": "block/stone_brick_stairs_inner12", "x": 180, "y": 270, "uvlock": true },
		{ "model": "block/stone_brick_stairs_inner13", "x": 180, "y": 270, "uvlock": true },
		{ "model": "block/stone_brick_stairs_inner14", "x": 180, "y": 270, "uvlock": true },
		{ "model": "block/stone_brick_stairs_inner15", "x": 180, "y": 270, "uvlock": true },
		{ "model": "block/stone_brick_stairs_inner16", "x": 180, "y": 270, "uvlock": true },
		{ "model": "block/stone_brick_stairs_inner17", "x": 180, "y": 270, "uvlock": true },
		{ "model": "block/stone_brick_stairs_inner18", "x": 180, "y": 270, "uvlock": true },
		{ "model": "block/stone_brick_stairs_inner19", "x": 180, "y": 270, "uvlock": true },
		{ "model": "block/stone_brick_stairs_inner20", "x": 180, "y": 270, "uvlock": true },
		{ "model": "block/stone_brick_stairs_inner21", "x": 180, "y": 270, "uvlock": true },
		{ "model": "block/stone_brick_stairs_inner22", "x": 180, "y": 270, "uvlock": true },
		{ "model": "block/stone_brick_stairs_inner23", "x": 180, "y": 270, "uvlock": true },
		{ "model": "block/stone_brick_stairs_inner24", "x": 180, "y": 270, "uvlock": true },
		{ "model": "block/stone_brick_stairs_inner25", "x": 180, "y": 270, "uvlock": true },
		{ "model": "block/stone_brick_stairs_inner26", "x": 180, "y": 270, "uvlock": true }	
]
    }
}
