{
    "variants": {
        "": [ 
					{ "model": "block/stone_bricks" },
					{ "model": "block/stone_bricks2" },
					{ "model": "block/stone_bricks3" },
					{ "model": "block/stone_bricks4" },
					{ "model": "block/stone_bricks5" },
					{ "model": "block/stone_bricks6" },
					{ "model": "block/stone_bricks7" },
					{ "model": "block/stone_bricks8" },
					{ "model": "block/stone_bricks9" },
					{ "model": "block/stone_bricks10" },
					{ "model": "block/stone_bricks11" },
					{ "model": "block/stone_bricks12" },
					{ "model": "block/stone_bricks13" },
					{ "model": "block/stone_bricks14" },
					{ "model": "block/stone_bricks15" },
					{ "model": "block/stone_bricks16" },
					{ "model": "block/stone_bricks17" },
					{ "model": "block/stone_bricks18" },
					{ "model": "block/stone_bricks19" },
					{ "model": "block/stone_bricks20" },
					{ "model": "block/stone_bricks21" },
					{ "model": "block/stone_bricks22" },
					{ "model": "block/stone_bricks23" },
					{ "model": "block/stone_bricks24" },
					{ "model": "block/stone_bricks25" },
					{ "model": "block/stone_bricks26" } ]   
}
}
