{
  "multipart": [
    {
      "when": {
        "south": "true"
      },
      "apply": [  {
        "model": "minecraft:block/vine",
        "y": 180,
        "uvlock": true
      },
{
        "model": "minecraft:block/vine2",
        "y": 180,
        "uvlock": true
      },
{
        "model": "minecraft:block/vine3",
        "y": 180,
        "uvlock": true
      }  ]
    },
    {
      "when": {
        "up": "true"
      },
      "apply": [  {
        "model": "minecraft:block/vine",
        "x": 270,
        "uvlock": true
      },
{
        "model": "minecraft:block/vine2",
        "x": 270,
        "uvlock": true
      },
{
        "model": "minecraft:block/vine3",
        "x": 270,
        "uvlock": true
      }  ]
    },
    {
      "when": {
        "north": "true"
      },
      "apply": [ {
        "model": "minecraft:block/vine"
      },
{
        "model": "minecraft:block/vine2"
      },
{
        "model": "minecraft:block/vine3"
      }  ]
    },
    {
      "when": {
        "east": "true"
      },
      "apply": [ {
        "model": "minecraft:block/vine",
        "y": 90,
        "uvlock": true
      },
{
        "model": "minecraft:block/vine2",
        "y": 90,
        "uvlock": true
      },
{
        "model": "minecraft:block/vine3",
        "y": 90,
        "uvlock": true
      }  ]
    },
    {
      "when": {
        "west": "true"
      },
      "apply": [  {
        "model": "minecraft:block/vine",
        "y": 270,
        "uvlock": true
      },
{
        "model": "minecraft:block/vine2",
        "y": 270,
        "uvlock": true
      },
{
        "model": "minecraft:block/vine3",
        "y": 270,
        "uvlock": true
      }  ]
    }
  ]
}